0,0,0,0,0,0,0,0,0,0,0,0,0,0,0,0,0,0,0,0,0,0,0,0,0,0,0,0,0,0,0,0,0,0,0,0,0,0,0,0,0,0,0,0,0,0,0,0,0,0,0,0,0,0,0,0,0,0,0,0,0,0,0,0,0,0,0,0,0,0,0,0,0,0,0,0,0,0,0,0,0,0,0,0,0,0,0,0,0,0,0,0,0,0,0,0,0,0,0,0,0,0,0,0,0,0,0,0,0,0,0,0,0,0,0,0,0,0,0,0,0,0,0,0,0,0,0,0,0,0,0,0,0,0,0,0,0,0,0,0,0,0,0,0,0,0,0,0,0,0,0,0,0,0,0,0,0,0,0,0,0,0,0,0,0,0,0,0,0,0,0,0,0,0,0,0,0,0,0,0,0,0,0,0,0,0,0,0,0,0,0,0,0,0,0,0,0,0,0,0,0
0,0,0,0,0,0,0,0,0,0,0,0,0,0,0,0,0,0,0,0,0,0,0,0,0,0,0,0,0,0,0,0,0,0,0,0,0,0,0,0,0,0,0,0,0,0,0,0,0,0,0,0,0,0,0,0,0,0,0,0,0,0,0,0,0,0,0,0,0,0,0,0,0,0,0,0,0,0,0,0,0,0,0,0,0,0,0,0,0,0,0,0,0,0,0,0,0,0,0,0,0,0,0,0,0,0,0,0,0,0,0,0,0,0,0,0,0,0,0,0,0,0,0,0,0,0,0,0,0,0,0,0,0,0,0,0,0,0,0,0,0,0,0,0,0,0,0,0,0,0,0,0,0,0,0,0,0,0,0,0,0,0,0,0,0,0,0,0,0,0,0,0,0,0,0,0,0,0,0,0,0,0,0,0,0,0,0,0,0,0,0,0,0,0,0,0,0,0,0,0,0
0,0,0,0,0,0,0,0,0,0,0,0,0,0,0,0,0,0,0,0,0,0,0,0,0,0,0,0,0,0,0,0,0,0,0,0,0,0,0,0,0,0,0,0,0,0,0,0,0,0,0,0,0,0,0,0,0,0,0,0,0,0,0,0,0,0,0,0,0,0,0,0,0,0,0,0,0,0,0,0,0,0,0,0,0,0,0,0,0,0,0,0,0,0,0,0,0,0,0,0,0,0,0,0,0,0,0,0,0,0,0,0,0,0,0,0,0,0,0,0,0,0,0,0,0,0,0,0,0,0,0,0,0,0,0,0,0,0,0,0,0,0,0,0,0,0,0,0,0,0,0,0,0,0,0,0,0,0,0,0,0,0,0,0,0,0,0,0,0,0,0,0,0,0,0,0,0,0,0,0,0,0,0,0,0,0,0,0,0,0,0,0,0,0,0,0,0,0,0,0,0
0,0,0,0,0,0,0,0,0,0,0,0,0,0,0,0,0,0,0,0,0,0,0,0,0,0,0,0,0,0,0,0,0,0,0,0,0,0,0,0,0,0,0,0,0,0,0,0,0,0,0,0,0,0,0,0,0,0,0,0,0,0,0,0,0,0,0,0,0,0,0,0,0,0,0,0,0,0,0,0,0,0,0,0,0,0,0,0,0,0,0,0,0,0,0,0,0,0,0,0,0,0,0,0,0,0,0,0,0,0,0,0,0,0,0,0,0,0,0,0,0,0,0,0,0,0,0,0,0,0,0,0,0,0,0,0,0,0,0,0,0,0,0,0,0,0,0,0,0,0,0,0,0,0,0,0,0,0,0,0,0,0,0,0,0,0,0,0,0,0,0,0,0,0,0,0,0,0,0,0,0,0,0,0,0,0,0,0,0,0,0,0,0,0,0,0,0,0,0,0,0
0,0,0,0,0,0,0,0,0,0,0,0,0,0,0,0,0,0,0,0,0,0,0,0,0,0,0,0,0,0,0,0,0,0,0,0,0,0,0,0,0,0,0,0,0,0,0,0,0,0,0,0,0,0,0,0,0,0,0,0,0,0,0,0,0,0,0,0,0,0,0,0,0,0,0,0,0,0,0,0,0,0,0,0,0,0,0,0,0,0,0,0,0,0,0,0,0,0,0,0,0,0,0,0,0,0,0,0,0,0,0,0,0,0,0,0,0,0,0,0,0,0,0,0,0,0,0,0,0,0,0,0,0,0,0,0,0,0,0,0,0,0,0,0,0,0,0,0,0,0,0,0,0,0,0,0,0,0,0,0,0,0,0,0,0,0,0,0,0,0,0,0,0,0,0,0,0,0,0,0,0,0,0,0,0,0,0,0,0,0,0,0,0,0,0,0,0,0,0,0,0
0,0,0,0,0,0,0,0,0,0,0,0,0,0,0,0,0,0,0,0,0,0,0,0,0,0,0,0,0,0,0,0,0,0,0,0,0,0,0,0,0,0,0,0,0,0,0,0,0,0,0,0,0,0,0,0,0,0,0,0,0,0,0,0,0,0,0,0,0,0,0,0,0,0,0,0,0,0,0,0,0,0,0,0,0,0,0,0,0,0,0,0,0,0,0,0,0,0,0,0,0,0,0,0,0,0,0,0,0,0,0,0,0,0,0,0,0,0,0,0,0,0,0,0,0,0,0,0,0,0,0,0,0,0,0,0,0,0,0,0,0,0,0,0,0,0,0,0,0,0,0,0,0,0,0,0,0,0,0,0,0,0,0,0,0,0,0,0,0,0,0,0,0,0,0,0,0,0,0,0,0,0,0,0,0,0,0,0,0,0,0,0,0,0,0,0,0,0,0,0,0
0,0,0,0,0,0,0,0,0,0,0,0,0,0,0,0,0,0,0,0,0,0,0,0,0,0,0,0,0,0,0,0,0,0,0,0,0,0,0,0,0,0,0,0,0,0,0,0,0,0,0,0,0,0,0,0,0,0,0,0,0,0,0,0,0,0,0,0,0,0,0,0,0,0,0,0,0,0,0,0,0,0,0,0,0,0,0,0,0,0,0,0,0,0,0,0,0,0,0,0,0,0,0,0,0,0,0,0,0,0,0,0,0,0,0,0,0,0,0,0,0,0,0,0,0,0,0,0,0,0,0,0,0,0,0,0,0,0,0,0,0,0,0,0,0,0,0,0,0,0,0,0,0,0,0,0,0,0,0,0,0,0,0,0,0,0,0,0,0,0,0,0,0,0,0,0,0,0,0,0,0,0,0,0,0,0,0,0,0,0,0,0,0,0,0,0,0,0,0,0,0
0,0,0,0,0,0,0,0,0,0,0,0,0,0,0,0,0,0,0,0,0,0,0,0,0,0,0,0,0,0,0,0,0,0,0,0,0,0,0,0,0,0,0,0,0,0,0,0,0,0,0,0,0,0,0,0,0,0,0,0,0,0,0,0,0,0,0,0,0,0,0,0,0,0,0,0,0,0,0,0,0,0,0,0,0,0,0,0,0,0,0,0,0,0,0,0,0,0,0,0,0,0,0,0,0,0,0,0,0,0,0,0,0,0,0,0,0,0,0,0,0,0,0,0,0,0,0,0,0,0,0,0,0,0,0,0,0,0,0,0,0,0,0,0,0,0,0,0,0,0,0,0,0,0,0,0,0,0,0,0,0,0,0,0,0,0,0,0,0,0,0,0,0,0,0,0,0,0,0,0,0,0,0,0,0,0,0,0,0,0,0,0,0,0,0,0,0,0,0,0,0
0,0,0,0,0,0,0,0,0,0,0,0,0,0,0,0,0,0,0,0,0,0,0,0,0,0,0,0,0,0,0,0,0,0,0,0,0,0,0,0,0,0,0,0,0,0,0,0,0,0,0,0,0,0,0,0,0,0,0,0,0,0,0,0,0,0,0,0,0,0,0,0,0,0,0,0,0,0,0,0,0,0,0,0,0,0,0,0,0,0,0,0,0,0,0,0,0,0,0,0,0,0,0,0,0,0,0,0,0,0,0,0,0,0,0,0,0,0,0,0,0,0,0,0,0,0,0,0,0,0,0,0,0,0,0,0,0,0,0,0,0,0,0,0,0,0,0,0,0,0,0,0,0,0,0,0,0,0,0,0,0,0,0,0,0,0,0,0,0,0,0,0,0,0,0,0,0,0,0,0,0,0,0,0,0,0,0,0,0,0,0,0,0,0,0,0,0,0,0,0,0
0,0,0,0,0,0,0,0,0,0,0,0,0,0,0,0,0,0,0,0,0,0,0,0,0,0,0,0,0,0,0,0,0,0,0,0,0,0,0,0,0,0,0,0,0,0,0,0,0,0,0,0,0,0,0,0,0,0,0,0,0,0,0,0,0,0,0,0,0,0,0,0,0,0,0,0,0,0,0,0,0,0,0,0,0,0,0,0,0,0,0,0,0,0,0,0,0,0,0,0,0,0,0,0,0,0,0,0,0,0,0,0,0,0,0,0,0,0,0,0,0,0,0,0,0,0,0,0,0,0,0,0,0,0,0,0,0,0,0,0,0,0,0,0,0,0,0,0,0,0,0,0,0,0,0,0,0,0,0,0,0,0,0,0,0,0,0,0,0,0,0,0,0,0,0,0,0,0,0,0,0,0,0,0,0,0,0,0,0,0,0,0,0,0,0,0,0,0,0,0,0
0,0,0,0,0,0,0,0,0,0,0,0,0,0,0,0,0,0,0,0,0,0,0,0,0,0,0,0,0,0,0,0,0,0,0,0,0,0,0,0,0,0,0,0,0,0,0,0,0,0,0,0,0,0,0,0,0,0,0,0,0,0,0,0,0,0,0,0,0,0,0,0,0,0,0,0,0,0,0,0,0,0,0,0,0,0,0,0,0,0,0,0,0,0,0,0,0,0,0,0,0,0,0,0,0,0,0,0,0,0,0,0,0,0,0,0,0,0,0,0,0,0,0,0,0,0,0,0,0,0,0,0,0,0,0,0,0,0,0,0,0,0,0,0,0,0,0,0,0,0,0,0,0,0,0,0,0,0,0,0,0,0,0,0,0,0,0,0,0,0,0,0,0,0,0,0,0,0,0,0,0,0,0,0,0,0,0,0,0,0,0,0,0,0,0,0,0,0,0,0,0
0,0,0,0,0,0,0,0,0,0,0,0,0,0,0,0,0,0,0,0,0,0,0,0,0,0,0,0,0,0,0,0,0,0,0,0,0,0,0,0,0,0,0,0,0,0,0,0,0,0,0,0,0,0,0,0,0,0,0,0,0,0,0,0,0,0,0,0,0,0,0,0,0,0,0,0,0,0,0,0,0,0,0,0,0,0,0,0,0,0,0,0,0,0,0,0,0,0,0,0,0,0,0,0,0,0,0,0,0,0,0,0,0,0,0,0,0,0,0,0,0,0,0,0,0,0,0,0,0,0,0,0,0,0,0,0,0,0,0,0,0,0,0,0,0,0,0,0,0,0,0,0,0,0,0,0,0,0,0,0,0,0,0,0,0,0,0,0,0,0,0,0,0,0,0,0,0,0,0,0,0,0,0,0,0,0,0,0,0,0,0,0,0,0,0,0,0,0,0,0,0
0,0,0,0,0,0,0,0,0,0,0,0,0,0,0,0,0,0,0,0,0,0,0,0,0,0,0,0,0,0,0,0,0,0,0,0,0,0,0,0,0,0,0,0,0,0,0,0,0,0,0,0,0,0,0,0,0,0,0,0,0,0,0,0,0,0,0,0,0,0,0,0,0,0,0,0,0,0,0,0,0,0,0,0,0,0,0,0,0,0,0,0,0,0,0,0,0,0,0,0,0,0,0,0,0,0,0,0,0,0,0,0,0,0,0,0,0,0,0,0,0,0,0,0,0,0,0,0,0,0,0,0,0,0,0,0,0,0,0,0,0,0,0,0,0,0,0,0,0,0,0,0,0,0,0,0,0,0,0,0,0,0,0,0,0,0,0,0,0,0,0,0,0,0,0,0,0,0,0,0,0,0,0,0,0,0,0,0,0,0,0,0,0,0,0,0,0,0,0,0,0
0,0,0,0,0,0,0,0,0,0,0,0,0,0,0,0,0,0,0,0,0,0,0,0,0,0,0,0,0,0,0,0,0,0,0,0,0,0,0,0,0,0,0,0,0,0,0,0,0,0,0,0,0,0,0,0,0,0,0,0,0,0,0,0,0,0,0,0,0,0,0,0,0,0,0,0,0,0,0,0,0,0,0,0,0,0,0,0,0,0,0,0,0,0,0,0,0,0,0,0,0,0,0,0,0,0,0,0,0,0,0,0,0,0,0,0,0,0,0,0,0,0,0,0,0,0,0,0,0,0,0,0,0,0,0,0,0,0,0,0,0,0,0,0,0,0,0,0,0,0,0,0,0,0,0,0,0,0,0,0,0,0,0,0,0,0,0,0,0,0,0,0,0,0,0,0,0,0,0,0,0,0,0,0,0,0,0,0,0,0,0,0,0,0,0,0,0,0,0,0,0
0,0,0,0,0,0,0,0,0,0,0,0,0,0,0,0,0,0,0,0,0,0,0,0,0,0,0,0,0,0,0,0,0,0,0,0,0,0,0,0,0,0,0,0,0,0,0,0,0,0,0,0,0,0,0,0,0,0,0,0,0,0,0,0,0,0,0,0,0,0,0,0,0,0,0,0,0,0,0,0,0,0,0,0,0,0,0,0,0,0,0,0,0,0,0,0,0,0,0,0,0,0,0,0,0,0,0,0,0,0,0,0,0,0,0,0,0,0,0,0,0,0,0,0,0,0,0,0,0,0,0,0,0,0,0,0,0,0,0,0,0,0,0,0,0,0,0,0,0,0,0,0,0,0,0,0,0,0,0,0,0,0,0,0,0,0,0,0,0,0,0,0,0,0,0,0,0,0,0,0,0,0,0,0,0,0,0,0,0,0,0,0,0,0,0,0,0,0,0,0,0
0,0,0,0,0,0,0,0,0,0,0,0,0,0,0,0,0,0,0,0,0,0,0,0,0,0,0,0,0,0,0,0,0,0,0,0,0,0,0,0,0,0,0,0,0,0,0,0,0,0,0,0,0,0,0,0,0,0,0,0,0,0,0,0,0,0,0,0,0,0,0,0,0,0,0,0,0,0,0,0,0,0,0,0,0,0,0,0,0,0,0,0,0,0,0,0,0,0,0,0,0,0,0,0,0,0,0,0,0,0,0,0,0,0,0,0,0,0,0,0,0,0,0,0,0,0,0,0,0,0,0,0,0,0,0,0,0,0,0,0,0,0,0,0,0,0,0,0,0,0,0,0,0,0,0,0,0,0,0,0,0,0,0,0,0,0,0,0,0,0,0,0,0,0,0,0,0,0,0,0,0,0,0,0,0,0,0,0,0,0,0,0,0,0,0,0,0,0,0,0,0
0,0,0,0,0,0,0,0,0,0,0,0,0,0,0,0,0,0,0,0,0,0,0,0,0,0,0,0,0,0,0,0,0,0,0,0,0,0,0,0,0,0,0,0,0,0,0,0,0,0,0,0,0,0,0,0,0,0,0,0,0,0,0,0,0,0,0,0,0,0,0,0,0,0,0,0,0,0,0,0,0,0,0,0,0,0,0,0,0,0,0,0,0,0,0,0,0,0,0,0,0,0,0,0,0,0,0,0,0,0,0,0,0,0,0,0,0,0,0,0,0,0,0,0,0,0,0,0,0,0,0,0,0,0,0,0,0,0,0,0,0,0,0,0,0,0,0,0,0,0,0,0,0,0,0,0,0,0,0,0,0,0,0,0,0,0,0,0,0,0,0,0,0,0,0,0,0,0,0,0,0,0,0,0,0,0,0,0,0,0,0,0,0,0,0,0,0,0,0,0,0
0,0,0,0,0,0,0,0,0,0,0,0,0,0,0,0,0,0,0,0,0,0,0,0,0,0,0,0,0,0,0,0,0,0,0,0,0,0,0,0,0,0,0,0,0,0,0,0,0,0,0,0,0,0,0,0,0,0,0,0,0,0,0,0,0,0,0,0,0,0,0,0,0,0,0,0,0,0,0,0,0,0,0,0,0,0,0,0,0,0,0,0,0,0,0,0,0,0,0,0,0,0,0,0,0,0,0,0,0,0,0,0,0,0,0,0,0,0,0,0,0,0,0,0,0,0,0,0,0,0,0,0,0,0,0,0,0,0,0,0,0,0,0,0,0,0,0,0,0,0,0,0,0,0,0,0,0,0,0,0,0,0,0,0,0,0,0,0,0,0,0,0,0,0,0,0,0,0,0,0,0,0,0,0,0,0,0,0,0,0,0,0,0,0,0,0,0,0,0,0,0
0,0,0,0,0,0,0,0,0,0,0,0,0,0,0,0,0,0,0,0,0,0,0,0,0,0,0,0,0,0,0,0,0,0,0,0,0,0,0,0,0,0,0,0,0,0,0,0,0,0,0,0,0,0,0,0,0,0,0,0,0,0,0,0,0,0,0,0,0,0,0,0,0,0,0,0,0,0,0,0,0,0,0,0,0,0,0,0,0,0,0,0,0,0,0,0,0,0,0,0,0,0,0,0,0,0,0,0,0,0,0,0,0,0,0,0,0,0,0,0,0,0,0,0,0,0,0,0,0,0,0,0,0,0,0,0,0,0,0,0,0,0,0,0,0,0,0,0,0,0,0,0,0,0,0,0,0,0,0,0,0,0,0,0,0,0,0,0,0,0,0,0,0,0,0,0,0,0,0,0,0,0,0,0,0,0,0,0,0,0,0,0,0,0,0,0,0,0,0,0,0
0,0,0,0,0,0,0,0,0,0,0,0,0,0,0,0,0,0,0,0,0,0,0,0,0,0,0,0,0,0,0,0,0,0,0,0,0,0,0,0,0,0,0,0,0,0,0,0,0,0,0,0,0,0,0,0,0,0,0,0,0,0,0,0,0,0,0,0,0,0,0,0,0,0,0,0,0,0,0,0,0,0,0,0,0,0,0,0,0,0,0,0,0,0,0,0,0,0,0,0,0,0,0,0,0,0,0,0,0,0,0,0,0,0,0,0,0,0,0,0,0,0,0,0,0,0,0,0,0,0,0,0,0,0,0,0,0,0,0,0,0,0,0,0,0,0,0,0,0,0,0,0,0,0,0,0,0,0,0,0,0,0,0,0,0,0,0,0,0,0,0,0,0,0,0,0,0,0,0,0,0,0,0,0,0,0,0,0,0,0,0,0,0,0,0,0,0,0,0,0,0
0,0,0,0,0,0,0,0,0,0,0,0,0,0,0,0,0,0,0,0,0,0,0,0,0,0,0,0,0,0,0,0,0,0,0,0,0,0,0,0,0,0,0,0,0,0,0,0,0,0,0,0,0,0,0,0,0,0,0,0,0,0,0,0,0,0,0,0,0,0,0,0,0,0,0,0,0,0,0,0,0,0,0,0,0,0,0,0,0,0,0,0,0,0,0,0,0,0,0,0,0,0,0,0,0,0,0,0,0,0,0,0,0,0,0,0,0,0,0,0,0,0,0,0,0,0,0,0,0,0,0,0,0,0,0,0,0,0,0,0,0,0,0,0,0,0,0,0,0,0,0,0,0,0,0,0,0,0,0,0,0,0,0,0,0,0,0,0,0,0,0,0,0,0,0,0,0,0,0,0,0,0,0,0,0,0,0,0,0,0,0,0,0,0,0,0,0,0,0,0,0
0,0,0,0,0,0,0,0,0,0,0,0,0,0,0,0,0,0,0,0,0,0,0,0,0,0,0,0,0,0,0,0,0,0,0,0,0,0,0,0,0,0,0,0,0,0,0,0,0,0,0,0,0,0,0,0,0,0,0,0,0,0,0,0,0,0,0,0,0,0,0,0,0,0,0,0,0,0,0,0,0,0,0,0,0,0,0,0,0,0,0,0,0,0,0,0,0,0,0,0,0,0,0,0,0,0,0,0,0,0,0,0,0,0,0,0,0,0,0,0,0,0,0,0,0,0,0,0,0,0,0,0,0,0,0,0,0,0,0,0,0,0,0,0,0,0,0,0,0,0,0,0,0,0,0,0,0,0,0,0,0,0,0,0,0,0,0,0,0,0,0,0,0,0,0,0,0,0,0,0,0,0,0,0,0,0,0,0,0,0,0,0,0,0,0,0,0,0,0,0,0
0,0,0,0,0,0,0,0,0,0,0,0,0,0,0,0,0,0,0,0,0,0,0,0,0,0,0,0,0,0,0,0,0,0,0,0,0,0,0,0,0,0,0,0,0,0,0,0,0,0,0,0,0,0,0,0,0,0,0,0,0,0,0,0,0,0,0,0,0,0,0,0,0,0,0,0,0,0,0,0,0,0,0,0,0,0,0,0,0,0,0,0,0,0,0,0,0,0,0,0,0,0,0,0,0,0,0,0,0,0,0,0,0,0,0,0,0,0,0,0,0,0,0,0,0,0,0,0,0,0,0,0,0,0,0,0,0,0,0,0,0,0,0,0,0,0,0,0,0,0,0,0,0,0,0,0,0,0,0,0,0,0,0,0,0,0,0,0,0,0,0,0,0,0,0,0,0,0,0,0,0,0,0,0,0,0,0,0,0,0,0,0,0,0,0,0,0,0,0,0,0
0,0,0,0,0,0,0,0,0,0,0,0,0,0,0,0,0,0,0,0,0,0,0,0,0,0,0,0,0,0,0,0,0,0,0,0,0,0,0,0,0,0,0,0,0,0,0,0,0,0,0,0,0,0,0,0,0,0,0,0,0,0,0,0,0,0,0,0,0,0,0,0,0,0,0,0,0,0,0,0,0,0,0,0,0,0,0,0,0,0,0,0,0,0,0,0,0,0,0,0,0,0,0,0,0,0,0,0,0,0,0,0,0,0,0,0,0,0,0,0,0,0,0,0,0,0,0,0,0,0,0,0,0,0,0,0,0,0,0,0,0,0,0,0,0,0,0,0,0,0,0,0,0,0,0,0,0,0,0,0,0,0,0,0,0,0,0,0,0,0,0,0,0,0,0,0,0,0,0,0,0,0,0,0,0,0,0,0,0,0,0,0,0,0,0,0,0,0,0,0,0
0,0,0,0,0,0,0,0,0,0,0,0,0,0,0,0,0,0,0,0,0,0,0,0,0,0,0,0,0,0,0,0,0,0,0,0,0,0,0,0,0,0,0,0,0,0,0,0,0,0,0,0,0,0,0,0,0,0,0,0,0,0,0,0,0,0,0,0,0,0,0,0,0,0,0,0,0,0,0,0,0,0,0,0,0,0,0,0,0,0,0,0,0,0,0,0,0,0,0,0,0,0,0,0,0,0,0,0,0,0,0,0,0,0,0,0,0,0,0,0,0,0,0,0,0,0,0,0,0,0,0,0,0,0,0,0,0,0,0,0,0,0,0,0,0,0,0,0,0,0,0,0,0,0,0,0,0,0,0,0,0,0,0,0,0,0,0,0,0,0,0,0,0,0,0,0,0,0,0,0,0,0,0,0,0,0,0,0,0,0,0,0,0,0,0,0,0,0,0,0,0
0,0,0,0,0,0,0,0,0,0,0,0,0,0,0,0,0,0,0,0,0,0,0,0,0,0,0,0,0,0,0,0,0,0,0,0,0,0,0,0,0,0,0,0,0,0,0,0,0,0,0,0,0,0,0,0,0,0,0,0,0,0,0,0,0,0,0,0,0,0,0,0,0,0,0,0,0,0,0,0,0,0,0,0,0,0,0,0,0,0,0,0,0,0,0,0,0,0,0,0,0,0,0,0,0,0,0,0,0,0,0,0,0,0,0,0,0,0,0,0,0,0,0,0,0,0,0,0,0,0,0,0,0,0,0,0,0,0,0,0,0,0,0,0,0,0,0,0,0,0,0,0,0,0,0,0,0,0,0,0,0,0,0,0,0,0,0,0,0,0,0,0,0,0,0,0,0,0,0,0,0,0,0,0,0,0,0,0,0,0,0,0,0,0,0,0,0,0,0,0,0
0,0,0,0,0,0,0,0,0,0,0,0,0,0,0,0,0,0,0,0,0,0,0,0,0,0,0,0,0,0,0,0,0,0,0,0,0,0,0,0,0,0,0,0,0,0,0,0,0,0,0,0,0,0,0,0,0,0,0,0,0,0,0,0,0,0,0,0,0,0,0,0,0,0,0,0,0,0,0,0,0,0,0,0,0,0,0,0,0,0,0,0,0,0.45453,0.098213,0.33676,1.5592,1.4713,0.98027,1.4326,0.87833,0.91086,4.0073,6.5432,1.275,0.49009,0.098906,0.22584,0,0,0,0,0,0,0,0,0,0,0,0,0,0,0,0,0,0,0,0,0,0,0,0,0,0,0,0,0,0,0,0,0,0,0,0,0,0,0,0,0,0,0,0,0,0,0,0,0,0,0,0,0,0,0,0,0,0,0,0,0,0,0,0,0,0,0,0,0,0,0,0,0,0,0,0,0,0,0,0,0,0,0,0,0,0,0,0,0,0,0,0,0
0,0,0,0,0,0,0,0,0,0,0,0,0,0,0,0,0,0,0,0,0,0,0,0,0,0,0,0,0,0,0,0,0,0,0,0,0,0,0,0,0,0,0,0,0,0,0,0,0,0,0,0,0,0,0,0,0,0,0,0,0,0,0,0,0,0,0,0,0,0,0,0,0,0,0,0,0,0,0,0,0,0,0,0,0,0,0,0,0,0.075667,1.093,3.3198,2.9894,2.9211,3.6319,4.9041,4.0465,2.7436,2.8834,3.657,4.4374,2.7361,2.8032,2.8067,3.2189,2.9536,2.5593,4.7209,1.6367,2.945,2.9092,0,0,0,0,0,0,0,0,0,0,0,0,0,0,0,0,0,0,0,0,0,0,0,0,0,0,0,0,0,0,0,0,0,0,0,0,0,0,0,0,0,0,0,0,0,0,0,0,0,0,0,0,0,0,0,0,0,0,0,0,0,0,0,0,0,0,0,0,0,0,0,0,0,0,0,0,0,0,0,0,0,0,0,0,0,0,0,0,0,0
0,0,0,0,0,0,0,0,0,0,0,0,0,0,0,0,0,0,0,0,0,0,0,0,0,0,0,0,0,0,0,0,0,0,0,0,0,0,0,0,0,0,0,0,0,0,0,0,0,0,0,0,0,0,0,0,0,0,0,0,0,0,0,0,0,0,0,0,0,0,0,0,0,0,0,0,0,0,0,0,0,0,0,0,0.95014,0.49412,0.70137,1.2781,3.0978,3.0335,2.9932,3.3826,4.9035,3.8462,4.4251,3.6397,2.6999,3.4087,3.5946,4.0105,5.0086,3.6669,3.5091,3.1301,3.222,3.63,3.3358,2.84,3.9019,3.3427,2.9966,2.3595,2.1908,1.167,4.3862,0.95995,0,0,0,0,0,0,0,0,0,0,0,0,0,0,0,0,0,0,0,0,0,0,0,0,0,0,0,0,0,0,0,0,0,0,0,0,0,0,0,0,0,0,0,0,0,0,0,0,0,0,0,0,0,0,0,0,0,0,0,0,0,0,0,0,0,0,0,0,0,0,0,0,0,0,0,0,0,0,0,0,0,0,0,0,0
0,0,0,0,0,0,0,0,0,0,0,0,0,0,0,0,0,0,0,0,0,0,0,0,0,0,0,0,0,0,0,0,0,0,0,0,0,0,0,0,0,0,0,0,0,0,0,0,0,0,0,0,0,0,0,0,0,0,0,0,0,0,0,0,0,0,0,0,0,0,0,0,0,0,0,0,0,0,0,0.87764,1.3175,1.6761,7.7782,2.6029,4.1902,2.2174,4.254,4.1031,4.22,3.5082,4.0956,3.9918,4.0319,4.0999,3.6399,4.1938,4.4633,4.9501,3.1783,3.0888,3.7261,4.2283,4.187,4.5237,3.164,3.8674,4.3892,4.3701,4.4738,4.15,3.0848,3.7939,4.3308,3.5956,2.4508,3.582,2.7118,0.31187,0.9922,3.8229,0.64865,0.95248,0,0,0,0,0,0,0,0,0,0,0,0,0,0,0,0,0,0,0,0,0,0,0,0,0,0,0,0,0,0,0,0,0,0,0,0,0,0,0,0,0,0,0,0,0,0,0,0,0,0,0,0,0,0,0,0,0,0,0,0,0,0,0,0,0,0,0,0,0,0,0,0,0,0,0,0,0,0,0
0,0,0,0,0,0,0,0,0,0,0,0,0,0,0,0,0,0,0,0,0,0,0,0,0,0,0,0,0,0,0,0,0,0,0,0,0,0,0,0,0,0,0,0,0,0,0,0,0,0,0,0,0,0,0,0,0,0,0,0,0,0,0,0,0,0,0,0,0,0,0,0,0,0,0,8.3177,13.422,6.5271,0.84785,3.2119,4.2486,5.3803,3.888,3.3313,4.6195,4.4151,4.3028,5.6521,4.0261,6.0788,4.6437,5.631,4.5092,5.7828,5.0561,3.0298,4.3133,4.7604,3.9055,4.4113,3.9764,4.6205,4.3248,4.5467,4.0501,4.2016,4.9127,3.9827,4.3283,3.5622,4.3912,3.9779,4.1607,4.5429,3.8077,3.4219,3.7625,2.1797,4.3028,2.63,1.894,2.1834,3.3518,1.6557,0.36403,0,0,0,0,0,0,0,0,0,0,0,0,0,0,0,0,0,0,0,0,0,0,0,0,0,0,0,0,0,0,0,0,0,0,0,0,0,0,0,0,0,0,0,0,0,0,0,0,0,0,0,0,0,0,0,0,0,0,0,0,0,0,0,0,0,0,0,0,0,0,0,0,0,0,0,0
0,0,0,0,0,0,0,0,0,0,0,0,0,0,0,0,0,0,0,0,0,0,0,0,0,0,0,0,0,0,0,0,0,0,0,0,0,0,0,0,0,0,0,0,0,0,0,0,0,0,0,0,0,0,0,0,0,0,0,0,0,0,0,0,0,0,0,0,0,0,0,0,3.3158,0,2.0623,2.3005,5.6484,4.4738,5.6185,6.6084,5.971,4.0578,3.0344,4.384,4.5776,4.9364,5.0988,4.7416,6.6979,4.2246,4.2934,4.8276,4.8448,7.6625,4.748,5.5297,4.9026,3.3828,11.961,4.3801,4.139,4.653,4.6116,4.8605,4.2142,3.5231,4.3072,5.0712,3.96,4.83,3.7664,4.3497,3.6902,4.4976,4.2189,4.1022,4.6431,3.4831,3.7793,3.4557,2.1985,3.7314,3.8176,4.1078,5.1822,2.707,0.71033,12.519,0,0,0,0,0,0,0,0,0,0,0,0,0,0,0,0,0,0,0,0,0,0,0,0,0,0,0,0,0,0,0,0,0,0,0,0,0,0,0,0,0,0,0,0,0,0,0,0,0,0,0,0,0,0,0,0,0,0,0,0,0,0,0,0,0,0,0,0,0,0,0,0,0
0,0,0,0,0,0,0,0,0,0,0,0,0,0,0,0,0,0,0,0,0,0,0,0,0,0,0,0,0,0,0,0,0,0,0,0,0,0,0,0,0,0,0,0,0,0,0,0,0,0,0,0,0,0,0,0,0,0,0,0,0,0,0,0,0,0,0,0,0,0,0.6565,0.31645,3.973,2.4884,5.5038,4.6346,3.8112,4.7867,5.2911,3.6415,6.5496,3.1132,5.0268,4.9735,5.312,5.7535,6.0451,5.4479,5.0601,5.1528,6.2181,4.2295,5.5457,5.8953,4.5222,4.6843,6.7152,4.3647,3.561,3.0273,4.1889,4.6932,6.4055,4.3629,4.3202,6.8992,4.4315,5.2826,4.3104,4.4218,4.5655,4.1336,3.9084,4.5205,3.7772,3.1414,3.5772,4.0809,4.2233,4.4006,4.5133,3.9685,3.5779,3.9839,3.8335,3.0013,4.7273,5.8516,2.2937,5.7704,0.67156,0,0,0,0,0,0,0,0,0,0,0,0,0,0,0,0,0,0,0,0,0,0,0,0,0,0,0,0,0,0,0,0,0,0,0,0,0,0,0,0,0,0,0,0,0,0,0,0,0,0,0,0,0,0,0,0,0,0,0,0,0,0,0,0,0,0,0,0,0,0
0,0,0,0,0,0,0,0,0,0,0,0,0,0,0,0,0,0,0,0,0,0,0,0,0,0,0,0,0,0,0,0,0,0,0,0,0,0,0,0,0,0,0,0,0,0,0,0,0,0,0,0,0,0,0,0,0,0,0,0,0,0,0,0,0,0,0,0,0.75312,2.8924,1.7898,3.2883,5.042,4.6101,5.059,5.5474,5.3675,7.1416,5.2075,5.8213,7.412,21.932,4.0142,5.2393,4.9554,4.8174,5.427,4.5742,5.0496,5.0328,7.3903,5.8249,4.633,4.665,5.3534,3.9771,4.9302,3.5073,5.0493,4.0421,4.5103,6.1406,4.249,6.4544,6.1402,3.196,3.9845,4.971,6.3329,4.8881,3.5561,3.935,3.9827,3.0157,3.0855,4.3307,4.5415,3.6695,3.628,4.5234,3.7514,4.8399,4.7164,6.6239,4.2044,5.0272,5.0663,4.5905,3.5281,3.3853,4.7503,2.0063,1.1244,0,0,0,0,0,0,0,0,0,0,0,0,0,0,0,0,0,0,0,0,0,0,0,0,0,0,0,0,0,0,0,0,0,0,0,0,0,0,0,0,0,0,0,0,0,0,0,0,0,0,0,0,0,0,0,0,0,0,0,0,0,0,0,0,0,0,0,0
0,0,0,0,0,0,0,0,0,0,0,0,0,0,0,0,0,0,0,0,0,0,0,0,0,0,0,0,0,0,0,0,0,0,0,0,0,0,0,0,0,0,0,0,0,0,0,0,0,0,0,0,0,0,0,0,0,0,0,0,0,0,0,0,0,0,0.92532,1.3742,2.8312,2.7978,3.8478,5.0609,4.4387,7.7598,7.0987,8.3955,4.4205,6.3653,5.9416,3.6537,5.0004,8.925,3.9343,5.1771,4.4881,4.7326,5.1269,3.8803,4.3768,5.0544,4.4428,4.6847,4.6035,4.8452,3.4122,5.9425,5.1934,4.0133,3.478,5.3677,3.8828,4.7929,5.642,4.4156,3.1007,4.6756,4.5881,5.1557,5.4807,4.7624,4.191,3.148,4.4934,4.676,4.0652,5.379,4.9209,4.2401,4.5957,3.8255,6.1499,4.6174,4.9682,6.139,5.0384,4.5966,4.8563,3.9774,4.4361,4.507,4.1679,3.438,3.9558,5.778,1.2674,0,0,0,0,0,0,0,0,0,0,0,0,0,0,0,0,0,0,0,0,0,0,0,0,0,0,0,0,0,0,0,0,0,0,0,0,0,0,0,0,0,0,0,0,0,0,0,0,0,0,0,0,0,0,0,0,0,0,0,0,0,0,0,0,0,0
0,0,0,0,0,0,0,0,0,0,0,0,0,0,0,0,0,0,0,0,0,0,0,0,0,0,0,0,0,0,0,0,0,0,0,0,0,0,0,0,0,0,0,0,0,0,0,0,0,0,0,0,0,0,0,0,0,0,0,0,0,0,0,0,0,3.968,7.3461,6.1699,4.0527,3.7494,4.3195,5.6538,6.2371,6.6371,7.2798,4.9787,4.8779,4.4915,4.8561,4.8334,6.8325,4.007,4.9858,5.3727,4.3668,5.7831,5.1671,4.4191,5.0007,5.1127,4.1636,3.9047,4.4826,4.6272,4.152,4.195,3.9206,5.6945,4.5173,5.1384,4.7177,3.0713,4.1255,3.9444,4.8664,4.8379,4.1845,4.7942,3.8556,4.876,2.9383,4.0598,4.4048,5.3395,4.3705,4.5854,2.9332,3.8265,4.6785,4.6302,5.358,4.9881,3.7595,4.8874,4.7777,5.2777,4.6834,5.7645,4.7581,5.7359,4.872,3.8833,4.6217,3.8256,7.7828,3.4983,0.3975,0,0,0,0,0,0,0,0,0,0,0,0,0,0,0,0,0,0,0,0,0,0,0,0,0,0,0,0,0,0,0,0,0,0,0,0,0,0,0,0,0,0,0,0,0,0,0,0,0,0,0,0,0,0,0,0,0,0,0,0,0,0,0,0
0,0,0,0,0,0,0,0,0,0,0,0,0,0,0,0,0,0,0,0,0,0,0,0,0,0,0,0,0,0,0,0,0,0,0,0,0,0,0,0,0,0,0,0,0,0,0,0,0,0,0,0,0,0,0,0,0,0,0,0,0,0,0.79473,2.2761,2.7303,3.1335,3.9046,4.7473,4.495,5.6226,5.4872,5.338,6.9922,5.6097,4.9693,4.9707,6.3374,6.0307,4.4109,7.3338,5.161,4.6386,3.421,4.6286,4.7717,5.8229,4.472,3.6538,3.1959,4.078,3.8998,4.2982,2.9149,4.6066,4.0844,5.3481,3.9901,3.6509,4.1344,6.3142,7.1725,3.7491,6.2763,5.609,3.7826,3.5555,5.919,3.5021,4.4712,3.9308,2.7912,5.7135,4.7149,2.9978,5.6896,5.0288,3.114,4.967,4.417,5.0169,3.0406,3.9874,3.6807,4.8332,4.7419,6.0932,5.4233,5.1375,6.4984,6.6041,4.3828,7.6309,4.3635,4.2706,3.5359,5.6465,2.5607,1.5327,0.7397,0,0,0,0,0,0,0,0,0,0,0,0,0,0,0,0,0,0,0,0,0,0,0,0,0,0,0,0,0,0,0,0,0,0,0,0,0,0,0,0,0,0,0,0,0,0,0,0,0,0,0,0,0,0,0,0,0,0,0,0,0,0
0,0,0,0,0,0,0,0,0,0,0,0,0,0,0,0,0,0,0,0,0,0,0,0,0,0,0,0,0,0,0,0,0,0,0,0,0,0,0,0,0,0,0,0,0,0,0,0,0,0,0,0,0,0,0,0,0,0,0,0,4.0791,3.8611,3.1233,3.9485,4.7287,5.411,4.9708,5.3857,5.1017,7.2593,3.464,5.8833,6.1611,5.8013,5.3422,6.3679,4.6696,5.9197,5.5002,6.5904,4.1123,4.4535,4.1908,3.6306,4.2701,3.5261,5.3527,4.6191,4.1874,4.1861,3.4992,4.7051,2.4707,4.7914,4.3559,3.5737,6.14,4.744,4.3752,4.4694,4.5169,4.4725,4.496,4.6052,4.7612,5.6377,5.2935,4.912,4.1083,4.1068,2.8166,2.7648,2.7689,4.5725,3.8789,4.3647,2.6387,4.5034,3.5439,4.5904,4.6563,4.7232,3.7177,5.4242,3.8687,4.9044,5.2724,5.4644,5.0254,7.9675,5.1895,4.6437,5.1055,5.4119,4.0554,5.7077,4.0241,3.8838,1.4859,11.103,0,0,0,0,0,0,0,0,0,0,0,0,0,0,0,0,0,0,0,0,0,0,0,0,0,0,0,0,0,0,0,0,0,0,0,0,0,0,0,0,0,0,0,0,0,0,0,0,0,0,0,0,0,0,0,0,0,0,0,0,0
0,0,0,0,0,0,0,0,0,0,0,0,0,0,0,0,0,0,0,0,0,0,0,0,0,0,0,0,0,0,0,0,0,0,0,0,0,0,0,0,0,0,0,0,0,0,0,0,0,0,0,0,0,0,0,0,0,0,0,0.49735,2.0967,3.8544,5.8196,4.8088,5.8103,6.277,5.0466,5.682,3.9226,4.9517,5.6834,4.3611,5.3775,4.8996,5.5311,4.8719,6.8549,3.3706,3.0817,3.9372,4.3403,2.4285,3.7584,4.0712,2.1344,3.1302,4.429,4.577,4.0211,3.7979,4.5545,2.4659,4.5317,3.6501,3.7536,4.8662,4.1496,4.7921,3.707,5.3784,4.4334,4.7701,4.9775,4.9492,4.2493,6.6925,3.4216,3.0685,3.3233,3.7811,4.6515,4.4762,4.1045,2.9193,3.597,4.7495,2.9424,4.1238,4.3183,3.495,3.4394,5.3111,4.7803,4.617,6.1873,6.9505,5.6383,6.0902,3.4563,6.2825,6.6945,5.5715,4.9676,6.0153,4.8901,5.1364,5.5019,4.6004,3.7801,6.1006,3.0607,0.50373,0,0,0,0,0,0,0,0,0,0,0,0,0,0,0,0,0,0,0,0,0,0,0,0,0,0,0,0,0,0,0,0,0,0,0,0,0,0,0,0,0,0,0,0,0,0,0,0,0,0,0,0,0,0,0,0,0,0,0
0,0,0,0,0,0,0,0,0,0,0,0,0,0,0,0,0,0,0,0,0,0,0,0,0,0,0,0,0,0,0,0,0,0,0,0,0,0,0,0,0,0,0,0,0,0,0,0,0,0,0,0,0,0,0,0,0,0,0.57695,2.5146,3.8541,3.3146,3.3007,5.0871,5.1869,6.3323,6.1239,4.0573,5.603,5.8454,4.3252,4.0948,6.4053,7.0814,4.001,3.5844,3.7421,5.1888,3.872,4.1099,7.6273,4.8792,3.792,6.1576,4.0125,3.9044,3.4082,2.8257,4.9061,3.4358,3.3913,4.2799,3.7592,6.0363,5.1974,3.2204,4.3229,4.639,4.1145,5.4996,5.0338,4.7201,4.9513,4.6971,4.588,5.815,5.5582,4.1176,3.0492,3.3434,3.0754,3.5182,4.5723,3.9449,4.336,3.1567,2.2477,4.5194,3.8393,4.3034,3.9118,4.2479,4.879,5.7148,5.4132,5.4463,7.4248,4.2619,4.8903,5.1376,5.8984,5.7498,4.1912,4.7115,4.9474,5.9979,7.4146,4.612,4.313,5.4423,5.3472,2.2859,0.39074,0,0,0,0,0,0,0,0,0,0,0,0,0,0,0,0,0,0,0,0,0,0,0,0,0,0,0,0,0,0,0,0,0,0,0,0,0,0,0,0,0,0,0,0,0,0,0,0,0,0,0,0,0,0,0,0,0,0
0,0,0,0,0,0,0,0,0,0,0,0,0,0,0,0,0,0,0,0,0,0,0,0,0,0,0,0,0,0,0,0,0,0,0,0,0,0,0,0,0,0,0,0,0,0,0,0,0,0,0,0,0,0,0,0,1.1409,1.9743,2.8913,4.7867,4.9541,4.9846,6.1221,5.1718,4.7144,3.5297,4.1696,3.3514,5.3678,3.3851,3.5338,4.8511,3.9717,4.0186,5.5382,5.1421,4.2515,4.3269,4.4593,6.424,6.0892,4.0523,3.6379,5.0458,3.3541,3.7788,3.7439,3.3016,2.9712,4.6984,4.3436,4.9743,4.2296,5.2266,4.2147,4.4554,3.3879,4.0779,4.8452,5.4259,4.0311,4.7889,4.777,6.6653,4.5071,5.118,3.8561,5.2062,6.632,3.7058,5.3225,3.9362,4.1334,4.2113,5.3933,4.1238,2.7528,4.9236,3.672,3.1574,5.2887,3.8391,4.6356,5.5647,5.7648,5.8344,3.9337,4.8558,5.4588,4.3326,4.4594,4.3323,4.2854,4.1594,6.1725,3.1119,6.1654,5.2159,7.1359,3.3101,5.1748,3.0677,2.5006,1.4364,1.1212,0,0,0,0,0,0,0,0,0,0,0,0,0,0,0,0,0,0,0,0,0,0,0,0,0,0,0,0,0,0,0,0,0,0,0,0,0,0,0,0,0,0,0,0,0,0,0,0,0,0,0,0,0,0,0,0
0,0,0,0,0,0,0,0,0,0,0,0,0,0,0,0,0,0,0,0,0,0,0,0,0,0,0,0,0,0,0,0,0,0,0,0,0,0,0,0,0,0,0,0,0,0,0,0,0,0,0,0,0,0,0,0.44687,3.2728,3.3457,4.7029,3.2886,7.0462,3.8628,5.6219,5.5002,4.9314,6.7693,4.2099,6.1615,5.7159,5.0568,4.2902,5.7904,6.3906,3.369,5.3135,3.5182,4.3949,4.6083,3.4617,4.2961,5.8612,3.3689,3.3073,3.8459,3.9739,3.8674,3.1625,2.789,4.7503,3.4992,3.7808,3.6807,3.8195,3.5253,3.9313,5.163,3.3306,4.6011,4.5467,4.5065,5.678,5.5642,4.3869,3.8183,4.8433,5.4479,4.7049,5.0347,3.5234,4.506,3.6516,3.867,4.5259,4.181,4.5178,3.4762,3.0757,4.343,3.4655,3.0964,4.1287,3.5505,3.2459,4.9049,6.9228,6.1767,5.4659,5.549,4.4814,5.7747,5.3616,5.741,3.0171,4.2874,5.7313,5.1256,4.1192,4.9687,4.1133,7.7674,4.8418,4.5912,3.8188,2.7816,3.4445,0.87645,0,0,0,0,0,0,0,0,0,0,0,0,0,0,0,0,0,0,0,0,0,0,0,0,0,0,0,0,0,0,0,0,0,0,0,0,0,0,0,0,0,0,0,0,0,0,0,0,0,0,0,0,0,0,0
0,0,0,0,0,0,0,0,0,0,0,0,0,0,0,0,0,0,0,0,0,0,0,0,0,0,0,0,0,0,0,0,0,0,0,0,0,0,0,0,0,0,0,0,0,0,0,0,0,0,0,0,0,0,4.6429,2.1254,3.488,4.2826,6.2474,4.7133,5.8931,4.6171,4.8566,4.777,4.5979,3.5921,5.3004,4.1624,3.7372,5.4328,3.7453,3.2357,4.6555,2.565,4.3552,7.2582,3.8588,4.716,6.0422,4.59,3.5572,2.4299,3.1626,2.4446,3.9879,3.0123,2.7596,3.2983,2.9324,4.1317,3.8148,2.8724,3.6127,3.5616,6.4623,4.5001,4.0359,3.3442,4.1754,4.6584,4.7421,4.5849,5.4724,4.7809,4.8724,6.5605,4.4932,6.146,5.37,5.5974,5.2,4.0808,5.0014,4.1043,3.8568,5.2558,3.9937,4.8536,4.4136,4.7821,4.6064,4.33,5.213,4.589,4.8165,4.6043,4.7347,5.729,6.5931,4.4492,4.0583,3.2646,3.4535,4.6666,3.9001,5.2501,5.4827,4.6367,2.7062,6.1042,4.6234,5.5482,5.285,4.9048,5.1087,3.3829,1.3723,0,0,0,0,0,0,0,0,0,0,0,0,0,0,0,0,0,0,0,0,0,0,0,0,0,0,0,0,0,0,0,0,0,0,0,0,0,0,0,0,0,0,0,0,0,0,0,0,0,0,0,0,0,0
0,0,0,0,0,0,0,0,0,0,0,0,0,0,0,0,0,0,0,0,0,0,0,0,0,0,0,0,0,0,0,0,0,0,0,0,0,0,0,0,0,0,0,0,0,0,0,0,0,0,0,0,0,0.60177,3.5685,4.2806,4.803,4.2587,5.6393,7.3148,7.5143,7.8073,5.5043,5.9181,3.883,3.4244,2.7872,5.106,5.0227,4.1954,4.9298,4.8052,5.5234,4.658,4.7901,3.2161,2.3786,3.7238,3.0916,2.6553,1.7747,2.3542,3.2008,4.2665,3.7577,2.748,2.3224,3.8837,3.6143,3.9939,3.3052,4.2407,3.8421,3.1299,4.5007,3.9139,5.1424,4.0565,3.736,4.0223,4.0135,3.8703,5.4191,5.9204,5.5974,5.1301,5.4757,5.122,4.4942,6.5534,3.2078,4.5432,2.8318,3.7919,4.9543,4.6989,4.852,5.3991,3.1394,5.3908,3.5975,4.1621,5.727,5.7765,4.4527,5.9662,3.8516,3.8254,4.8041,4.3944,4.4901,5.5396,3.4971,4.2024,4.661,4.75,3.9646,6.1875,4.4119,6.8345,4.2729,5.1626,4.9107,5.3001,4.455,4.1174,5.5878,2.2839,0,0,0,0,0,0,0,0,0,0,0,0,0,0,0,0,0,0,0,0,0,0,0,0,0,0,0,0,0,0,0,0,0,0,0,0,0,0,0,0,0,0,0,0,0,0,0,0,0,0,0,0,0
0,0,0,0,0,0,0,0,0,0,0,0,0,0,0,0,0,0,0,0,0,0,0,0,0,0,0,0,0,0,0,0,0,0,0,0,0,0,0,0,0,0,0,0,0,0,0,0,0,0,0,0,31.976,2.7642,3.9643,5.6715,3.9524,5.1128,5.8275,6.5531,3.7479,6.0006,4.4929,5.2933,5.0495,3.7109,4.8366,2.9449,3.117,4.6041,3.0375,4.1811,3.0777,4.072,5.1487,3.314,4.1895,4.627,2.7137,2.5559,2.1933,3.6445,3.6036,3.878,2.7653,3.1538,3.2646,3.1951,3.0842,2.9248,4.414,3.737,3.9961,3.5275,4.4524,4.1675,5.6942,4.172,4.5371,5.7695,3.8935,4.615,4.2819,5.5939,4.6902,5.4977,5.018,4.5286,5.1964,4.8373,4.0636,5.125,4.2319,3.5562,7.7316,5.4683,4.9084,4.3981,3.9725,3.9079,3.6147,4.0145,4.7399,4.8369,5.1946,4.5765,3.5198,6.6715,3.7351,3.5159,2.9868,4.7867,3.1943,3.8877,4.1817,5.143,5.1098,3.6724,4.0654,4.3523,5.7001,6.8245,8.099,6.5888,7.0993,6.0024,5.1586,4.2139,2.9968,0,0,0,0,0,0,0,0,0,0,0,0,0,0,0,0,0,0,0,0,0,0,0,0,0,0,0,0,0,0,0,0,0,0,0,0,0,0,0,0,0,0,0,0,0,0,0,0,0,0,0,0
0,0,0,0,0,0,0,0,0,0,0,0,0,0,0,0,0,0,0,0,0,0,0,0,0,0,0,0,0,0,0,0,0,0,0,0,0,0,0,0,0,0,0,0,0,0,0,0,0,0,0,4.084,4.137,3.6656,3.3955,4.7098,4.9142,3.7768,6.9041,6.3325,4.3827,4.2021,4.2235,4.5772,4.5241,4.2882,3.7574,4.9909,2.4116,4.2174,3.4998,3.7104,4.7203,4.0474,4.1564,4.2855,3.2275,3.3433,3.4951,2.6567,3.2848,4.422,3.033,3.9215,2.9427,2.9701,3.5374,2.3345,3.9655,3.115,3.4657,3.8608,3.3723,3.6959,4.9124,6.0048,4.4816,5.1685,4.457,3.1767,5.3778,4.5227,4.7594,5.3453,6.2853,4.7683,6.1202,5.6814,4.2101,5.533,5.6394,4.0667,4.6291,4.9329,5.051,5.0574,4.938,4.3954,3.6837,5.4634,3.7583,4.9878,4.1188,6.9691,4.338,4.8881,4.6249,3.9862,3.6648,5.6805,3.608,4.5566,3.0111,4.7151,4.149,5.216,3.5948,5.011,3.8472,5.5622,6.4012,4.9064,5.8859,7.0753,6.903,7.7884,5.6483,3.6882,3.5011,1.3426,0,0,0,0,0,0,0,0,0,0,0,0,0,0,0,0,0,0,0,0,0,0,0,0,0,0,0,0,0,0,0,0,0,0,0,0,0,0,0,0,0,0,0,0,0,0,0,0,0,0,0
0,0,0,0,0,0,0,0,0,0,0,0,0,0,0,0,0,0,0,0,0,0,0,0,0,0,0,0,0,0,0,0,0,0,0,0,0,0,0,0,0,0,0,0,0,0,0,0,0,5.0901,2.5309,4.3427,4.3618,3.5543,5.5994,4.6616,5.4653,7.1356,5.092,5.5248,5.2142,5.3254,4.9702,5.4506,5.4538,4.3326,3.2419,4.1252,5.5098,5.2787,5.4273,5.1764,4.2483,2.7539,4.0684,3.308,3.8081,5.1359,3.5164,2.404,2.9007,6.3698,3.2439,4.0929,3.0725,2.006,4.0907,2.3191,4.5543,1.6728,3.7355,4.5316,2.9549,4.9705,4.1814,4.0861,4.1289,4.6541,4.1611,4.0848,3.9318,3.4958,4.9384,4.3052,3.8471,6.68,5.1418,4.4725,5.9301,5.4645,3.2867,4.2501,5.7746,4.9422,5.8847,5.4704,6.1728,5.842,4.459,4.0367,4.6378,3.2627,5.218,5.6905,4.8382,4.0444,4.3978,4.7459,4.928,5.0187,4.4093,4.861,4.9489,3.6987,6.2094,2.457,3.7496,7.3859,3.5948,5.5383,4.5161,6.5698,4.7415,4.975,4.9686,5.3684,5.3661,5.0551,4.955,3.3269,0.94508,0,0,0,0,0,0,0,0,0,0,0,0,0,0,0,0,0,0,0,0,0,0,0,0,0,0,0,0,0,0,0,0,0,0,0,0,0,0,0,0,0,0,0,0,0,0,0,0,0,0
0,0,0,0,0,0,0,0,0,0,0,0,0,0,0,0,0,0,0,0,0,0,0,0,0,0,0,0,0,0,0,0,0,0,0,0,0,0,0,0,0,0,0,0,0,0,0,0,0,3.4958,2.0072,3.6048,4.2087,5.3896,5.8301,6.3609,5.2082,3.4502,5.3646,5.6678,6.2128,4.9562,5.6095,5.3597,6.8897,4.8729,4.496,4.7502,5.0662,3.3219,3.3563,3.404,4.597,2.7413,4.0882,3.1715,4.5872,4.8424,5.6084,5.1933,4.2825,3.6357,3.3983,3.8278,3.0354,3.5899,2.4786,2.4945,2.9046,3.7365,3.7295,5.3613,2.8518,4.0536,4.5253,5.0438,4.3501,3.8713,4.195,5.0216,5.3398,5.4549,5.6335,5.4143,5.6148,3.8375,5.8803,6.2338,5.4617,5.3736,3.126,5.0923,4.1856,4.1619,4.5308,4.6903,4.2697,4.9911,4.4769,4.4297,3.9419,6.5452,4.7158,4.9872,4.1035,6.5518,5.2753,4.0064,3.3769,4.411,5.2791,4.1577,4.8177,3.3106,3.6835,5.5754,4.6277,3.3015,2.8111,6.401,4.3625,5.1242,5.6192,4.9824,5.0623,4.5181,6.4675,5.9149,5.8995,5.8487,4.1398,5.6261,0,0,0,0,0,0,0,0,0,0,0,0,0,0,0,0,0,0,0,0,0,0,0,0,0,0,0,0,0,0,0,0,0,0,0,0,0,0,0,0,0,0,0,0,0,0,0,0,0
0,0,0,0,0,0,0,0,0,0,0,0,0,0,0,0,0,0,0,0,0,0,0,0,0,0,0,0,0,0,0,0,0,0,0,0,0,0,0,0,0,0,0,0,0,0,0,0,2.6993,1.5121,2.565,4.2032,4.055,5.2158,4.5581,3.9937,4.7094,5.0678,5.4109,6.4097,6.2208,3.689,5.5383,4.8723,3.8215,4.9828,3.2832,3.752,4.5795,6.0317,5.0586,6.0581,4.7087,4.986,4.0659,3.9112,4.0656,3.5911,4.736,4.0314,3.3232,3.8116,3.9381,3.5433,2.2502,3.8277,3.2302,3.8304,4.7429,3.6461,4.5775,3.899,3.069,3.2343,4.5712,5.0909,5.2658,3.9697,5.066,4.6893,4.0359,4.8207,4.588,6.019,4.7624,4.4775,5.0348,4.8636,5.6555,5.1129,4.4885,4.7223,5.9807,5.2829,5.6277,4.3687,4.9992,5.5248,5.3523,6.1427,5.9322,4.7982,5.3308,6.2507,6.5487,5.2976,2.4478,5.1498,5.29,6.1475,4.9771,4.4797,4.284,4.6941,3.7589,3.2754,4.381,2.9846,5.0795,5.5235,4.1752,5.3281,4.5115,5.4869,7.3927,5.1134,5.3255,5.4538,4.8499,6.5397,5.0678,3.511,0.21666,0,0,0,0,0,0,0,0,0,0,0,0,0,0,0,0,0,0,0,0,0,0,0,0,0,0,0,0,0,0,0,0,0,0,0,0,0,0,0,0,0,0,0,0,0,0,0,0
0,0,0,0,0,0,0,0,0,0,0,0,0,0,0,0,0,0,0,0,0,0,0,0,0,0,0,0,0,0,0,0,0,0,0,0,0,0,0,0,0,0,0,0,0,0,0,0,4.951,3.6349,3.6944,5.1275,4.0131,4.7403,2.9,5.4593,3.6178,4.047,5.5851,5.6477,5.4265,6.5912,5.1465,5.2901,3.4776,7.1731,3.9089,5.3937,2.8559,6.5526,5.1124,4.1791,5.2247,5.3721,4.2568,5.9015,4.5703,4.8071,3.6451,2.8963,4.8338,5.8295,3.578,4.1709,3.6017,3.2756,3.9684,4.0723,3.5015,3.1832,3.1389,3.5231,4.665,3.4745,4.221,4.462,3.4102,5.4169,5.8473,6.1596,6.8096,4.9751,6.3325,6.0811,4.8431,6.5064,5.7987,4.2035,6.3047,4.4495,4.785,5.1144,5.7665,3.7052,4.2795,6.7342,3.7791,5.0062,5.6679,6.7025,6.0911,7.0132,4.0781,4.9438,5.4646,7.0172,4.5844,3.7644,4.2324,3.8546,5.8602,4.1516,4.0901,4.1352,4.4151,4.3361,5.4012,3.5036,7.6796,3.7792,5.4227,4.212,4.2684,5.7116,4.2468,5.4871,4.9993,5.1284,6.3259,7.2283,4.5722,4.0601,3.2456,1.8772,0,0,0,0,0,0,0,0,0,0,0,0,0,0,0,0,0,0,0,0,0,0,0,0,0,0,0,0,0,0,0,0,0,0,0,0,0,0,0,0,0,0,0,0,0,0,0
0,0,0,0,0,0,0,0,0,0,0,0,0,0,0,0,0,0,0,0,0,0,0,0,0,0,0,0,0,0,0,0,0,0,0,0,0,0,0,0,0,0,0,0,0,0,0,0.54165,2.9032,3.7188,4.2442,3.3816,5.3779,5.2082,5.4152,3.7716,4.3762,5.3288,5.117,4.4088,6.165,5.8968,5.4574,4.5674,4.0955,3.1702,4.8214,4.3668,3.9057,6.345,4.737,3.4061,5.2644,6.0959,5.111,4.0911,4.7957,2.8788,3.9326,2.7547,3.3248,3.6019,4.365,2.3705,4.5564,3.2875,3.773,3.3651,2.9615,3.4938,4.3691,3.7232,2.6878,3.0107,5.2729,4.0941,5.2355,5.6156,5.0789,4.2329,6.038,5.3221,5.1598,5.2665,3.8315,5.6758,5.1299,4.7898,6.3844,4.9821,6.3981,5.4446,5.7602,6.6285,4.6596,6.0051,5.5527,5.9426,5.4554,7.7738,7.8732,4.206,6.108,7.5558,7.7387,5.6521,5.5041,4.9571,4.5213,3.881,4.3963,6.251,2.9149,3.3603,4.4293,4.0955,3.9452,3.6498,5.033,3.5007,3.6561,5.8145,3.7896,3.4105,6.9432,6.9227,6.9474,5.2043,35.016,3.3057,3.4748,3.3025,4.6868,1.4153,0.43576,0,0,0,0,0,0,0,0,0,0,0,0,0,0,0,0,0,0,0,0,0,0,0,0,0,0,0,0,0,0,0,0,0,0,0,0,0,0,0,0,0,0,0,0,0,0
0,0,0,0,0,0,0,0,0,0,0,0,0,0,0,0,0,0,0,0,0,0,0,0,0,0,0,0,0,0,0,0,0,0,0,0,0,0,0,0,0,0,0,0,0,1.761,4.5389,3.1685,3.5959,3.3697,4.2038,3.8879,4.9939,3.979,5.3137,4.2343,3.5068,5.0412,4.5483,2.9119,5.9632,4.1007,4.6459,7.208,4.3323,5.5419,4.4289,4.1696,3.449,3.044,4.5419,3.7148,7.6553,5.5966,5.4081,5.0769,8.056,5.3281,3.3901,3.0665,3.7233,3.843,3.0641,3.1732,3.0603,2.3993,4.1135,4.1712,4.7395,4.0279,2.8874,5.0093,5.1898,5.5698,4.9261,6.9717,4.481,6.0865,4.86,6.0897,4.7606,4.5221,6.2578,6.3459,4.9301,6.1437,6.7201,5.7343,4.0551,6.2889,4.5511,5.8563,5.4967,6.2986,5.9416,6.6447,5.9263,6.7767,6.4791,6.9617,5.7259,6.3339,5.6733,4.6157,3.5797,4.0343,7.6094,5.4911,5.6277,7.5777,5.3657,3.2602,4.5748,3.9942,3.2341,4.6501,4.1412,2.06,4.701,5.2996,4.4973,3.3989,4.1067,3.8439,3.4289,4.1145,6.1884,4.4898,5.8526,3.8934,4.997,4.4911,3.9927,4.2183,0.70244,0,0,0,0,0,0,0,0,0,0,0,0,0,0,0,0,0,0,0,0,0,0,0,0,0,0,0,0,0,0,0,0,0,0,0,0,0,0,0,0,0,0,0,0,0,0
0,0,0,0,0,0,0,0,0,0,0,0,0,0,0,0,0,0,0,0,0,0,0,0,0,0,0,0,0,0,0,0,0,0,0,0,0,0,0,0,0,0,0,0,2.4709,2.5946,1.8076,4.2091,4.5915,3.8074,4.7134,3.6197,3.9965,4.7101,3.6406,4.929,4.1269,3.5602,5.6441,2.9403,3.4934,5.0079,5.3498,5.1957,5.5617,4.6764,3.5343,7.5721,3.6222,4.4421,4.9082,5.7596,5.8959,5.4336,5.1886,6.4334,6.1846,4.2993,5.6806,5.0515,4.8431,2.739,3.0421,4.2492,3.3307,4.2424,4.7423,5.5387,3.0953,3.4173,3.6371,2.946,4.7232,4.9898,5.041,4.9952,4.3433,4.4128,4.6183,5.2711,5.3008,5.5119,4.5902,5.2541,5.5193,4.3916,6.4324,6.0495,6.4252,5.003,7.0309,6.2426,6.9013,5.827,5.993,7.2693,7.5265,7.6251,5.7908,6.1067,7.103,8.4468,5.88,5.7353,7.3173,8.3559,6.8167,6.6927,5.9373,4.2739,6.5642,5.4256,5.71,2.8034,3.7474,3.7944,3.4763,4.6445,2.8859,4.7989,3.4479,5.1991,5.6939,7.3018,4.0504,4.6297,2.7803,4.6874,3.8581,5.4827,5.8219,5.2547,5.2477,3.8373,4.1838,3.5365,0,0,0,0,0,0,0,0,0,0,0,0,0,0,0,0,0,0,0,0,0,0,0,0,0,0,0,0,0,0,0,0,0,0,0,0,0,0,0,0,0,0,0,0,0
0,0,0,0,0,0,0,0,0,0,0,0,0,0,0,0,0,0,0,0,0,0,0,0,0,0,0,0,0,0,0,0,0,0,0,0,0,0,0,0,0,0,0,0.98473,2.3103,3.6821,4.2669,3.7865,3.7709,3.2477,3.5914,4.8366,3.3986,4.3491,3.9422,3.6675,4.3526,4.2733,3.8318,4.1729,4.7307,5.1555,4.4523,4.2901,6.0187,4.5819,5.1536,7.3997,5.3344,6.6551,6.2256,9.3035,4.377,8.5939,7.2014,5.031,5.6385,4.4423,5.3101,5.0419,5.7546,7.1185,4.8242,4.9419,4.7646,4.5342,4.6319,4.4709,4.7222,4.6373,6.0435,3.945,3.8041,3.3935,4.4207,5.078,3.7418,4.6412,5.5304,5.5878,6.0772,5.5976,4.4923,5.1829,6.4791,6.8256,6.2632,5.3895,5.2147,9.0549,6.6405,5.5337,7.0549,5.7685,6.9512,5.5163,6.7504,5.663,5.6246,6.5456,6.9028,6.1523,4.192,6.2955,6.1134,5.8025,4.9619,5.0882,6.3753,5.7849,4.2522,4.74,3.8946,4.1217,5.6717,4.2092,3.9346,3.323,3.4169,3.5992,3.5337,6.3256,5.132,5.3948,3.8059,4.1424,3.9015,4.966,4.9299,3.9463,5.6072,5.4699,4.8978,4.8105,4.6353,3.5505,1.6569,0.67979,0,0,0,0,0,0,0,0,0,0,0,0,0,0,0,0,0,0,0,0,0,0,0,0,0,0,0,0,0,0,0,0,0,0,0,0,0,0,0,0,0,0,0
0,0,0,0,0,0,0,0,0,0,0,0,0,0,0,0,0,0,0,0,0,0,0,0,0,0,0,0,0,0,0,0,0,0,0,0,0,0,0,0,0,0,0,25.797,2.777,4.6755,4.318,4.4982,3.9853,3.4354,5.936,4.1187,3.7583,3.7428,3.5871,4.0781,4.7925,3.908,2.938,3.829,3.6334,3.993,3.8465,4.0611,4.3783,5.1111,6.4763,4.9152,5.4893,7.2405,3.7856,7.2153,5.5367,6.2782,4.2353,5.2675,3.4828,3.2296,5.4445,4.888,3.9811,4.3488,3.9264,4.1513,4.4579,4.0608,4.7358,4.8287,5.2286,4.2996,3.2634,4.0807,5.6049,6.5204,4.9984,4.651,4.5862,6.8194,4.8561,5.8145,5.1154,5.7663,4.0542,6.1518,5.0947,5.2842,4.632,5.4307,5.5064,5.9416,5.7436,5.3577,7.11,7.1858,6.4529,6.0401,5.4614,7.0112,6.7747,6.0253,6.615,7.6972,5.8955,5.1044,6.1486,4.9539,4.9425,8.6829,5.7331,6.1901,4.8646,4.7275,5.5174,2.8059,4.5022,5.2278,3.2757,2.9825,2.0863,1.5255,3.0357,3.3958,3.0453,3.0876,4.1631,3.7762,3.9798,4.8353,3.8901,5.4004,5.2907,5.4698,5.2972,4.9956,5.3303,4.4932,3.7976,2.0826,0.35258,0,0,0,0,0,0,0,0,0,0,0,0,0,0,0,0,0,0,0,0,0,0,0,0,0,0,0,0,0,0,0,0,0,0,0,0,0,0,0,0,0,0
0,0,0,0,0,0,0,0,0,0,0,0,0,0,0,0,0,0,0,0,0,0,0,0,0,0,0,0,0,0,0,0,0,0,0,0,0,0,0,0,0,0.42685,6.5504,6.7254,3.5917,4.2998,3.9643,3.9,4.151,4.2165,3.1874,4.1477,5.3943,4.5788,3.2939,3.6019,4.3439,3.2166,3.8028,4.5501,4.7154,3.043,3.5353,5.0419,4.7078,5.4352,5.0386,4.6082,6.9992,6.9113,5.9065,6.5218,5.091,5.3536,4.5334,5.1283,5.7534,4.9389,6.3978,3.0822,4.9209,3.608,4.829,5.4161,5.7499,6.1006,4.5789,4.6005,4.9353,3.8372,5.4579,3.9902,4.4103,3.7378,5.9137,5.5477,5.5358,5.4433,4.9544,5.3493,4.9308,5.1168,6.9313,5.1639,4.7841,5.1727,5.7293,5.3667,6.6228,6.9344,6.7993,8.2812,5.2387,6.1553,5.7279,5.1848,7.9398,7.3155,7.2002,7.6735,10.069,8.0155,5.9281,3.9498,5.1227,7.2722,4.9317,4.8926,4.5761,5.4514,6.3909,7.0318,3.3604,3.6536,4.2582,4.6206,2.2926,2.3279,4.3829,3.0125,2.4346,1.9886,4.1112,5.0603,5.9127,3.5842,2.3595,4.0963,5.8196,5.0688,5.3798,5.1344,5.0038,6.3868,5.8367,4.6726,3.6462,3.0599,3.0537,6.7477,0,0,0,0,0,0,0,0,0,0,0,0,0,0,0,0,0,0,0,0,0,0,0,0,0,0,0,0,0,0,0,0,0,0,0,0,0,0,0,0,0
0,0,0,0,0,0,0,0,0,0,0,0,0,0,0,0,0,0,0,0,0,0,0,0,0,0,0,0,0,0,0,0,0,0,0,0,0,0,0,0,2.0367,1.4928,2.8985,2.9404,3.1023,4.6834,4.5692,4.1177,3.9469,4.1865,5.0501,5.7528,3.3701,3.5741,4.4571,2.6541,2.832,3.8664,4.0335,3.6906,3.8399,3.4652,5.4488,4.6729,4.2519,5.6659,5.3841,6.1776,5.2885,5.5883,5.1379,4.878,7.2686,5.949,8.1603,4.0593,7.9341,3.2566,4.9121,7.5688,4.3554,6.3886,5.1795,5.3032,5.7078,4.9893,4.9193,5.4724,5.0528,4.7191,4.3814,4.748,5.136,3.3468,3.923,4.69,5.9084,4.2727,4.2822,4.55,5.2216,4.0047,4.7851,5.1742,6.7731,5.726,5.0866,3.9504,4.3459,5.0718,6.7426,6.115,6.1654,7.4377,5.864,6.8388,7.9699,6.2745,6.5529,7.8753,6.7783,8.424,8.8279,4.2684,5.5781,8.5921,5.3305,4.2986,2.8968,6.3218,4.289,3.9795,3.5086,4.6509,3.0341,5.0632,4.5231,2.9947,6.4009,3.2241,3.2314,3.1233,2.7006,4.9124,3.0172,4.5082,3.6024,5.0169,5.2889,4.0836,3.3866,4.7917,5.0851,4.2125,4.6019,5.2901,4.404,3.7636,4.2632,1.8157,0,0,0,0,0,0,0,0,0,0,0,0,0,0,0,0,0,0,0,0,0,0,0,0,0,0,0,0,0,0,0,0,0,0,0,0,0,0,0,0,0
0,0,0,0,0,0,0,0,0,0,0,0,0,0,0,0,0,0,0,0,0,0,0,0,0,0,0,0,0,0,0,0,0,0,0,0,0,0,0,0,3.7784,4.0916,3.9406,4.4062,3.6844,3.4747,4.7141,4.045,3.3141,3.9494,4.3611,2.6972,5.3902,3.7756,4.0008,3.8423,3.4615,3.1781,5.2727,6.3891,5.2313,4.0189,4.6821,4.3396,4.7795,6.008,6.6233,4.4712,6.291,7.5214,3.7785,6.9409,4.5487,4.5984,7.6377,7.2315,7.1762,8.3711,6.1221,4.9269,5.2189,6.0457,5.2607,6.0956,5.6233,4.4654,6.2085,5.9399,3.9061,4.7454,4.3906,5.3868,3.8542,4.1197,4.3538,3.2518,4.6163,3.7504,3.5625,4.4083,6.2678,5.3675,5.4897,5.3415,5.4888,4.9916,5.5147,5.9971,7.1698,5.3951,6.3983,5.919,6.727,6.4145,6.8476,7.3175,7.5076,7.3178,6.5446,4.5727,7.8222,8.3557,8.5514,7.9141,6.2823,6.4014,6.8532,5.8428,4.6826,4.0426,5.652,5.4236,3.1104,2.5946,4.0785,3.6972,3.579,2.61,5.232,3.3311,4.6014,3.7526,3.9666,3.4226,2.985,4.0673,3.4455,3.1158,4.6472,4.329,4.9541,3.9256,4.2432,6.9211,5.9361,4.4278,5.1319,3.8768,4.8842,12.327,1.4498,0,0,0,0,0,0,0,0,0,0,0,0,0,0,0,0,0,0,0,0,0,0,0,0,0,0,0,0,0,0,0,0,0,0,0,0,0,0,0,0
0,0,0,0,0,0,0,0,0,0,0,0,0,0,0,0,0,0,0,0,0,0,0,0,0,0,0,0,0,0,0,0,0,0,0,0,0,0,0,0.44032,2.9601,2.898,4.029,4.1836,4.597,4.3797,4.1166,4.0096,3.2208,3.8444,6.0383,3.304,2.7123,3.069,4.0737,5.5011,3.9974,4.924,3.8978,4.3487,4.7079,5.4018,5.0965,4.3971,5.6019,6.5755,6.9864,6.0134,6.4869,7.663,6.0479,6.2565,3.9287,3.3215,6.8167,7.009,6.2846,7.6227,7.0563,7.0642,6.7884,4.9434,6.3169,6.7942,3.6369,6.3749,4.5768,4.3565,5.0357,3.4742,6.9046,5.1677,2.4142,4.4946,4.4147,5.0706,4.7956,3.548,4.3549,5.8904,5.1324,4.4718,6.3357,3.8282,5.4217,6.4317,4.49,5.4494,5.4575,6.1143,5.3036,6.7745,5.6354,7.9113,6.6648,6.5205,5.9876,7.3255,6.7685,6.0913,8.506,7.7846,5.9124,7.87,7.3893,6.4443,7.1019,3.138,6.2979,5.453,5.9913,4.4941,5.177,2.9128,4.2666,4.6454,2.6488,3.8409,3.1978,3.2226,3.657,1.9923,3.7422,2.3833,4.1022,3.8241,3.1147,4.6645,4.522,3.0885,3.4093,6.3326,5.1371,6.2592,5.56,4.4992,4.6921,4.8985,3.5231,3.9801,3.4564,1.0775,0,0,0,0,0,0,0,0,0,0,0,0,0,0,0,0,0,0,0,0,0,0,0,0,0,0,0,0,0,0,0,0,0,0,0,0,0,0,0
0,0,0,0,0,0,0,0,0,0,0,0,0,0,0,0,0,0,0,0,0,0,0,0,0,0,0,0,0,0,0,0,0,0,0,0,0,0,1.112,3.1711,3.6037,4.2582,4.6093,4.272,4.0783,5.179,4.8417,4.8281,3.814,3.344,4.2759,2.7968,4.0317,5.7883,4.5864,3.9591,4.6325,3.1024,6.2211,5.3944,4.1118,5.1254,5.1451,5.1068,5.6668,5.4016,6.42,7.9243,5.065,6.1905,5.8905,9.4189,8.7582,8.3243,7.3835,7.2016,6.5013,6.3716,4.2371,6.1507,6.466,5.4184,6.5514,6.6634,6.2893,6.9944,5.4121,5.972,5.5599,5.1302,4.6882,3.8015,3.6589,5.1809,3.8646,4.2961,4.8017,4.5317,3.7338,3.1257,5.0046,4.5619,4.1382,5.3228,4.402,4.5862,6.4642,4.728,4.7958,5.2686,4.7981,6.5622,5.692,7.8926,7.9281,6.4143,6.5363,5.7329,8.3231,7.8493,5.0605,7.4339,5.5267,8.1639,6.3363,6.8063,7.8663,5.7612,5.4346,5.5316,3.1356,5.4483,3.4155,4.7695,4.0275,4.471,4.5848,4.0315,3.3256,3.6749,3.5313,2.9165,2.8762,1.95,3.6053,2.7651,3.4797,4.8022,3.3001,3.8165,4.2854,3.9128,3.4109,5.1812,5.5621,5.2453,8.2391,5.3502,4.6181,3.9676,4.2599,3.6099,0.53037,0,0,0,0,0,0,0,0,0,0,0,0,0,0,0,0,0,0,0,0,0,0,0,0,0,0,0,0,0,0,0,0,0,0,0,0,0,0
0,0,0,0,0,0,0,0,0,0,0,0,0,0,0,0,0,0,0,0,0,0,0,0,0,0,0,0,0,0,0,0,0,0,0,0,0,0,1.4347,2.8088,3.4961,3.4756,3.7753,4.4005,4.8985,5.0857,6.3696,5.5029,5.5277,3.4994,3.4983,3.5707,4.4372,3.0314,4.6567,4.8721,4.4131,3.4483,3.1586,9.387,4.8828,5.8209,4.2106,4.3419,4.472,5.1975,5.9518,6.0379,6.3262,7.4417,4.8378,10.655,6.6609,8.2987,8.237,7.3,7.2293,6.9555,8.6241,6.7607,5.3844,6.8744,5.6997,5.8176,6.9062,6.1551,7.2895,8.1208,5.7343,6.2924,5.3035,4.5006,5.8221,4.6161,5.2801,3.5503,3.8151,4.4715,3.4836,5.0205,4.9515,3.8868,5.4586,4.0715,4.746,5.6866,5.6882,3.7826,6.2406,5.5207,4.2571,5.4835,6.1082,6.822,6.2325,8.7116,7.9312,6.8037,7.2564,6.2995,5.6965,7.5716,5.5099,7.0132,4.556,7.3899,4.7865,6.3577,5.4392,4.5865,3.6049,6.1902,4.9815,3.1419,3.0637,2.4897,4.1693,2.2902,2.5844,2.5007,2.336,3.4141,2.1306,3.5783,3.624,4.4986,4.1235,3.6289,4.9854,3.9232,3.9209,4.4333,3.7953,4.2152,4.4287,6.5573,3.5671,4.4311,3.8369,3.9538,3.5568,3.5861,4.3912,0,0,0,0,0,0,0,0,0,0,0,0,0,0,0,0,0,0,0,0,0,0,0,0,0,0,0,0,0,0,0,0,0,0,0,0,0,0
0,0,0,0,0,0,0,0,0,0,0,0,0,0,0,0,0,0,0,0,0,0,0,0,0,0,0,0,0,0,0,0,0,0,0,0,0,8.2073,2.8691,3.6675,3.3017,3.7618,4.6892,4.9023,4.3512,4.2095,4.77,4.773,4.5448,4.921,3.8576,3.6686,3.1336,4.9332,2.9258,3.8013,4.1183,4.3515,3.5115,5.0569,5.1508,6.0874,4.0606,6.5088,5.4776,6.4638,6.4732,6.2808,6.0496,6.1804,6.7325,7.5218,7.2978,8.1606,9.4774,4.9626,5.6413,5.7175,5.481,5.4193,7.3777,6.1898,8.6313,8.3158,6.5939,6.1278,6.4201,6.2835,6.257,5.8038,6.4877,4.7966,5.2383,5.2471,4.828,5.0861,5.6007,5.3802,4.006,4.5585,3.9078,5.7884,3.6288,5.8178,5.2156,4.7059,5.5956,4.2341,5.9041,4.8009,4.0735,6.3703,8.733,6.5793,7.0259,7.357,7.1096,7.4441,5.8935,6.2018,7.2564,6.9704,5.0846,7.1816,6.7336,5.5416,6.6237,5.2472,4.8896,4.8985,3.5993,3.6743,4.3501,4.8337,3.1989,4.6982,2.9689,4.1431,3.0918,2.4332,4.3791,2.9215,3.0819,3.052,2.7257,3.8885,2.5181,4.3356,3.3901,2.2521,4.4521,3.1469,3.7078,4.5908,4.9409,5.3028,4.3358,5.0962,3.8611,4.478,3.9287,2.6615,2.5962,1.4489,0,0,0,0,0,0,0,0,0,0,0,0,0,0,0,0,0,0,0,0,0,0,0,0,0,0,0,0,0,0,0,0,0,0,0,0,0
0,0,0,0,0,0,0,0,0,0,0,0,0,0,0,0,0,0,0,0,0,0,0,0,0,0,0,0,0,0,0,0,0,0,0,0,0.98936,2.4896,3.3621,3.2897,4.2742,4.2219,3.701,5.5692,4.3644,3.7891,4.3791,3.3959,3.7249,4.6536,3.2282,2.6982,3.5759,4.6596,4.049,6.0214,4.2453,4.4611,4.8291,4.5655,5.5211,3.7209,4.7055,5.181,6.1412,6.2273,6.4575,9.6719,6.1741,6.028,7.4826,7.2337,5.271,6.9469,5.6416,6.2676,9.0101,6.5765,8.3154,6.3535,5.211,6.4371,7.67,6.344,7.7314,5.5337,6.7763,5.6304,5.8797,5.2504,5.2821,4.2383,5.4855,5.0924,4.3385,4.4873,5.6402,5.0573,3.46,3.895,4.5892,4.4396,4.1429,4.5265,4.525,3.5199,4.7143,3.6979,6.4088,4.629,4.944,4.5204,5.9886,5.8173,6.1505,7.148,6.2865,6.8132,7.9182,4.99,8.2824,7.1895,9.9866,4.7284,5.9791,6.9086,6.8896,6.28,7.3444,4.2008,5.4678,4.6371,4.0531,4.2456,3.5008,2.4488,3.1854,4.1695,3.3703,3.4007,2.4141,3.0225,4.5609,1.8314,4.7159,4.0174,3.942,4.9,3.7295,4.0325,4.2691,3.6236,5.0146,5.6303,2.5977,6.1935,4.2918,7.3051,3.1262,5.0315,4.8528,3.7744,3.2565,1.9219,1.8538,0,0,0,0,0,0,0,0,0,0,0,0,0,0,0,0,0,0,0,0,0,0,0,0,0,0,0,0,0,0,0,0,0,0,0,0
0,0,0,0,0,0,0,0,0,0,0,0,0,0,0,0,0,0,0,0,0,0,0,0,0,0,0,0,0,0,0,0,0,0,0,0,0.86819,4.4371,4.0091,3.5916,4.3094,5.7505,3.9142,4.4343,6.4843,4.4822,4.9623,5.1062,6.4448,4.7036,3.7367,3.4883,6.4389,3.7911,5.1796,4.8908,4.1649,5.145,3.3893,5.6756,3.957,5.2295,3.8531,5.0879,4.14,6.483,6.6431,6.3194,4.5641,8.8982,5.8193,7.6392,6.5058,9.1222,8.4627,5.1445,5.679,8.7398,6.191,6.878,5.842,6.8199,6.0541,7.0384,7.2037,6.0607,5.4705,7.2633,5.942,6.1527,5.2299,4.808,4.6643,4.9816,6.0357,5.0416,4.755,4.6415,4.393,4.1807,6.6713,3.967,4.063,4.112,5.8054,3.5913,4.5247,4.6365,5.2158,4.7707,3.6747,5.7159,5.382,5.921,5.4207,6.7605,5.8571,7.297,6.6314,5.8349,6.2572,6.7626,6.0408,6.1489,6.7294,4.5982,6.2,5.4966,4.3853,6.0365,4.7971,5.6893,3.6857,4.9848,4.0853,4.1523,3.7288,3.3088,3.7185,4.8884,2.9058,3.6562,3.0237,5.273,3.6679,4.373,3.0776,4.389,3.5027,5.6835,4.0041,4.196,3.7113,4.1702,3.1563,5.248,4.7056,5.7293,3.2985,13.136,3.8072,3.138,4.216,3.3795,2.7399,2.2022,0,0,0,0,0,0,0,0,0,0,0,0,0,0,0,0,0,0,0,0,0,0,0,0,0,0,0,0,0,0,0,0,0,0,0
0,0,0,0,0,0,0,0,0,0,0,0,0,0,0,0,0,0,0,0,0,0,0,0,0,0,0,0,0,0,0,0,0,0,0,0.21076,2.4291,3.8655,4.2275,4.3206,3.7514,5.1439,6.0752,5.4037,4.852,3.2841,4.4223,3.8696,4.1719,4.5592,4.932,4.6156,5.7122,4.7019,3.6745,5.9586,4.5927,4.2518,4.4076,4.4508,5.2831,5.0957,6.1783,5.5302,6.4663,6.5234,6.8794,6.658,5.899,6.59,7.8028,6.5347,7.5511,6.0601,7.9638,6.3141,6.5117,6.4527,6.507,7.2796,6.1752,6.2556,5.6299,6.9923,6.1816,6.1499,7.7037,7.2381,5.4797,5.3447,6.0447,5.7846,5.8621,4.8352,3.8737,5.315,3.7161,4.7786,5.2647,5.6775,3.9985,3.9862,4.5852,4.3649,4.2447,4.2205,4.6021,4.8824,4.5088,4.9781,4.1862,4.2659,4.8848,6.5571,6.1177,7.2576,5.793,6.8039,8.7084,7.4293,6.6973,8.6246,6.0207,4.2614,5.2396,6.8913,6.2836,7.074,7.5345,5.6257,5.3663,6.7053,4.5358,4.0264,4.7788,4.8578,3.7671,2.8709,3.43,3.3698,4.5275,2.8024,3.9682,2.6207,3.6437,3.2322,3.8918,2.9292,5.2967,5.7973,4.647,3.7054,3.8908,4.462,3.6392,4.8404,4.1626,4.0976,2.5336,3.8883,4.2369,3.0895,5.1844,3.735,3.652,2.2663,0,0,0,0,0,0,0,0,0,0,0,0,0,0,0,0,0,0,0,0,0,0,0,0,0,0,0,0,0,0,0,0,0,0,0
0,0,0,0,0,0,0,0,0,0,0,0,0,0,0,0,0,0,0,0,0,0,0,0,0,0,0,0,0,0,0,0,0,0,0,7.0091,2.7451,3.6918,3.6562,3.9421,4.4718,4.492,5.353,3.9769,6.2234,3.7376,4.741,5.5172,4.5392,5.081,5.5046,4.2312,5.075,5.0524,6.6312,5.1439,4.7187,6.3716,4.5096,2.9575,5.0106,5.077,5.0327,5.7658,6.2526,6.4449,5.6497,5.913,6.9135,6.2727,7.5608,7.2568,6.1797,5.7669,5.9232,6.294,6.4259,7.1133,6.4556,7.459,5.331,7.1314,6.664,7.8731,6.3083,7.2802,7.0115,5.1807,6.1309,4.5288,4.1869,5.1694,5.3806,6.0218,3.9536,4.7882,3.4941,4.7981,4.071,4.4005,3.8071,3.8134,4.301,4.0024,4.2808,4.4026,4.6566,4.7504,4.476,3.8094,4.8327,4.0356,5.7663,5.5287,5.7057,5.0606,6.1841,6.3159,7.0315,7.5704,5.4343,4.7086,6.5249,8.6506,6.8427,7.7835,5.4272,6.4505,4.5388,4.6841,4.3516,5.2152,5.0244,4.2651,4.0041,4.9545,4.3849,3.731,3.2059,3.6355,4.1188,4.377,3.5918,4.31,3.9526,3.4436,4.1318,3.4061,4.0885,4.3996,3.1256,4.825,5.0744,4.3621,4.3101,5.8906,3.9974,5.5031,3.5589,5.1028,3.6952,4.1392,4.3237,4.23,2.8869,4.443,0,0,0,0,0,0,0,0,0,0,0,0,0,0,0,0,0,0,0,0,0,0,0,0,0,0,0,0,0,0,0,0,0,0,0
0,0,0,0,0,0,0,0,0,0,0,0,0,0,0,0,0,0,0,0,0,0,0,0,0,0,0,0,0,0,0,0,0,0,3.7234,3.3171,3.5279,3.9541,3.2423,4.1542,4.6299,3.7705,5.9478,3.5869,4.4581,4.5802,7.4697,4.0737,5.1044,5.8204,5.5875,5.1288,5.4852,3.9739,5.1618,4.5172,4.6335,5.9259,5.0262,6.7653,4.5857,4.7145,5.2201,6.4833,5.5565,6.2072,5.5346,7.4073,6.1613,5.9353,5.2004,6.9581,7.0492,7.7351,5.8401,7.7665,7.5634,6.1907,7.7286,7.7039,6.4298,7.4034,6.867,6.2674,6.4391,6.5881,5.9421,5.949,4.7511,5.114,6.19,4.9332,4.9444,5.8958,5.2909,6.1987,4.9553,5.1355,4.7529,4.683,4.8023,5.3028,3.7221,3.8735,3.5829,4.1868,4.7085,4.8366,4.2819,4.6301,4.8468,4.5086,5.377,5.2492,3.9394,5.3783,5.4126,6.7464,6.9529,5.3472,6.5424,7.4684,6.6912,5.6945,7.1432,6.6357,7.9964,8.0149,6.2429,5.2719,4.9115,5.7309,3.9302,5.2351,4.8462,4.3905,3.7026,3.8933,3.3404,3.8039,3.5553,5.1466,3.8544,2.3044,3.3435,3.4924,4.1368,6.9389,4.0712,4.1952,5.0142,4.4902,4.9546,4.6543,3.2869,5.335,3.1807,4.7837,4.7375,3.6048,4.3129,4.5619,3.2852,3.3988,2.7259,2.218,1.1482,0,0,0,0,0,0,0,0,0,0,0,0,0,0,0,0,0,0,0,0,0,0,0,0,0,0,0,0,0,0,0,0,0,0
0,0,0,0,0,0,0,0,0,0,0,0,0,0,0,0,0,0,0,0,0,0,0,0,0,0,0,0,0,0,0,0,0,0,15.667,3.1173,3.5911,4.9692,4.0795,11.992,3.4203,3.4621,5.1715,4.4136,3.4791,4.8626,4.0348,4.3851,4.9149,4.9384,4.4631,4.6981,6.0447,5.5211,5.8372,6.1321,5.0389,4.3532,7.1603,4.9474,4.7326,5.3178,6.5436,5.7149,6.7258,5.7027,7.3664,5.3794,6.0637,7.6843,6.6929,7.1761,7.4732,9.3518,7.1608,5.5756,6.5909,7.1882,7.3993,7.1649,6.0425,6.6082,6.6847,7.0078,5.9188,5.6811,6.8679,5.4354,5.3231,6.9192,6.0421,6.0517,5.5376,5.1068,5.8704,5.4316,5.7689,3.9708,4.4523,3.9869,4.2759,5.986,3.3073,5.4013,4.9061,4.4479,4.2028,3.9873,4.1495,5.1144,3.6019,4.245,4.4578,4.7271,5.7306,5.2569,6.446,6.3967,5.9569,7.026,7.2168,6.8254,5.9489,7.0782,6.9114,7.4354,7.0735,6.3831,6.2871,5.0129,6.1798,6.3365,4.3195,4.6884,5.3236,4.888,3.2272,3.8906,3.6729,4.0419,4.814,2.8347,3.5469,4.8119,5.066,5.5404,4.2033,4.6772,3.6589,4.1917,2.9151,4.6689,4.0026,4.7688,5.2179,7.134,4.5758,4.1518,4.1432,5.5102,4.6146,5.5913,4.9709,4.2416,3.3145,2.7024,2.9499,0,0,0,0,0,0,0,0,0,0,0,0,0,0,0,0,0,0,0,0,0,0,0,0,0,0,0,0,0,0,0,0,0,0
0,0,0,0,0,0,0,0,0,0,0,0,0,0,0,0,0,0,0,0,0,0,0,0,0,0,0,0,0,0,0,0,0,0.048938,4.8659,3.1487,3.6625,4.7606,4.1548,3.5672,4.4359,4.0367,4.1013,5.1621,4.7309,5.9211,4.1124,5.3751,5.0335,4.7969,5.3433,4.3327,3.9716,6.183,4.6363,5.7295,5.3426,4.722,5.2409,3.7432,7.7831,4.5478,6.0118,4.7848,7.4953,6.159,7.4206,7.5098,5.3373,6.0256,7.1323,8.6738,6.4885,7.9117,7.8636,6.2958,6.6568,5.8227,5.9663,6.9372,6.4549,6.086,6.0134,7.1757,5.2653,6.188,5.6156,4.8688,6.2117,6.7197,7.2094,6.1631,5.2374,5.8805,6.0315,5.795,5.0374,5.4475,4.8375,5.0733,4.379,4.9185,4.0337,4.5523,4.2448,3.736,4.0137,4.5818,4.3836,4.0173,5.0448,4.3271,4.9139,5.074,5.4226,5.0687,5.4204,4.9736,4.8609,5.609,6.123,7.1957,7.6767,5.8039,6.8373,6.5091,6.1601,6.2599,8.7768,4.9443,4.8292,3.7244,6.048,3.5564,4.0806,3.9642,6.4916,2.5881,5.3407,3.7846,3.1681,2.5933,3.866,4.9081,3.2215,4.6787,4.17,4.5943,4.6164,4.9301,3.448,4.8827,4.1807,5.0458,4.676,5.592,6.2174,3.8331,4.3867,4.1299,6.7752,4.659,4.1715,3.7313,3.7432,2.7909,2.7272,0.096214,0,0,0,0,0,0,0,0,0,0,0,0,0,0,0,0,0,0,0,0,0,0,0,0,0,0,0,0,0,0,0,0,0
0,0,0,0,0,0,0,0,0,0,0,0,0,0,0,0,0,0,0,0,0,0,0,0,0,0,0,0,0,0,0,0,0,0.76594,3.8486,4.4523,4.0638,3.6114,4.7532,5.9455,4.6388,4.8693,3.0827,6.1265,5.5963,5.0405,4.7831,4.8026,4.1071,5.5789,3.9727,5.338,6.9733,6.3815,4.6482,4.3815,5.5136,5.6626,5.5406,5.172,5.2159,4.6535,6.0619,7.0415,6.9269,6.701,6.721,6.3225,6.7438,6.331,5.4669,5.5095,7.0267,4.6292,5.3419,6.6058,6.5425,5.9688,6.6012,4.9725,6.8328,4.0473,6.6977,6.5642,7.102,6.5422,6.2958,6.7496,6.8578,6.8013,6.0826,6.3828,5.8426,6.2306,6.5273,6.2967,5.0028,5.1176,5.5277,5.445,4.1792,4.1717,4.9895,4.0584,4.1336,4.3189,4.0692,4.3074,4.4612,4.3879,3.9867,4.772,4.6554,4.5376,5.4952,4.8717,5.6948,7.2046,7.4593,7.1713,6.5404,7.157,5.8058,7.0729,6.2853,5.6482,6.1424,6.4598,5.5737,6.9701,5.2421,3.7737,5.1916,3.3863,5.2183,3.9377,3.3207,3.6919,4.7833,3.8667,4.0393,3.6789,5.0773,4.5355,3.7441,6.3314,4.7261,4.8097,3.751,3.2716,4.7858,4.7176,5.1096,4.8326,4.5398,3.8301,4.6419,4.9059,5.0168,5.7216,5.5321,4.1272,4.6251,4.7853,3.7959,3.6995,3.3337,0.63938,0,0,0,0,0,0,0,0,0,0,0,0,0,0,0,0,0,0,0,0,0,0,0,0,0,0,0,0,0,0,0,0,0
0,0,0,0,0,0,0,0,0,0,0,0,0,0,0,0,0,0,0,0,0,0,0,0,0,0,0,0,0,0,0,0,0.55967,2.7352,4.3911,3.874,4.7405,3.8733,5.9152,4.9245,4.9946,4.4891,5.7539,4.5273,3.9065,4.5616,5.2916,4.7478,4.419,5.6618,4.9421,4.054,5.3491,3.8686,5.9384,4.3724,5.4712,5.0357,5.3396,6.1761,6.2671,5.7929,5.6314,6.0191,4.5473,7.0161,5.3914,6.3908,5.9366,5.9727,7.0679,5.0764,9.1501,6.7562,6.181,5.9403,5.9685,5.8928,5.1193,5.7475,5.6757,5.5061,6.9225,5.8343,6.2877,6.1042,6.7478,6.934,7.0149,7.1181,5.9119,6.1645,5.8547,6.65,6.9601,6.2233,6.1035,5.4826,5.1654,5.3789,5.4264,5.2031,4.2504,4.6369,4.6823,4.8035,3.8931,3.8029,4.8385,5.0567,4.4237,4.2406,5.41,5.8849,5.4377,6.2251,6.4053,6.8243,5.6228,6.4434,5.8615,6.6362,6.2362,6.9802,7.3148,6.4973,6.339,6.1692,6.1925,5.8934,5.4046,4.6312,4.6537,5.664,4.4516,3.9865,5.0248,3.6179,5.1816,5.5149,4.5706,4.6602,4.898,4.9578,3.9566,5.1352,5.3442,3.255,3.837,4.9568,4.9434,4.2756,5.6796,5.2627,4.5109,4.7977,6.9257,3.6599,4.3129,3.0789,6.0037,4.7498,4.9799,3.6113,4.7612,4.1061,3.2275,4.2154,1.2349,0,0,0,0,0,0,0,0,0,0,0,0,0,0,0,0,0,0,0,0,0,0,0,0,0,0,0,0,0,0,0,0
0,0,0,0,0,0,0,0,0,0,0,0,0,0,0,0,0,0,0,0,0,0,0,0,0,0,0,0,0,0,0,0,1.2094,7.4192,4.604,3.9865,5.7611,3.5978,4.0148,4.6843,5.7964,3.5917,4.6743,4.3705,4.5224,4.5881,4.1598,4.4447,4.7921,4.5423,4.7699,3.9703,4.6925,4.6922,5.5928,4.4044,5.5017,4.5271,4.2692,4.5852,6.9537,5.4321,6.5996,5.8561,5.371,5.5638,4.8103,6.1559,6.0365,5.252,4.7167,6.2185,6.3105,4.7155,5.3988,5.9462,5.6983,4.7062,4.853,4.8472,5.4637,5.5971,6.8952,6.4611,6.1095,6.1533,5.8293,6.8663,6.8793,6.4676,6.1486,6.6565,6.9004,6.0526,6.2331,6.3531,5.9532,6.4689,5.7798,5.4916,6.1793,5.0469,5.6708,4.9939,6.1339,4.7545,5.1304,5.0709,4.9959,5.0071,4.986,5.4021,3.8284,5.4056,5.785,4.49,6.6036,5.8577,6.4479,6.8894,5.4029,6.4969,5.9195,5.9057,7.2588,6.8047,6.5782,5.382,5.0875,5.8962,4.5714,5.1537,5.7365,4.691,4.5001,4.8415,5.8909,5.4671,4.7359,4.6085,6.6715,5.2008,3.7538,3.9156,3.6777,3.8266,3.7994,4.6799,5.6454,3.7111,4.8857,5.4938,5.2673,4.9192,4.7413,4.3339,5.1598,5.2438,3.977,5.4374,3.4761,4.4294,4.2782,4.6634,3.7971,4.8396,3.6151,3.3417,0.73467,0,0,0,0,0,0,0,0,0,0,0,0,0,0,0,0,0,0,0,0,0,0,0,0,0,0,0,0,0,0,0,0
0,0,0,0,0,0,0,0,0,0,0,0,0,0,0,0,0,0,0,0,0,0,0,0,0,0,0,0,0,0,0,0,3.2649,3.6046,3.547,5.2984,4.4973,7.4517,5.9156,5.1683,3.8221,4.1636,4.3466,3.8351,5.6089,4.8299,4.9251,4.7023,4.3311,5.4233,3.1512,4.6964,4.7249,3.9244,4.154,6.1996,4.1793,6.6251,4.7155,4.552,4.1698,5.7782,7.2002,4.7264,5.3294,4.0582,4.8603,6.7062,4.1727,6.4068,5.6554,3.5695,4.7987,4.4834,5.1506,4.7025,5.6402,5.2142,5.6848,5.7813,5.2371,5.3105,5.7494,6.2103,6.3913,6.9809,6.5948,6.7788,6.4485,7.0469,6.3747,6.1703,6.0263,6.6478,6.9501,6.3485,5.8755,6.5903,6.5141,5.8015,5.9281,5.3368,5.9421,5.4866,5.288,4.8497,4.6704,4.9107,4.5997,4.9047,4.5186,4.2923,5.1563,5.2325,6.1419,6.5752,6.082,5.9795,5.916,7.142,5.8052,5.8053,5.2038,5.7999,4.8258,5.7871,4.8057,6.9222,5.4263,6.2387,4.5542,4.7768,2.8309,3.8032,4.1424,4.1077,5.3398,5.0002,4.8985,4.8812,5.4658,4.4521,4.1721,6.4673,4.8775,3.8901,4.0479,3.8644,4.6932,4.5978,3.4262,4.6848,3.6484,5.615,4.3874,5.593,4.5843,5.0866,4.213,4.4417,4.3175,4.6441,5.1122,4.3995,4.1515,4.0092,4.1551,3.4158,4.2239,0,0,0,0,0,0,0,0,0,0,0,0,0,0,0,0,0,0,0,0,0,0,0,0,0,0,0,0,0,0,0,0
0,0,0,0,0,0,0,0,0,0,0,0,0,0,0,0,0,0,0,0,0,0,0,0,0,0,0,0,0,0,0,0,2.3036,3.4436,4.6847,5.2157,5.3539,5.207,5.3847,5.6996,4.4435,4.7085,3.9319,3.9774,4.7261,4.1978,3.4596,3.0661,3.4572,4.2171,4.1296,5.0623,3.9194,4.4714,4.8783,4.8732,5.9917,5.668,5.2915,5.5991,6.2618,5.4015,5.3666,5.7685,5.7644,5.8077,4.9594,5.2404,5.6307,5.5162,4.9175,4.7408,4.689,3.5437,4.366,4.4253,5.4863,5.5325,4.2491,3.6464,4.6855,5.5606,5.257,5.8493,6.2208,5.6157,5.768,6.4218,6.6622,6.1984,6.8068,6.6403,6.3428,6.8644,8.0273,7.0474,6.3602,6.4307,7.0328,6.0078,6.1767,5.354,5.5001,5.7658,5.591,5.0438,5.3783,5.5908,5.0269,4.7238,4.4929,5.9344,5.8422,5.1825,5.1017,5.5867,6.5729,6.8534,5.6903,6.6021,6.8137,5.2684,5.4083,5.9299,4.9741,4.0442,5.806,5.4127,4.6414,4.9705,4.3953,5.3992,3.4058,5.4118,4.1113,3.1543,5.253,5.1049,4.7825,3.8767,4.3831,5.7421,5.7313,5.7417,7.2044,6.0492,3.9231,4.1484,4.6051,4.9748,4.7659,5.6317,3.3303,5.4347,5.3625,4.8477,5.988,5.1223,4.8022,5.0132,3.3736,4.7419,6.7028,4.8584,5.3828,3.1904,3.3726,3.2001,1.6903,0,0,0,0,0,0,0,0,0,0,0,0,0,0,0,0,0,0,0,0,0,0,0,0,0,0,0,0,0,0,0,0
0,0,0,0,0,0,0,0,0,0,0,0,0,0,0,0,0,0,0,0,0,0,0,0,0,0,0,0,0,0,0,1.5919,4.4881,3.6404,5.0791,4.564,3.8772,4.9027,4.9701,4.3705,3.6894,5.819,4.0156,4.5875,4.5012,3.1304,4.5012,3.6863,4.9823,3.8928,4.2506,4.686,4.044,4.0463,5.7497,4.2965,5.7719,4.1463,5.8806,6.6039,3.3275,5.758,5.1365,4.7926,6.6736,5.3404,4.6864,4.5412,5.9295,3.2288,5.0066,6.1749,4.6485,5.5867,4.4348,4.3208,4.9391,3.8782,4.9768,5.1775,5.1699,5.5324,5.3986,5.926,5.2575,5.8769,5.9837,6.9945,5.9422,6.7609,6.6343,6.4609,7.0654,7.162,6.4535,7.2367,6.9553,6.5556,6.6686,6.2457,6.7381,6.4038,6.0313,6.1947,5.5806,4.8911,4.9479,5.4914,5.6942,5.5835,5.5056,5.7813,5.4457,5.1625,5.9144,6.1596,5.7924,6.0541,6.3168,6.6694,7.4941,7.1289,6.3066,6.523,7.1283,4.1294,5.7561,5.3972,4.4566,5.29,6.4651,4.6086,5.7746,3.4908,4.4602,3.8279,5.1959,4.8644,4.7411,5.6477,3.9738,5.0404,6.0831,2.4835,5.6414,4.0295,5.3887,4.3244,3.8019,4.937,4.4283,7.2308,4.2231,4.439,4.1987,5.3108,5.976,3.9781,5.6509,3.9098,5.2602,5.5571,4.7911,3.92,4.6584,4.1668,4.1411,3.6582,3.2612,0.24381,0,0,0,0,0,0,0,0,0,0,0,0,0,0,0,0,0,0,0,0,0,0,0,0,0,0,0,0,0,0,0
0,0,0,0,0,0,0,0,0,0,0,0,0,0,0,0,0,0,0,0,0,0,0,0,0,0,0,0,0,0,0,0.86706,2.7019,4.4885,5.3409,4.2554,6.1885,6.7573,5.176,4.0792,4.7787,2.3732,4.1843,3.2233,5.9683,4.4784,4.0622,4.0658,5.3327,5.3802,4.8341,5.1338,3.7051,3.8017,4.4365,4.8353,6.2104,5.6959,5.4146,4.8844,3.8596,5.5934,5.0502,6.0019,5.2301,6.0241,7.0177,4.8275,6.2946,4.8354,4.3669,4.7785,4.3774,4.8138,4.0891,4.4023,4.3559,4.6916,4.102,5.096,5.0278,4.215,5.7168,5.0989,5.7213,5.2541,5.1555,5.7345,5.7528,6.5185,7.1819,6.8295,7.7078,7.117,7.077,6.6654,7.5632,6.9477,7.2114,7.622,7.9514,6.8039,6.6091,6.2344,6.229,6.3165,6.172,5.9133,6.1597,5.9111,5.2122,5.5364,5.859,5.8842,5.1751,5.5265,5.9944,6.3034,7.3257,7.1481,6.3698,6.8235,6.4332,6.723,5.766,5.1695,4.6631,4.9744,5.0447,5.2304,5.152,4.8842,4.634,4.3585,4.5864,3.8843,5.5712,5.0872,6.55,4.8672,4.9385,5.2841,5.4375,6.4021,4.5528,4.9545,5.3271,5.1943,4.7898,5.4533,5.1293,6.5332,4.4511,6.6197,5.6927,4.1714,5.4904,3.3529,3.7751,4.2957,3.9981,5.4612,5.0768,3.7641,4.2676,4.7622,4.5833,3.9764,4.575,0.64323,0,0,0,0,0,0,0,0,0,0,0,0,0,0,0,0,0,0,0,0,0,0,0,0,0,0,0,0,0,0,0
0,0,0,0,0,0,0,0,0,0,0,0,0,0,0,0,0,0,0,0,0,0,0,0,0,0,0,0,0,0,0,3.1026,5.5815,5.1072,7.1085,5.1928,4.2329,6.1962,4.2294,3.8165,4.5337,4.0195,4.1715,5.6759,4.8025,5.0444,3.3202,7.2659,4.0153,3.7753,5.77,4.5639,4.948,4.2841,5.3217,6.7395,4.7438,4.625,4.4472,6.9764,5.7315,5.2162,6.458,4.1644,4.5918,4.6832,4.7111,4.189,5.9864,5.5116,4.7916,4.382,4.8738,4.3605,5.1627,4.3072,4.5943,4.5361,4.5635,4.0112,4.6416,4.6531,4.5553,6.2482,5.7132,5.6549,5.8774,5.973,6.391,6.2166,6.4519,7.0806,7.3642,8.1229,7.8293,7.7305,8.0876,7.5654,8.2619,8.1348,7.5172,8.0167,7.5028,7.2793,6.9543,6.5151,5.7129,6.3894,6.1178,5.9383,5.8394,6.0812,5.874,6.0169,5.5366,5.6436,7.159,6.2699,6.7992,6.5752,6.6125,5.7536,6.3274,6.7745,5.6263,5.8013,5.3171,4.8366,5.5687,5.676,4.0613,5.1937,2.9873,4.6475,4.7842,4.0351,3.9686,4.2807,5.0171,5.2938,6.5695,5.7913,5.6926,5.1207,4.2977,7.1022,4.782,5.9528,4.4444,5.795,5.4676,4.4367,5.8783,4.8837,4.5359,5.5596,3.4438,3.2231,4.078,4.6122,3.7723,3.166,3.5981,2.8344,4.7384,3.7484,3.6907,4.0247,3.6822,2.5267,0,0,0,0,0,0,0,0,0,0,0,0,0,0,0,0,0,0,0,0,0,0,0,0,0,0,0,0,0,0,0
0,0,0,0,0,0,0,0,0,0,0,0,0,0,0,0,0,0,0,0,0,0,0,0,0,0,0,0,0,0,0,2.7472,4.0813,4.4386,4.28,5.159,5.1639,5.229,5.0256,3.7734,3.5966,4.858,2.2966,3.5638,4.4694,3.621,3.5,3.329,4.4537,3.295,5.5409,3.926,4.259,4.5363,5.0239,4.685,5.9728,5.8627,6.012,6.2421,4.9273,5.4004,3.6303,5.5055,7.1464,4.4912,4.6941,4.6457,5.5214,4.3333,3.4359,3.8627,4.8764,4.4794,5.111,4.4497,2.9525,4.6473,4.8368,4.7517,4.5625,4.673,6.022,5.423,5.5719,5.6956,6.4902,6.51,7.2804,6.5736,7.46,7.652,7.9859,6.9953,8.194,8.8928,8.4577,8.5124,8.5503,8.8158,8.2092,8.0658,8.1965,7.5004,7.5883,7.325,6.6887,7.2614,6.5281,6.5386,5.9853,6.3146,6.0563,6.4374,6.3766,5.6353,5.6135,6.5194,6.497,6.5806,6.0307,6.567,6.126,6.5265,5.6145,6.0494,5.1708,5.7609,4.2544,5.035,4.5059,5.3421,4.8358,4.47,4.8964,2.9412,4.2457,4.1519,5.0656,4.9579,5.4672,5.6119,5.1721,6.0591,6.1441,6.1285,6.1866,4.4522,4.8904,4.9189,5.4717,5.6794,4.8658,4.3486,6.547,4.4859,6.4378,3.3513,3.2265,3.5227,3.2027,5.1123,3.9347,3.7415,4.346,4.2375,4.7336,4.2987,3.6507,2.4107,0.93624,0,0,0,0,0,0,0,0,0,0,0,0,0,0,0,0,0,0,0,0,0,0,0,0,0,0,0,0,0,0
0,0,0,0,0,0,0,0,0,0,0,0,0,0,0,0,0,0,0,0,0,0,0,0,0,0,0,0,0,0,0.67914,2.9881,4.68,4.4868,5.7742,4.6158,4.6998,4.1595,4.1787,3.2994,4.16,4.1845,3.7029,4.452,4.1026,4.1096,3.4796,4.2963,3.6814,5.2476,4.3687,4.3181,4.2386,5.3375,2.3588,4.756,6.2872,4.4213,4.911,5.7554,4.8139,4.3373,5.9674,5.9,4.0616,4.5675,4.3594,4.1722,5.7508,4.6488,5.5445,4.231,4.2176,4.6231,4.9591,3.4076,4.8839,4.3772,4.8528,5.187,4.7507,4.945,4.2632,5.8428,5.2542,6.5453,5.9244,5.8844,7.0074,6.906,6.6435,7.9163,8.4204,8.2976,8.339,9.2968,8.8758,9.7139,8.4096,9.534,9.2738,9.3459,8.7493,8.2176,7.6752,7.5287,7.1594,7.3562,6.9172,6.3388,6.624,6.9881,6.4809,6.6359,7.1558,6.5419,6.4621,6.4957,6.7511,6.7115,6.4185,7.5237,5.522,6.6369,5.9986,4.2609,6.0297,4.5293,4.1708,4.8878,4.7034,5.9713,6.1867,4.5275,4.1094,4.0015,6.721,3.6916,6.069,4.2733,5.0417,5.9758,3.5299,5.5151,5.3585,3.8804,4.5371,4.8604,5.1651,6.0212,4.3515,5.5897,4.4941,5.9474,5.2284,3.3868,4.3826,4.41,3.2862,4.4967,2.754,5.022,4.3448,4.1678,4.0903,3.2186,4.0672,3.8323,4.1999,3.236,2.1754,0,0,0,0,0,0,0,0,0,0,0,0,0,0,0,0,0,0,0,0,0,0,0,0,0,0,0,0,0,0
0,0,0,0,0,0,0,0,0,0,0,0,0,0,0,0,0,0,0,0,0,0,0,0,0,0,0,0,0,0,1.1135,5.452,4.7627,5.6224,5.0134,5.6936,5.8641,3.9166,4.0222,4.5904,3.3319,3.6996,4.0953,3.9883,4.1272,3.4476,4.5122,3.9596,2.9124,3.5918,4.3674,4.7389,3.6898,4.3169,4.2902,5.2311,4.406,4.5945,4.9563,5.0716,5.718,5.3689,3.2674,4.8193,3.9078,5.2334,4.393,3.8855,3.6709,4.0528,3.9721,4.7913,4.3526,3.7233,3.5613,4.266,4.4125,4.3724,4.7188,4.6581,4.3708,4.9734,5.4042,5.3211,6.0262,5.6251,6.5051,6.9325,7.7387,7.3139,8.5274,8.6235,8.4891,8.7161,8.9346,9.8093,8.9321,9.7128,9.5108,9.4109,9.2304,8.7302,9.2258,8.8091,8.7675,7.9936,7.7991,7.8513,7.6856,7.4873,6.8346,7.5564,6.9426,6.9608,7.0796,6.5192,6.6378,6.9817,6.7742,6.3513,6.0699,6.1094,5.8666,6.7952,5.9967,6.5398,5.3728,6.5105,4.3973,3.6966,4.5974,4.4473,3.5452,3.5726,4.3972,4.3091,5.1844,4.8017,5.358,5.5912,6.2642,4.5851,5.3325,5.5486,5.3764,4.803,4.4272,6.6786,5.9212,4.7583,3.6515,5.9382,5.2479,5.5006,4.582,6.8278,3.4655,4.4244,3.4479,4.1261,3.6834,2.8826,3.6509,5.1108,3.7538,3.9984,3.6295,3.639,4.4724,3.0361,0.11758,0,0,0,0,0,0,0,0,0,0,0,0,0,0,0,0,0,0,0,0,0,0,0,0,0,0,0,0,0,0
0,0,0,0,0,0,0,0,0,0,0,0,0,0,0,0,0,0,0,0,0,0,0,0,0,0,0,0,0,2.516,4.8952,4.1068,3.6736,5.198,6.0883,5.0272,5.5476,4.3486,5.1301,3.6997,4.5227,4.0525,4.2097,3.3694,3.1553,4.363,3.5695,3.7404,4.5132,2.8614,3.8367,2.9347,4.4436,5.1532,4.3596,6.882,4.7626,3.6146,5.744,5.0321,4.4534,4.1008,5.3787,5.41,4.4032,4.5449,4.5848,5.7803,4.8495,3.8137,4.3818,4.3748,4.0258,3.5449,5.1497,4.1043,4.2697,4.0179,5.1188,4.753,5.3864,5.6047,6.1963,6.1537,5.9014,5.7448,6.5974,7.7989,7.4051,7.6045,8.1421,8.3016,8.5665,8.9896,8.6562,9.2331,9.6422,10.203,9.7344,9.5807,9.7254,9.173,8.9157,9.0068,9.0749,8.3117,7.8657,8.4221,7.8857,7.9913,7.7648,7.5658,8.0688,7.4452,6.7526,7.6469,6.7623,6.9328,7.2265,6.5976,6.8086,6.4456,6.1876,6.1631,6.3383,6.4739,4.6255,5.6874,4.7987,4.1204,5.884,4.0088,4.2607,4.038,4.8831,4.9295,3.2885,4.7434,6.0494,4.264,4.086,5.5809,5.9324,6.4334,4.2948,6.324,6.6849,6.0462,2.5073,6.374,6.2052,6.1129,5.0316,5.1646,3.9606,4.2334,4.3793,3.4763,3.818,5.1314,2.8627,4.2519,5.9227,4.5386,3.8968,5.2742,3.4415,4.1267,3.2223,2.9625,4.6735,0,0,0,0,0,0,0,0,0,0,0,0,0,0,0,0,0,0,0,0,0,0,0,0,0,0,0,0,0,0
0,0,0,0,0,0,0,0,0,0,0,0,0,0,0,0,0,0,0,0,0,0,0,0,0,0,0,0,0,2.6538,5.9193,3.4322,5.0925,5.5156,4.3975,4.619,4.2896,5.575,4.5245,5.2117,3.6471,3.182,2.9435,4.5349,2.0868,4.8548,3.8978,4.9707,2.2578,4.7551,3.9426,3.9654,3.1534,4.0005,4.7468,5.0679,3.9631,4.3839,4.6094,4.4336,6.3005,4.1998,3.6266,4.0241,3.538,4.3161,4.4367,4.4175,7.0233,4.1047,3.8649,3.6786,4.0879,4.9603,4.3669,4.3751,4.2175,4.9129,4.7852,4.7924,5.3094,5.4115,5.7934,6.2222,6.7863,6.6043,6.7129,7.0888,7.4753,8.8451,7.5274,8.9569,9.0384,8.7723,9.1183,9.4608,10.101,9.8318,10.266,9.4485,9.3853,9.8273,9.2749,9.4277,9.3563,9.4091,8.9531,8.6133,8.0613,8.12,8.9662,8.6667,7.6807,8.641,7.6101,7.4336,7.3605,7.3313,7.1314,7.0643,7.2191,7.1909,6.0538,6.6434,6.1959,4.7254,5.3401,4.2557,5.9887,3.842,4.5123,5.4673,3.3998,5.1684,5.3107,4.3484,3.8885,4.801,6.1672,5.6941,6.9925,4.2685,5.507,6.2176,5.7763,6.6186,5.3318,5.9282,6.0241,4.5316,7.3995,3.935,5.2973,4.4769,3.8623,3.9598,4.6477,5.0163,4.6854,4.4596,3.4842,3.4068,3.4199,5.0861,4.0763,4.1906,4.6611,4.0504,3.7846,4.245,2.8929,2.3699,0,0,0,0,0,0,0,0,0,0,0,0,0,0,0,0,0,0,0,0,0,0,0,0,0,0,0,0,0
0,0,0,0,0,0,0,0,0,0,0,0,0,0,0,0,0,0,0,0,0,0,0,0,0,0,0,0,0,3.5823,3.5331,3.3399,3.3191,4.0065,4.8563,5.0954,4.8802,4.6225,2.7699,3.8598,3.5344,3.4396,2.8648,3.1569,3.5138,2.8169,3.1938,3.0674,2.9844,3.9601,4.7867,3.7077,3.5792,3.2196,4.6479,5.4131,5.4258,5.9321,4.6361,6.4042,4.8486,4.0218,4.6992,5.0521,4.3113,4.182,3.8144,3.7571,3.9755,3.8302,4.0823,5.6495,3.5429,4.3525,4.9507,3.7532,4.8972,5.8907,5.438,4.3694,4.7199,5.8792,5.577,6.648,6.9171,6.7281,7.2157,7.5332,9.1736,8.3198,8.0529,8.8808,9.2394,8.7114,8.6988,9.3204,9.395,9.9848,9.5937,9.2426,9.2164,8.7315,9.1849,9.6268,8.5416,8.7723,8.2497,9.1512,8.7122,7.8588,7.969,7.4057,8.5227,8.455,8.9623,8.4083,8.0597,8.2045,7.2334,7.1409,7.0231,6.806,6.7385,6.4422,6.3058,5.4378,5.1882,4.546,4.1078,4.9766,3.9269,4.5455,6.5184,4.3043,4.4077,4.1525,4.929,5.2521,4.5183,4.5654,5.3789,5.9722,6.0922,4.5574,6.7052,5.6813,5.0924,5.3169,5.7883,3.9322,4.1724,3.2575,4.4602,3.4444,5.8897,3.4659,3.5942,4.0859,4.0254,5.0346,5.0192,4.8872,3.6502,3.287,3.432,3.8914,3.3741,4.1365,3.9988,3.2189,2.4319,2.2438,0,0,0,0,0,0,0,0,0,0,0,0,0,0,0,0,0,0,0,0,0,0,0,0,0,0,0,0,0
0,0,0,0,0,0,0,0,0,0,0,0,0,0,0,0,0,0,0,0,0,0,0,0,0,0,0,0,1.8023,2.865,6.5605,7.2303,5.9553,18.729,6.3984,4.6196,4.4176,3.0198,3.0783,4.2653,3.4545,3.9546,4.5349,2.6253,3.1781,2.9847,3.6148,3.935,3.726,3.4923,3.4087,3.7501,4.3377,5.3581,6.0843,3.5388,3.1463,7.079,6.1841,3.2221,3.8041,3.923,4.9911,3.9169,4.7213,5.7221,3.566,4.5088,4.6595,4.6508,4.2365,4.2751,6.3864,4.2455,4.5764,4.2918,5.0236,4.9554,5.6018,5.8065,5.1087,6.2596,6.1746,6.332,7.1634,7.494,8.3022,7.7306,7.8907,8.0194,8.7472,8.7134,8.5356,8.7501,9.7345,9.4918,9.5739,9.8224,9.1329,8.9268,9.1231,9.1141,9.0632,8.8987,9.4725,8.8095,9.2771,8.7618,9.2361,8.673,8.8553,9.0859,8.8659,8.5062,8.4396,8.333,7.8519,8.5123,7.49,6.7923,7.0632,6.5372,6.0122,6.229,6.1703,5.3579,5.4643,5.5714,4.0264,4.0205,4.72,2.8644,4.1712,4.4861,3.9467,4.946,4.9347,4.432,4.8694,6.7049,6.3378,5.104,4.5379,6.2628,5.2049,4.9776,5.9379,4.9694,6.3606,4.7871,5.3066,4.4856,4.6357,4.4102,4.9686,3.7784,3.9689,3.6475,3.9998,3.141,3.3771,2.7279,3.0287,3.6743,5.6172,4.9626,5.1033,3.9907,4.2585,4.4905,2.5365,2.0131,0.62965,0,0,0,0,0,0,0,0,0,0,0,0,0,0,0,0,0,0,0,0,0,0,0,0,0,0,0,0
0,0,0,0,0,0,0,0,0,0,0,0,0,0,0,0,0,0,0,0,0,0,0,0,0,0,0,0,0.66503,4.5786,5.3737,5.6854,6.7383,6.6846,4.515,3.9642,3.6855,4.7145,4.3712,5.2123,3.7952,3.6408,2.6699,2.7702,2.3942,3.3038,3.0448,2.5556,2.4509,4.6441,3.4888,3.2684,3.1269,3.0251,3.069,4.1769,4.7237,4.7675,3.2017,4.3343,4.6487,3.9346,4.6093,3.6565,4.9083,5.6558,5.5567,4.4094,5.6108,4.4762,4.2879,3.7712,4.815,3.9148,4.6317,4.8132,5.9627,6.0742,5.8246,5.9236,5.9721,6.5924,7.0127,7.3022,7.3132,7.7276,8.2904,8.6479,8.7291,8.603,8.707,8.9541,8.8673,8.7205,9.9598,9.5683,9.6916,8.7953,8.9676,8.7277,8.9191,9.2299,8.8664,8.4973,8.9314,8.6361,8.863,8.6429,9.7142,8.8367,8.5853,8.9421,9.5219,8.8135,8.2599,9.1759,8.4817,8.7491,7.8748,7.6573,6.7077,6.9172,6.4257,6.2297,5.6786,5.7986,4.6327,4.0413,4.6582,5.2416,5.0178,4.46,4.1765,3.6871,4.2668,5.0311,6.0106,5.3901,5.3038,4.5324,4.3907,5.5644,4.1387,5.0824,5.5629,7.6814,5.7573,6.0244,5.1805,5.9787,5.2563,5.3366,5.0054,5.4097,5.3245,8.1179,4.1916,5.1221,3.7488,3.3256,3.0666,3.7294,4.5099,4.0471,3.5826,4.8027,3.9973,6.4736,4.272,4.2261,3.9751,2.7778,5.8244,0,0,0,0,0,0,0,0,0,0,0,0,0,0,0,0,0,0,0,0,0,0,0,0,0,0,0,0
0,0,0,0,0,0,0,0,0,0,0,0,0,0,0,0,0,0,0,0,0,0,0,0,0,0,0,0,3.4583,5.2847,6.0413,4.0833,5.7017,3.8813,7.3191,3.9153,4.6535,2.9611,3.5238,4.4633,4.7694,4.3281,3.6526,2.8545,2.6084,2.5716,5.0278,2.6682,3.0914,5.2053,2.8476,3.7308,3.976,3.4061,5.3164,4.0039,4.7032,4.1983,4.3116,3.8751,4.5986,4.6298,4.1982,4.0681,4.5468,4.3898,4.6833,4.7341,4.2847,4.1505,4.8507,4.1716,5.1923,4.3061,5.5236,5.3385,5.2868,5.5809,5.9072,5.9574,6.6411,7.053,7.6033,7.5666,8.011,7.979,8.2661,8.7327,8.9177,9.5095,9.429,8.502,9.3852,8.5443,8.741,8.5945,8.8504,8.4827,8.2976,8.4534,8.1397,8.2845,8.1454,8.2251,8.6431,9.311,9.6556,8.6302,8.1881,9.2428,8.6113,8.7422,8.8781,8.6856,9.0788,8.9129,9.5062,9.658,8.3974,7.9951,7.1818,7.3695,6.8319,6.3529,5.7838,5.4433,5.7589,4.0656,4.2169,5.0443,3.2082,3.7365,3.9142,4.8195,5.6306,4.4253,4.5913,5.1572,6.6773,4.3438,5.5,6.4113,4.4387,7.2097,7.1866,6.6139,7.5165,5.641,6.2879,5.9381,5.8478,4.6333,3.7003,4.2685,5.1594,5.6197,6.0324,4.1168,5.4967,4.3203,4.2076,3.2724,4.5814,3.5266,4.228,3.54,4.7706,4.2015,5.0168,5.2663,3.9773,4.6811,2.4744,0,0,0,0,0,0,0,0,0,0,0,0,0,0,0,0,0,0,0,0,0,0,0,0,0,0,0,0
0,0,0,0,0,0,0,0,0,0,0,0,0,0,0,0,0,0,0,0,0,0,0,0,0,0,0,0,3.7274,4.2841,5.5716,6.2661,6.047,5.4225,7.1245,5.1871,3.7799,5.7855,4.2313,3.4126,4.0426,3.4385,3.7517,2.0567,4.0779,3.1734,2.5726,3.028,2.7024,3.3634,3.568,4.2959,3.0024,4.0969,4.5673,2.838,5.2573,4.9602,5.0476,3.9712,2.3069,4.8876,4.6909,6.0608,4.4428,4.7414,5.2045,4.2262,3.9845,4.6827,4.605,5.0288,5.734,5.0929,5.6785,6.5279,5.7685,5.7295,6.2316,6.3364,7.3067,7.6926,7.7521,8.031,8.2145,8.6038,8.9898,8.7807,8.6618,9.0178,8.5941,8.9415,8.7792,8.7868,9.0179,8.6452,8.2161,8.0539,8.0378,7.6168,7.5493,7.3793,7.4622,7.6822,8.726,8.378,8.0211,8.905,8.9641,8.8245,9.0487,8.5708,9.5606,8.6873,9.8699,9.4543,9.1167,9.4044,8.635,8.3713,7.6972,7.1408,6.3708,6.1215,6.0594,5.7993,4.9094,4.8646,4.9055,4.0522,5.36,3.8219,3.9789,3.7091,4.2553,3.1902,4.9507,4.3841,3.207,5.6877,5.6674,6.4476,5.9219,6.6412,7.4057,4.5181,5.3491,5.6598,5.1477,6.3058,5.0704,4.6723,4.5664,5.6789,5.1214,4.5634,5.2416,5.1014,5.9,3.9919,4.0174,4.0447,4.1004,4.6296,3.7577,5.0709,3.9427,4.263,4.8446,5.8318,3.9138,3.3629,3.637,0,0,0,0,0,0,0,0,0,0,0,0,0,0,0,0,0,0,0,0,0,0,0,0,0,0,0,0
0,0,0,0,0,0,0,0,0,0,0,0,0,0,0,0,0,0,0,0,0,0,0,0,0,0,0,1.1261,3.7516,3.3752,4.7151,5.9135,5.1371,4.4812,4.8304,6.3245,4.2329,6.2763,7.0533,3.3551,1.9118,2.1386,3.4151,5.2854,2.9056,2.9793,3.6874,2.5134,3.6674,4.9812,3.2286,3.8705,5.2434,3.9973,5.8366,4.892,3.0476,4.5428,4.3108,6.6706,3.9617,5.9514,4.8433,6.1817,5.3159,5.7793,3.6887,4.5194,6.9494,5.2347,5.4166,5.7009,5.2899,5.1386,6.079,5.9678,5.832,6.463,7.0147,7.2108,7.8341,8.0784,8.3738,8.8674,9.2668,9.1653,8.9934,8.4565,9.0355,8.642,9.5659,8.5119,8.6239,8.0239,7.9254,7.5775,7.8173,7.1794,7.3477,6.9504,6.7717,6.9238,7.1915,7.4762,7.8349,7.2965,8.5406,8.2511,8.0947,9.032,8.926,9.5552,9.8367,9.4498,9.3607,9.8297,9.7774,9.8574,8.7532,8.8982,8.3434,7.7893,7.3027,6.2395,5.6209,5.5534,5.3849,4.1742,4.0146,4.6037,3.7641,5.277,4.1276,4.9339,4.5357,5.1733,4.3932,4.0401,4.9497,5.7066,5.7312,5.5338,5.872,5.8547,7.9204,6.1515,7.7913,6.2512,6.1766,6.4364,6.2347,5.542,5.6982,4.2212,4.133,5.8227,3.8095,5.2292,3.7757,3.5544,3.9376,3.1262,4.8251,4.1424,3.8914,5.9447,4.0518,4.0697,5.4712,6.6148,4.9137,4.0302,3.1437,0,0,0,0,0,0,0,0,0,0,0,0,0,0,0,0,0,0,0,0,0,0,0,0,0,0,0,0
0,0,0,0,0,0,0,0,0,0,0,0,0,0,0,0,0,0,0,0,0,0,0,0,0,0,0,4.9612,4.3385,5.9371,5.7659,5.427,4.9155,6.5231,5.9269,3.7127,3.5225,4.6374,6.3449,5.0853,3.2808,2.1556,3.8277,2.9967,3.2705,3.8051,3.3933,2.4825,2.9033,3.028,3.7397,4.2178,4.2824,4.8596,4.9657,4.2845,4.6515,5.5161,3.9956,5.5401,4.9592,4.6099,4.657,5.4379,4.287,4.2807,6.0307,5.2735,4.942,5.5325,5.2334,5.1354,5.4759,6.3738,6.446,5.9918,6.6966,6.2873,7.9595,7.4815,8.308,8.8136,9.3531,8.8222,9.247,9.323,9.3125,9.358,8.6803,9.333,9.2945,7.9415,8.4252,7.8856,8.0176,7.3631,7.3008,6.3786,6.6834,6.4116,6.0921,6.3338,6.3576,6.7724,6.9947,7.2151,7.4441,7.9898,7.9061,8.2955,8.9466,9.2747,9.8442,9.7128,9.6891,9.768,10.011,9.6496,9.0521,9.0217,8.0276,7.466,7.1854,6.4355,5.5897,6.0923,5.7728,5.1672,4.7703,3.8129,3.9582,3.941,4.9037,4.163,4.1915,5.0485,4.958,6.6905,5.9634,5.7772,3.4854,5.6902,5.6657,6.4674,5.9337,5.6101,7.3814,5.5487,5.8575,5.7376,4.9837,6.6827,5.3147,4.4613,4.9627,5.8845,5.4131,3.5378,3.5455,5.3382,4.1892,3.7946,3.7945,4.0715,5.883,3.1494,4.5847,5.4809,3.4955,5.122,3.9503,3.5356,3.8143,0.25667,0,0,0,0,0,0,0,0,0,0,0,0,0,0,0,0,0,0,0,0,0,0,0,0,0,0,0
0,0,0,0,0,0,0,0,0,0,0,0,0,0,0,0,0,0,0,0,0,0,0,0,0,0,0,0.92552,3.4714,6.0898,8.2079,5.6228,5.4942,4.918,6.5408,3.4528,4.8552,3.1322,2.777,4.5973,3.621,1.4802,2.6634,6.0808,5.4446,3.5699,4.297,3.4723,4.1859,3.9791,1.9035,4.1585,4.6901,4.6474,4.5371,5.4582,5.0376,3.708,5.1417,5.0205,4.2832,6.4771,5.0806,4.014,4.8311,5.6556,5.52,4.9274,5.3591,6.3115,6.1628,6.103,6.2333,6.2243,6.2304,6.1335,6.6383,7.4102,7.4016,8.1911,8.6825,9.3895,9.2495,8.9161,8.9991,9.8037,9.6274,8.5825,9.2247,8.3313,8.6485,7.7878,7.4538,7.2369,6.8547,6.2712,6.4099,6.5346,5.8832,5.6975,5.675,5.7943,5.8816,6.1131,6.1111,6.6802,6.7656,7.4152,7.9723,8.1479,8.3322,8.6754,9.1316,9.3396,9.7263,10.205,9.9542,9.8475,8.9787,9.3716,8.4879,8.1021,7.2073,6.0885,5.9573,5.8004,5.2655,5.9567,4.6648,4.8241,3.5921,4.367,3.9209,5.0263,5.512,4.6203,4.7011,4.1297,4.2512,4.1816,5.2087,6.561,5.9695,6.1747,6.3957,6.3183,6.5784,6.62,7.0145,6.5377,6.0572,5.0243,4.9491,3.9692,5.0197,4.3296,3.8859,4.2626,4.9529,3.4467,4.1314,4.6262,2.4086,4.0852,5.3752,5.0842,3.9982,3.9393,4.7277,5.2519,5.2549,5.6267,4.9596,1.3675,0,0,0,0,0,0,0,0,0,0,0,0,0,0,0,0,0,0,0,0,0,0,0,0,0,0,0
0,0,0,0,0,0,0,0,0,0,0,0,0,0,0,0,0,0,0,0,0,0,0,0,0,0,0,1.7729,4.8726,5.4344,6.6862,6.7232,4.9485,5.1985,5.1781,5.8227,3.8325,4.4038,5.2048,5.2194,3.3719,2.5484,2.9223,3.0813,3.7586,3.1996,4.4743,4.3392,2.5689,2.8172,3.9971,4.703,4.3388,4.5343,5.5158,4.538,6.7578,4.9772,4.7972,6.1589,6.9006,5.3161,6.4147,5.4344,6.8547,4.7719,4.93,5.583,5.6295,5.725,6.9437,6.5184,5.995,6.5557,5.8504,6.9598,6.7573,7.3636,7.901,9.0583,9.2317,9.2392,9.2268,9.7519,9.564,8.762,9.0557,8.9387,8.1311,8.1751,8.1913,7.4342,6.9582,6.6916,5.6899,5.7573,5.8864,5.4499,5.5114,5.3672,5.2106,5.0995,5.6069,6.0536,5.8094,5.6921,5.9119,6.3217,7.1347,8.0635,8.1425,8.1034,8.8672,8.9562,8.9696,9.2478,9.4015,9.7537,9.6501,9.2948,8.9005,8.1057,7.5088,6.2406,6.2904,5.6931,4.9066,4.8084,4.8896,4.0498,4.7638,4.4393,4.2937,4.1135,3.6227,4.743,4.5558,3.6365,4.9862,5.4893,6.9021,5.4463,5.2232,7.2274,7.2897,6.5756,5.6726,6.6821,4.9835,7.7637,6.8707,7.5307,5.1377,6.1706,5.7458,5.3541,4.4774,4.8423,4.2194,3.7516,5.408,4.9729,5.3526,6.7632,6.0662,5.0658,6.7728,4.3006,6.8894,5.4392,3.3707,4.479,3.1725,2.1018,0,0,0,0,0,0,0,0,0,0,0,0,0,0,0,0,0,0,0,0,0,0,0,0,0,0,0
0,0,0,0,0,0,0,0,0,0,0,0,0,0,0,0,0,0,0,0,0,0,0,0,0,0,0,3.4766,4.7211,6.5758,5.8167,7.206,4.7512,5.4051,4.3664,4.0567,5.0768,3.1841,5.1332,3.7153,3.2212,2.3915,3.2185,2.0415,4.8,2.3441,4.5694,4.7568,3.204,3.6179,5.7687,3.8401,4.1598,5.9992,5.5761,5.1882,5.6533,4.5902,6.821,6.4297,5.7994,5.6864,6.0844,5.1641,5.4332,4.4241,5.3651,6.3846,4.6239,5.2275,6.4652,7.2791,6.1387,6.8698,7.1758,7.2375,7.0887,8.2071,8.078,8.3485,8.7046,9.4399,9.5988,9.5381,9.2555,9.0281,8.8036,8.948,8.4004,7.3841,7.5126,7.0021,6.7412,6.1269,5.9651,5.5764,5.4101,5.1295,5.0066,4.8725,4.5546,4.9492,5.0302,5.1077,5.4977,5.7474,5.6706,6.3236,6.5622,6.8115,7.4335,8.033,8.157,8.8281,8.6831,9.6731,8.9155,9.492,8.8594,8.6921,8.8393,7.2675,7.6094,6.8156,5.8191,5.1948,4.5983,5.2704,4.6082,4.891,4.5132,3.9146,4.0083,4.8071,5.0691,3.7235,4.067,5.1829,5.1249,5.3069,9.2521,6.6474,8.9318,7.7263,6.5406,6.733,5.8969,7.2324,5.327,6.5577,7.387,6.3627,6.0549,6.6469,5.7367,5.5144,4.2525,4.7032,4.236,3.9724,4.8696,5.5103,3.8149,6.0968,4.2309,6.5938,6.4328,5.6894,4.5953,5.0638,5.4166,4.2555,4.2359,3.8303,0,0,0,0,0,0,0,0,0,0,0,0,0,0,0,0,0,0,0,0,0,0,0,0,0,0,0
0,0,0,0,0,0,0,0,0,0,0,0,0,0,0,0,0,0,0,0,0,0,0,0,0,0,0,2.3916,4.3379,4.6494,6.9074,6.0798,5.6438,4.8914,4.9611,6.459,3.6584,5.4241,5.1298,2.4252,4.1748,3.5579,3.5593,3.8019,4.297,3.531,4.0124,3.9294,4.1509,3.3932,4.6395,2.9664,5.7641,5.2919,5.4383,4.9018,4.7116,5.8454,6.864,7.7529,6.1302,5.5088,5.9786,5.7827,4.1844,5.5032,6.6861,6.2277,6.4536,6.8714,5.6785,6.2087,6.4136,7.0353,7.2901,7.2324,6.6453,7.591,8.2198,9.231,9.9375,9.9865,10.052,10.082,9.2771,9.2685,8.7864,8.7351,7.592,7.2003,6.7787,6.3175,6.2475,5.8658,5.5835,5.0607,5.099,4.7366,4.5222,4.4397,4.3525,4.2658,4.7091,4.6693,4.8627,5.1501,5.405,5.7374,6.3489,6.2288,7.0794,7.5714,8.0939,8.4616,9.0285,8.9726,8.6776,9.4144,9.2635,8.6356,8.6306,7.9391,7.5653,6.767,6.6732,5.0362,4.8703,5.4599,4.9316,4.8793,4.2744,4.8716,4.4412,4.8334,4.6941,4.7476,3.9914,4.7737,5.4663,5.561,5.585,6.7506,6.0976,7.2586,6.4158,6.8705,7.5459,6.8296,8.3905,6.2401,5.6865,6.4012,8.1046,6.6602,7.0532,5.5224,6.2324,4.594,5.4968,6.2218,4.34,5.8062,3.9654,6.4422,5.0802,5.4392,6.3101,6.0605,6.3105,5.8445,5.3054,4.9956,3.6572,3.3154,0,0,0,0,0,0,0,0,0,0,0,0,0,0,0,0,0,0,0,0,0,0,0,0,0,0,0
0,0,0,0,0,0,0,0,0,0,0,0,0,0,0,0,0,0,0,0,0,0,0,0,0,0,0,2.8084,4.0333,5.4968,4.9115,6.8215,5.3857,7.8955,6.7332,3.9629,5.8171,5.6444,3.5001,2.556,4.6013,4.0593,3.863,6.2797,4.8568,4.3926,1.8262,3.8794,5.1682,2.806,6.6067,5.1514,4.6948,5.7632,5.3742,5.0741,4.9936,7.2321,6.5319,6.1657,6.3616,5.6734,7.377,5.8246,5.3498,5.0094,6.3646,7.4821,6.8129,6.1306,7.1306,6.1468,6.0594,6.4819,7.0618,7.1878,7.7096,8.0245,9.5005,9.43,9.1208,10.178,9.5158,10.109,9.12,8.6523,8.7745,8.1769,7.4733,6.7529,6.4844,6.0945,5.7684,5.4082,4.8151,4.8107,4.6807,4.3857,4.1483,3.9846,3.9029,3.7952,4.0913,4.3971,4.6272,4.9738,5.0886,5.1257,5.6237,6.0817,6.5365,6.8842,7.5672,7.9804,9.1154,8.622,9.275,10.007,9.2727,9.0603,8.7569,8.4445,7.6932,6.5027,6.0126,6.0621,5.1901,5.3924,3.9053,5.4417,5.2545,4.2218,4.436,4.6034,4.1048,4.4618,6.2732,5.2776,6.3307,5.5911,5.8616,7.532,7.8246,8.381,7.2087,7.8223,6.3194,7.5063,7.7937,5.984,5.8637,7.0987,6.5163,5.8446,5.7567,4.5341,5.1082,4.6165,5.6063,4.8599,4.3758,6.2059,5.7817,4.8435,5.5437,3.4587,5.4283,3.8881,4.1547,5.1233,6.5282,6.758,4.8257,4.0326,0.61074,0,0,0,0,0,0,0,0,0,0,0,0,0,0,0,0,0,0,0,0,0,0,0,0,0,0
0,0,0,0,0,0,0,0,0,0,0,0,0,0,0,0,0,0,0,0,0,0,0,0,0,0,1.0426,2.2682,3.5885,5.704,4.3187,3.9351,4.1497,4.5862,3.233,2.6419,3.3683,4.0617,4.2822,4.2966,3.7039,3.5218,3.9072,4.8312,3.7538,3.6046,3.7978,2.4037,5.5778,2.7619,7.2125,2.8588,4.3658,5.0751,5.3273,7.8699,5.5444,7.2544,5.4652,6.4393,6.502,6.5218,7.948,6.4596,5.7737,5.6578,5.385,7.0037,5.7343,5.7213,6.1504,6.7129,6.8664,6.7718,6.7925,7.1795,8.1612,8.1584,8.3927,9.2541,9.1343,9.8939,9.824,10.119,9.4032,9.3133,8.1653,7.9719,7.2425,6.5841,5.9197,5.5105,5.204,5.0202,4.9226,4.2146,4.2715,3.9592,3.8678,3.7853,3.6481,3.8959,4.0134,4.0936,4.1974,4.3416,4.7668,5.033,5.2763,5.6221,5.999,6.4056,7.3453,7.6,8.4845,8.753,8.8776,9.2103,9.2356,9.3572,8.2353,7.7832,6.95,6.7293,6.2915,6.2436,5.881,5.6414,4.8011,4.4836,4.7429,3.828,4.7725,4.7764,4.4943,5.3868,5.7262,5.2455,5.5347,6.8326,7.0798,7.3879,7.5901,5.8858,5.5896,7.2096,7.1515,5.8337,6.8022,9.423,7.4182,6.1134,9.0581,5.0944,5.9088,5.9755,4.8703,6.4934,3.941,4.6589,5.163,3.3066,3.3551,4.396,5.468,6.1851,5.3787,5.1021,5.4912,8.2063,5.9253,4.5875,3.0719,2.5129,1.0384,0,0,0,0,0,0,0,0,0,0,0,0,0,0,0,0,0,0,0,0,0,0,0,0,0,0
0,0,0,0,0,0,0,0,0,0,0,0,0,0,0,0,0,0,0,0,0,0,0,0,0,0,0.71871,2.6698,4.5511,6.2426,5.7028,6.0636,5.2406,4.0868,6.2787,6.2452,3.4233,5.1291,5.0194,4.5912,3.889,4.4747,2.2231,4.4967,4.5118,3.044,3.6205,4.0497,7.557,4.4002,4.4857,3.9803,5.9446,5.5785,6.1205,6.9899,5.928,7.157,7.3033,8.1483,6.9637,5.5704,6.5993,6.0803,5.9311,4.9884,5.2389,6.8618,6.709,6.851,6.8986,6.324,7.035,6.2079,7.051,7.3165,7.8306,7.8626,8.626,8.9915,9.1352,9.3546,9.1912,9.4108,9.3204,8.796,8.2515,7.9008,7.2708,6.4159,5.8707,5.2955,4.7192,4.6247,4.3042,4.2161,3.9835,3.8224,3.7339,3.4136,3.2913,3.4193,3.5586,3.7591,3.7201,4.1436,4.2587,4.5666,4.9119,5.3694,5.7254,6.2387,6.9045,7.4054,7.7952,8.4743,8.8024,9.1287,8.1093,9.2308,8.2517,8.249,7.4051,7.3765,6.9962,5.7116,6.0708,5.8705,4.4126,4.8822,5.0856,5.1186,5.1201,4.956,4.0744,5.6145,4.6556,5.3006,6.7058,6.4207,6.647,5.6397,6.6214,6.7759,7.3008,6.7668,6.3381,6.719,6.5337,7.601,8.9134,4.961,5.6625,7.1408,5.111,6.9654,4.9678,5.8728,8.342,4.5725,3.7118,4.2863,6.0746,4.217,6.3059,6.1895,4.3235,4.9505,3.5436,7.43,5.0314,6.517,5.371,3.1292,1.2158,0,0,0,0,0,0,0,0,0,0,0,0,0,0,0,0,0,0,0,0,0,0,0,0,0,0
0,0,0,0,0,0,0,0,0,0,0,0,0,0,0,0,0,0,0,0,0,0,0,0,0,0,1.118,5.8798,4.6178,4.6669,6.057,3.9516,6.1143,3.1828,4.2116,3.2263,5.4875,4.3149,3.6589,4.4295,3.961,3.7105,4.3437,5.8889,5.3572,5.1043,6.4744,4.5591,4.5258,4.7321,6.9427,5.6671,4.6695,6.1304,6.1597,5.9211,6.8806,8.3663,6.4593,6.5361,6.7014,6.8829,7.1719,6.3319,5.3873,7.1256,6.5097,6.2236,7.8737,6.8512,6.2751,6.277,6.3048,6.8614,7.2111,7.3708,7.7539,8.2622,8.3928,8.8356,8.9076,8.7363,9.1977,9.8349,9.5546,8.9388,8.0933,7.5956,6.8116,6.267,5.6031,5.3268,4.589,4.366,3.8083,3.8186,3.7888,3.2996,3.1418,3.053,3.0063,2.9666,3.0683,3.5363,3.7615,3.8756,3.9185,4.4105,4.6047,5.1921,5.6896,6.0217,6.9089,7.4497,8.3235,8.4329,9.222,8.8835,9.237,8.8667,8.1124,8.2872,7.7037,7.1532,6.899,6.0031,5.6397,5.903,5.1675,5.9401,4.1961,4.3867,5.3472,5.3284,4.6914,4.6704,5.6287,4.9989,6.5886,4.9623,6.9613,7.5693,9.0178,5.2679,7.7404,8.1728,6.7449,7.0698,9.0406,7.6979,8.3303,6.116,6.023,5.2992,5.2489,6.3094,7.5877,4.9177,3.0962,4.2278,4.4658,3.6329,4.2735,4.925,5.204,4.2345,5.0391,4.4995,6.9942,5.7456,4.6354,4.6274,4.2758,3.2689,4.7338,0,0,0,0,0,0,0,0,0,0,0,0,0,0,0,0,0,0,0,0,0,0,0,0,0,0
0,0,0,0,0,0,0,0,0,0,0,0,0,0,0,0,0,0,0,0,0,0,0,0,0,0,1.2937,5.6828,4.2861,5.7717,4.1605,4.2138,4.4403,3.4383,5.3695,3.1132,4.3233,3.9589,3.1023,4.7813,4.0098,2.8595,4.0238,5.1348,4.419,4.3899,7.5479,7.1867,3.7082,3.1959,5.1172,5.7569,5.5622,7.1062,5.2411,5.3256,5.9942,5.5037,9.4635,5.7381,6.828,6.2732,6.0486,6.9541,6.8936,5.3176,6.4708,6.9056,6.528,6.8748,7.4338,5.4723,6.282,6.5766,6.1287,7.4378,7.2376,8.5032,8.4073,8.7446,8.7169,8.7676,9.313,9.9227,8.9332,8.4282,8.3529,7.55,6.5302,6.4844,5.4672,5.1126,4.7326,4.1556,3.9675,3.5895,3.2437,2.8805,3.1836,3.0812,3.3116,3.1247,2.7748,3.1679,3.3155,3.6613,3.7424,3.9604,4.649,5.2098,5.9644,6.1607,6.7288,7.6768,8.3418,8.7766,9.2977,8.6408,8.8326,8.8332,8.5455,7.9232,7.9785,6.8655,5.783,5.6248,5.547,5.5379,5.4104,5.4448,5.6317,5.555,5.6609,5.1104,5.8573,5.9349,5.0893,5.0296,5.2542,6.5627,7.7925,6.4459,6.8412,5.5709,7.0351,4.5512,7.9487,10.526,7.2518,10.728,3.9921,4.6809,5.7779,5.2168,7.067,4.1224,4.9123,5.563,2.9856,4.3135,5.39,5.6081,3.8492,4.1374,3.0494,4.8867,5.192,3.3542,5.4559,4.358,4.9646,6.7107,4.0448,3.8012,2.8559,0,0,0,0,0,0,0,0,0,0,0,0,0,0,0,0,0,0,0,0,0,0,0,0,0,0
0,0,0,0,0,0,0,0,0,0,0,0,0,0,0,0,0,0,0,0,0,0,0,0,0,0,6.8319,3.4096,3.9961,6.0355,5.7171,4.62,5.9633,5.3384,4.4529,6.1638,4.0254,2.8567,4.2199,3.9937,4.0849,4.7036,5.6573,6.6017,3.4079,6.3648,5.8094,4.3639,3.3581,6.7953,3.8742,6.4838,6.8125,6.5851,7.472,5.6688,7.2192,4.5113,5.6677,7.2391,6.2787,7.8032,5.8622,6.8879,5.6773,6.7383,6.4797,5.7359,6.6339,6.0789,6.3843,7.0043,6.2633,6.4846,6.8183,6.3998,6.8557,8.6599,8.6846,8.77,9.2267,8.8311,8.248,9.3478,8.5946,8.7275,7.8667,7.2981,6.6526,6.1049,5.2653,5.0699,4.5561,4.07,3.9352,3.6283,3.0218,3.2428,3.0346,3.2442,2.9477,3.3894,3.4945,3.1004,2.9506,3.5863,4.0486,4.1362,4.6682,5.0166,5.7709,6.1127,6.3648,7.2531,7.7521,8.1863,9.6204,8.2177,9.1197,9.6156,8.1363,8.2058,8.0459,6.7291,7.3186,6.15,6.3624,5.9686,5.8663,5.1864,4.9599,6.1122,5.3579,5.6074,6.0563,5.8111,6.3125,6.3856,7.231,7.5263,7.4478,6.0116,6.0339,5.7107,6.4075,8.838,5.5091,7.111,5.5914,6.0781,3.8192,4.5994,6.6698,5.6076,6.6702,8.4022,6.4431,3.8971,5.0218,5.0977,4.0463,3.7901,4.4601,3.982,4.159,5.2701,3.534,4.3073,4.37,4.2105,4.9679,5.4393,4.2734,4.5301,6.0521,0,0,0,0,0,0,0,0,0,0,0,0,0,0,0,0,0,0,0,0,0,0,0,0,0,0
0,0,0,0,0,0,0,0,0,0,0,0,0,0,0,0,0,0,0,0,0,0,0,0,0,0,7.0694,3.4329,4.0044,5.992,6.4334,4.692,4.4785,4.9595,4.7803,4.3365,4.6146,4.5744,4.5044,4.1772,4.5307,5.6011,4.3916,5.7441,5.5563,5.7536,8.064,5.0257,5.1353,5.3627,7.3494,7.6401,7.4021,5.6445,5.0513,7.0335,5.358,5.2098,6.2001,5.2582,5.8146,7.7955,7.009,6.9237,7.4067,5.5724,6.8676,5.8934,6.5748,6.5424,5.5828,5.7568,5.6508,6.6078,6.8995,6.8653,7.3885,7.3902,8.2144,8.3016,8.9672,8.6063,8.8685,8.893,8.761,7.8875,8.1234,7.6362,6.3783,5.8054,5.3742,5.1348,4.5912,3.9755,3.7883,3.6048,3.0336,3.1852,2.9614,2.3345,1.6697,2.174,2.9299,3.0301,2.9783,3.3065,3.9726,4.1505,4.5456,4.8327,5.5566,5.9836,6.491,7.1972,7.8466,8.6685,9.0397,8.8031,9.6806,8.6765,7.9629,8.3212,8.3043,7.6493,7.6281,6.8132,6.121,6.0528,5.1936,5.9184,5.3636,6.2015,6.3724,5.6729,6.6824,6.7617,4.9956,4.4685,6.0282,5.4892,7.824,6.7044,5.4116,9.4135,8.9777,5.091,4.6968,8.0008,7.3233,7.4537,6.3555,6.4541,6.6901,5.238,4.3621,7.4556,5.4567,5.8975,4.3032,5.9669,4.8092,6.015,4.1147,5.0091,4.3902,3.0927,3.8734,3.2639,3.7622,7.1993,4.7413,4.9632,5.2744,4.1563,1.1162,0,0,0,0,0,0,0,0,0,0,0,0,0,0,0,0,0,0,0,0,0,0,0,0,0,0
0,0,0,0,0,0,0,0,0,0,0,0,0,0,0,0,0,0,0,0,0,0,0,0,0,0,2.8879,4.1424,5.0685,5.828,5.0986,3.1072,5.496,4.0011,4.7975,3.646,2.9947,3.7381,5.707,4.1146,4.9832,4.2118,3.4717,4.6388,7.4637,5.1746,7.9313,5.0452,4.265,7.7855,6.0943,6.9846,6.6563,6.4783,7.8136,3.9057,8.9292,6.9047,8.6568,6.4552,4.8724,7.1506,6.9509,5.975,6.8688,6.1205,6.5033,5.1676,6.1321,5.6341,6.0064,4.9953,5.6554,6.4418,6.4027,6.7258,7.5962,7.6627,8.4498,7.7875,8.6515,8.6635,8.904,8.8709,8.4744,8.5004,7.8549,7.296,6.4524,5.4558,5.6083,5.0197,4.5322,4.2018,3.8165,3.2715,3.0661,3.4759,2.9231,1.7166,1.0587,1.7166,2.9231,3.4759,3.0661,3.2715,3.8165,4.2018,4.5322,5.0197,5.6083,5.4558,6.4524,7.296,7.8549,8.5004,8.4744,8.8709,8.904,8.6635,8.6515,7.7875,8.4498,7.6627,7.5962,6.7258,6.4027,6.4418,5.6554,4.9953,6.0064,5.6341,6.1321,5.1676,6.5033,6.1205,6.8688,5.975,6.9509,7.1506,4.8724,6.4552,8.6568,6.9047,8.9292,3.9057,7.8136,6.4783,6.6563,6.9846,6.0943,7.7855,4.265,5.0452,7.9313,5.1746,7.4637,4.6388,3.4717,4.2118,4.9832,4.1146,5.707,3.7381,2.9947,3.646,4.7975,4.0011,5.496,3.1072,5.0986,5.828,5.0685,4.1424,2.8879,0,0,0,0,0,0,0,0,0,0,0,0,0,0,0,0,0,0,0,0,0,0,0,0,0,0
0,0,0,0,0,0,0,0,0,0,0,0,0,0,0,0,0,0,0,0,0,0,0,0,0,0,1.1162,4.1563,5.2744,4.9632,4.7413,7.1993,3.7622,3.2639,3.8734,3.0927,4.3902,5.0091,4.1147,6.015,4.8092,5.9669,4.3032,5.8975,5.4567,7.4556,4.3621,5.238,6.6901,6.4541,6.3555,7.4537,7.3233,8.0008,4.6968,5.091,8.9777,9.4135,5.4116,6.7044,7.824,5.4892,6.0282,4.4685,4.9956,6.7617,6.6824,5.6729,6.3724,6.2015,5.3636,5.9184,5.1936,6.0528,6.121,6.8132,7.6281,7.6493,8.3043,8.3212,7.9629,8.6765,9.6806,8.8031,9.0397,8.6685,7.8466,7.1972,6.491,5.9836,5.5566,4.8327,4.5456,4.1505,3.9726,3.3065,2.9783,3.0301,2.9299,2.174,1.6697,2.3345,2.9614,3.1852,3.0336,3.6048,3.7883,3.9755,4.5912,5.1348,5.3742,5.8054,6.3783,7.6362,8.1234,7.8875,8.761,8.893,8.8685,8.6063,8.9672,8.3016,8.2144,7.3902,7.3885,6.8653,6.8995,6.6078,5.6508,5.7568,5.5828,6.5424,6.5748,5.8934,6.8676,5.5724,7.4067,6.9237,7.009,7.7955,5.8146,5.2582,6.2001,5.2098,5.358,7.0335,5.0513,5.6445,7.4021,7.6401,7.3494,5.3627,5.1353,5.0257,8.064,5.7536,5.5563,5.7441,4.3916,5.6011,4.5307,4.1772,4.5044,4.5744,4.6146,4.3365,4.7803,4.9595,4.4785,4.692,6.4334,5.992,4.0044,3.4329,7.0694,0,0,0,0,0,0,0,0,0,0,0,0,0,0,0,0,0,0,0,0,0,0,0,0,0,0
0,0,0,0,0,0,0,0,0,0,0,0,0,0,0,0,0,0,0,0,0,0,0,0,0,0,6.0521,4.5301,4.2734,5.4393,4.9679,4.2105,4.37,4.3073,3.534,5.2701,4.159,3.982,4.4601,3.7901,4.0463,5.0977,5.0218,3.8971,6.4431,8.4022,6.6702,5.6076,6.6698,4.5994,3.8192,6.0781,5.5914,7.111,5.5091,8.838,6.4075,5.7107,6.0339,6.0116,7.4478,7.5263,7.231,6.3856,6.3125,5.8111,6.0563,5.6074,5.3579,6.1122,4.9599,5.1864,5.8663,5.9686,6.3624,6.15,7.3186,6.7291,8.0459,8.2058,8.1363,9.6156,9.1197,8.2177,9.6204,8.1863,7.7521,7.2531,6.3648,6.1127,5.7709,5.0166,4.6682,4.1362,4.0486,3.5863,2.9506,3.1004,3.4945,3.3894,2.9477,3.2442,3.0346,3.2428,3.0218,3.6283,3.9352,4.07,4.5561,5.0699,5.2653,6.1049,6.6526,7.2981,7.8667,8.7275,8.5946,9.3478,8.248,8.8311,9.2267,8.77,8.6846,8.6599,6.8557,6.3998,6.8183,6.4846,6.2633,7.0043,6.3843,6.0789,6.6339,5.7359,6.4797,6.7383,5.6773,6.8879,5.8622,7.8032,6.2787,7.2391,5.6677,4.5113,7.2192,5.6688,7.472,6.5851,6.8125,6.4838,3.8742,6.7953,3.3581,4.3639,5.8094,6.3648,3.4079,6.6017,5.6573,4.7036,4.0849,3.9937,4.2199,2.8567,4.0254,6.1638,4.4529,5.3384,5.9633,4.62,5.7171,6.0355,3.9961,3.4096,6.8319,0,0,0,0,0,0,0,0,0,0,0,0,0,0,0,0,0,0,0,0,0,0,0,0,0,0
0,0,0,0,0,0,0,0,0,0,0,0,0,0,0,0,0,0,0,0,0,0,0,0,0,0,2.8559,3.8012,4.0448,6.7107,4.9646,4.358,5.4559,3.3542,5.192,4.8867,3.0494,4.1374,3.8492,5.6081,5.39,4.3135,2.9856,5.563,4.9123,4.1224,7.067,5.2168,5.7779,4.6809,3.9921,10.728,7.2518,10.526,7.9487,4.5512,7.0351,5.5709,6.8412,6.4459,7.7925,6.5627,5.2542,5.0296,5.0893,5.9349,5.8573,5.1104,5.6609,5.555,5.6317,5.4448,5.4104,5.5379,5.547,5.6248,5.783,6.8655,7.9785,7.9232,8.5455,8.8332,8.8326,8.6408,9.2977,8.7766,8.3418,7.6768,6.7288,6.1607,5.9644,5.2098,4.649,3.9604,3.7424,3.6613,3.3155,3.1679,2.7748,3.1247,3.3116,3.0812,3.1836,2.8805,3.2437,3.5895,3.9675,4.1556,4.7326,5.1126,5.4672,6.4844,6.5302,7.55,8.3529,8.4282,8.9332,9.9227,9.313,8.7676,8.7169,8.7446,8.4073,8.5032,7.2376,7.4378,6.1287,6.5766,6.282,5.4723,7.4338,6.8748,6.528,6.9056,6.4708,5.3176,6.8936,6.9541,6.0486,6.2732,6.828,5.7381,9.4635,5.5037,5.9942,5.3256,5.2411,7.1062,5.5622,5.7569,5.1172,3.1959,3.7082,7.1867,7.5479,4.3899,4.419,5.1348,4.0238,2.8595,4.0098,4.7813,3.1023,3.9589,4.3233,3.1132,5.3695,3.4383,4.4403,4.2138,4.1605,5.7717,4.2861,5.6828,1.2937,0,0,0,0,0,0,0,0,0,0,0,0,0,0,0,0,0,0,0,0,0,0,0,0,0,0
0,0,0,0,0,0,0,0,0,0,0,0,0,0,0,0,0,0,0,0,0,0,0,0,0,0,4.7338,3.2689,4.2758,4.6274,4.6354,5.7456,6.9942,4.4995,5.0391,4.2345,5.204,4.925,4.2735,3.6329,4.4658,4.2278,3.0962,4.9177,7.5877,6.3094,5.2489,5.2992,6.023,6.116,8.3303,7.6979,9.0406,7.0698,6.7449,8.1728,7.7404,5.2679,9.0178,7.5693,6.9613,4.9623,6.5886,4.9989,5.6287,4.6704,4.6914,5.3284,5.3472,4.3867,4.1961,5.9401,5.1675,5.903,5.6397,6.0031,6.899,7.1532,7.7037,8.2872,8.1124,8.8667,9.237,8.8835,9.222,8.4329,8.3235,7.4497,6.9089,6.0217,5.6896,5.1921,4.6047,4.4105,3.9185,3.8756,3.7615,3.5363,3.0683,2.9666,3.0063,3.053,3.1418,3.2996,3.7888,3.8186,3.8083,4.366,4.589,5.3268,5.6031,6.267,6.8116,7.5956,8.0933,8.9388,9.5546,9.8349,9.1977,8.7363,8.9076,8.8356,8.3928,8.2622,7.7539,7.3708,7.2111,6.8614,6.3048,6.277,6.2751,6.8512,7.8737,6.2236,6.5097,7.1256,5.3873,6.3319,7.1719,6.8829,6.7014,6.5361,6.4593,8.3663,6.8806,5.9211,6.1597,6.1304,4.6695,5.6671,6.9427,4.7321,4.5258,4.5591,6.4744,5.1043,5.3572,5.8889,4.3437,3.7105,3.961,4.4295,3.6589,4.3149,5.4875,3.2263,4.2116,3.1828,6.1143,3.9516,6.057,4.6669,4.6178,5.8798,1.118,0,0,0,0,0,0,0,0,0,0,0,0,0,0,0,0,0,0,0,0,0,0,0,0,0,0
0,0,0,0,0,0,0,0,0,0,0,0,0,0,0,0,0,0,0,0,0,0,0,0,0,0,1.2158,3.1292,5.371,6.517,5.0314,7.43,3.5436,4.9505,4.3235,6.1895,6.3059,4.217,6.0746,4.2863,3.7118,4.5725,8.342,5.8728,4.9678,6.9654,5.111,7.1408,5.6625,4.961,8.9134,7.601,6.5337,6.719,6.3381,6.7668,7.3008,6.7759,6.6214,5.6397,6.647,6.4207,6.7058,5.3006,4.6556,5.6145,4.0744,4.956,5.1201,5.1186,5.0856,4.8822,4.4126,5.8705,6.0708,5.7116,6.9962,7.3765,7.4051,8.249,8.2517,9.2308,8.1093,9.1287,8.8024,8.4743,7.7952,7.4054,6.9045,6.2387,5.7254,5.3694,4.9119,4.5666,4.2587,4.1436,3.7201,3.7591,3.5586,3.4193,3.2913,3.4136,3.7339,3.8224,3.9835,4.2161,4.3042,4.6247,4.7192,5.2955,5.8707,6.4159,7.2708,7.9008,8.2515,8.796,9.3204,9.4108,9.1912,9.3546,9.1352,8.9915,8.626,7.8626,7.8306,7.3165,7.051,6.2079,7.035,6.324,6.8986,6.851,6.709,6.8618,5.2389,4.9884,5.9311,6.0803,6.5993,5.5704,6.9637,8.1483,7.3033,7.157,5.928,6.9899,6.1205,5.5785,5.9446,3.9803,4.4857,4.4002,7.557,4.0497,3.6205,3.044,4.5118,4.4967,2.2231,4.4747,3.889,4.5912,5.0194,5.1291,3.4233,6.2452,6.2787,4.0868,5.2406,6.0636,5.7028,6.2426,4.5511,2.6698,0.71871,0,0,0,0,0,0,0,0,0,0,0,0,0,0,0,0,0,0,0,0,0,0,0,0,0,0
0,0,0,0,0,0,0,0,0,0,0,0,0,0,0,0,0,0,0,0,0,0,0,0,0,0,1.0384,2.5129,3.0719,4.5875,5.9253,8.2063,5.4912,5.1021,5.3787,6.1851,5.468,4.396,3.3551,3.3066,5.163,4.6589,3.941,6.4934,4.8703,5.9755,5.9088,5.0944,9.0581,6.1134,7.4182,9.423,6.8022,5.8337,7.1515,7.2096,5.5896,5.8858,7.5901,7.3879,7.0798,6.8326,5.5347,5.2455,5.7262,5.3868,4.4943,4.7764,4.7725,3.828,4.7429,4.4836,4.8011,5.6414,5.881,6.2436,6.2915,6.7293,6.95,7.7832,8.2353,9.3572,9.2356,9.2103,8.8776,8.753,8.4845,7.6,7.3453,6.4056,5.999,5.6221,5.2763,5.033,4.7668,4.3416,4.1974,4.0936,4.0134,3.8959,3.6481,3.7853,3.8678,3.9592,4.2715,4.2146,4.9226,5.0202,5.204,5.5105,5.9197,6.5841,7.2425,7.9719,8.1653,9.3133,9.4032,10.119,9.824,9.8939,9.1343,9.2541,8.3927,8.1584,8.1612,7.1795,6.7925,6.7718,6.8664,6.7129,6.1504,5.7213,5.7343,7.0037,5.385,5.6578,5.7737,6.4596,7.948,6.5218,6.502,6.4393,5.4652,7.2544,5.5444,7.8699,5.3273,5.0751,4.3658,2.8588,7.2125,2.7619,5.5778,2.4037,3.7978,3.6046,3.7538,4.8312,3.9072,3.5218,3.7039,4.2966,4.2822,4.0617,3.3683,2.6419,3.233,4.5862,4.1497,3.9351,4.3187,5.704,3.5885,2.2682,1.0426,0,0,0,0,0,0,0,0,0,0,0,0,0,0,0,0,0,0,0,0,0,0,0,0,0,0
0,0,0,0,0,0,0,0,0,0,0,0,0,0,0,0,0,0,0,0,0,0,0,0,0,0,0.61074,4.0326,4.8257,6.758,6.5282,5.1233,4.1547,3.8881,5.4283,3.4587,5.5437,4.8435,5.7817,6.2059,4.3758,4.8599,5.6063,4.6165,5.1082,4.5341,5.7567,5.8446,6.5163,7.0987,5.8637,5.984,7.7937,7.5063,6.3194,7.8223,7.2087,8.381,7.8246,7.532,5.8616,5.5911,6.3307,5.2776,6.2732,4.4618,4.1048,4.6034,4.436,4.2218,5.2545,5.4417,3.9053,5.3924,5.1901,6.0621,6.0126,6.5027,7.6932,8.4445,8.7569,9.0603,9.2727,10.007,9.275,8.622,9.1154,7.9804,7.5672,6.8842,6.5365,6.0817,5.6237,5.1257,5.0886,4.9738,4.6272,4.3971,4.0913,3.7952,3.9029,3.9846,4.1483,4.3857,4.6807,4.8107,4.8151,5.4082,5.7684,6.0945,6.4844,6.7529,7.4733,8.1769,8.7745,8.6523,9.12,10.109,9.5158,10.178,9.1208,9.43,9.5005,8.0245,7.7096,7.1878,7.0618,6.4819,6.0594,6.1468,7.1306,6.1306,6.8129,7.4821,6.3646,5.0094,5.3498,5.8246,7.377,5.6734,6.3616,6.1657,6.5319,7.2321,4.9936,5.0741,5.3742,5.7632,4.6948,5.1514,6.6067,2.806,5.1682,3.8794,1.8262,4.3926,4.8568,6.2797,3.863,4.0593,4.6013,2.556,3.5001,5.6444,5.8171,3.9629,6.7332,7.8955,5.3857,6.8215,4.9115,5.4968,4.0333,2.8084,0,0,0,0,0,0,0,0,0,0,0,0,0,0,0,0,0,0,0,0,0,0,0,0,0,0,0
0,0,0,0,0,0,0,0,0,0,0,0,0,0,0,0,0,0,0,0,0,0,0,0,0,0,0,3.3154,3.6572,4.9956,5.3054,5.8445,6.3105,6.0605,6.3101,5.4392,5.0802,6.4422,3.9654,5.8062,4.34,6.2218,5.4968,4.594,6.2324,5.5224,7.0532,6.6602,8.1046,6.4012,5.6865,6.2401,8.3905,6.8296,7.5459,6.8705,6.4158,7.2586,6.0976,6.7506,5.585,5.561,5.4663,4.7737,3.9914,4.7476,4.6941,4.8334,4.4412,4.8716,4.2744,4.8793,4.9316,5.4599,4.8703,5.0362,6.6732,6.767,7.5653,7.9391,8.6306,8.6356,9.2635,9.4144,8.6776,8.9726,9.0285,8.4616,8.0939,7.5714,7.0794,6.2288,6.3489,5.7374,5.405,5.1501,4.8627,4.6693,4.7091,4.2658,4.3525,4.4397,4.5222,4.7366,5.099,5.0607,5.5835,5.8658,6.2475,6.3175,6.7787,7.2003,7.592,8.7351,8.7864,9.2685,9.2771,10.082,10.052,9.9865,9.9375,9.231,8.2198,7.591,6.6453,7.2324,7.2901,7.0353,6.4136,6.2087,5.6785,6.8714,6.4536,6.2277,6.6861,5.5032,4.1844,5.7827,5.9786,5.5088,6.1302,7.7529,6.864,5.8454,4.7116,4.9018,5.4383,5.2919,5.7641,2.9664,4.6395,3.3932,4.1509,3.9294,4.0124,3.531,4.297,3.8019,3.5593,3.5579,4.1748,2.4252,5.1298,5.4241,3.6584,6.459,4.9611,4.8914,5.6438,6.0798,6.9074,4.6494,4.3379,2.3916,0,0,0,0,0,0,0,0,0,0,0,0,0,0,0,0,0,0,0,0,0,0,0,0,0,0,0
0,0,0,0,0,0,0,0,0,0,0,0,0,0,0,0,0,0,0,0,0,0,0,0,0,0,0,3.8303,4.2359,4.2555,5.4166,5.0638,4.5953,5.6894,6.4328,6.5938,4.2309,6.0968,3.8149,5.5103,4.8696,3.9724,4.236,4.7032,4.2525,5.5144,5.7367,6.6469,6.0549,6.3627,7.387,6.5577,5.327,7.2324,5.8969,6.733,6.5406,7.7263,8.9318,6.6474,9.2521,5.3069,5.1249,5.1829,4.067,3.7235,5.0691,4.8071,4.0083,3.9146,4.5132,4.891,4.6082,5.2704,4.5983,5.1948,5.8191,6.8156,7.6094,7.2675,8.8393,8.6921,8.8594,9.492,8.9155,9.6731,8.6831,8.8281,8.157,8.033,7.4335,6.8115,6.5622,6.3236,5.6706,5.7474,5.4977,5.1077,5.0302,4.9492,4.5546,4.8725,5.0066,5.1295,5.4101,5.5764,5.9651,6.1269,6.7412,7.0021,7.5126,7.3841,8.4004,8.948,8.8036,9.0281,9.2555,9.5381,9.5988,9.4399,8.7046,8.3485,8.078,8.2071,7.0887,7.2375,7.1758,6.8698,6.1387,7.2791,6.4652,5.2275,4.6239,6.3846,5.3651,4.4241,5.4332,5.1641,6.0844,5.6864,5.7994,6.4297,6.821,4.5902,5.6533,5.1882,5.5761,5.9992,4.1598,3.8401,5.7687,3.6179,3.204,4.7568,4.5694,2.3441,4.8,2.0415,3.2185,2.3915,3.2212,3.7153,5.1332,3.1841,5.0768,4.0567,4.3664,5.4051,4.7512,7.206,5.8167,6.5758,4.7211,3.4766,0,0,0,0,0,0,0,0,0,0,0,0,0,0,0,0,0,0,0,0,0,0,0,0,0,0,0
0,0,0,0,0,0,0,0,0,0,0,0,0,0,0,0,0,0,0,0,0,0,0,0,0,0,0,2.1018,3.1725,4.479,3.3707,5.4392,6.8894,4.3006,6.7728,5.0658,6.0662,6.7632,5.3526,4.9729,5.408,3.7516,4.2194,4.8423,4.4774,5.3541,5.7458,6.1706,5.1377,7.5307,6.8707,7.7637,4.9835,6.6821,5.6726,6.5756,7.2897,7.2274,5.2232,5.4463,6.9021,5.4893,4.9862,3.6365,4.5558,4.743,3.6227,4.1135,4.2937,4.4393,4.7638,4.0498,4.8896,4.8084,4.9066,5.6931,6.2904,6.2406,7.5088,8.1057,8.9005,9.2948,9.6501,9.7537,9.4015,9.2478,8.9696,8.9562,8.8672,8.1034,8.1425,8.0635,7.1347,6.3217,5.9119,5.6921,5.8094,6.0536,5.6069,5.0995,5.2106,5.3672,5.5114,5.4499,5.8864,5.7573,5.6899,6.6916,6.9582,7.4342,8.1913,8.1751,8.1311,8.9387,9.0557,8.762,9.564,9.7519,9.2268,9.2392,9.2317,9.0583,7.901,7.3636,6.7573,6.9598,5.8504,6.5557,5.995,6.5184,6.9437,5.725,5.6295,5.583,4.93,4.7719,6.8547,5.4344,6.4147,5.3161,6.9006,6.1589,4.7972,4.9772,6.7578,4.538,5.5158,4.5343,4.3388,4.703,3.9971,2.8172,2.5689,4.3392,4.4743,3.1996,3.7586,3.0813,2.9223,2.5484,3.3719,5.2194,5.2048,4.4038,3.8325,5.8227,5.1781,5.1985,4.9485,6.7232,6.6862,5.4344,4.8726,1.7729,0,0,0,0,0,0,0,0,0,0,0,0,0,0,0,0,0,0,0,0,0,0,0,0,0,0,0
0,0,0,0,0,0,0,0,0,0,0,0,0,0,0,0,0,0,0,0,0,0,0,0,0,0,0,1.3675,4.9596,5.6267,5.2549,5.2519,4.7277,3.9393,3.9982,5.0842,5.3752,4.0852,2.4086,4.6262,4.1314,3.4467,4.9529,4.2626,3.8859,4.3296,5.0197,3.9692,4.9491,5.0243,6.0572,6.5377,7.0145,6.62,6.5784,6.3183,6.3957,6.1747,5.9695,6.561,5.2087,4.1816,4.2512,4.1297,4.7011,4.6203,5.512,5.0263,3.9209,4.367,3.5921,4.8241,4.6648,5.9567,5.2655,5.8004,5.9573,6.0885,7.2073,8.1021,8.4879,9.3716,8.9787,9.8475,9.9542,10.205,9.7263,9.3396,9.1316,8.6754,8.3322,8.1479,7.9723,7.4152,6.7656,6.6802,6.1111,6.1131,5.8816,5.7943,5.675,5.6975,5.8832,6.5346,6.4099,6.2712,6.8547,7.2369,7.4538,7.7878,8.6485,8.3313,9.2247,8.5825,9.6274,9.8037,8.9991,8.9161,9.2495,9.3895,8.6825,8.1911,7.4016,7.4102,6.6383,6.1335,6.2304,6.2243,6.2333,6.103,6.1628,6.3115,5.3591,4.9274,5.52,5.6556,4.8311,4.014,5.0806,6.4771,4.2832,5.0205,5.1417,3.708,5.0376,5.4582,4.5371,4.6474,4.6901,4.1585,1.9035,3.9791,4.1859,3.4723,4.297,3.5699,5.4446,6.0808,2.6634,1.4802,3.621,4.5973,2.777,3.1322,4.8552,3.4528,6.5408,4.918,5.4942,5.6228,8.2079,6.0898,3.4714,0.92552,0,0,0,0,0,0,0,0,0,0,0,0,0,0,0,0,0,0,0,0,0,0,0,0,0,0,0
0,0,0,0,0,0,0,0,0,0,0,0,0,0,0,0,0,0,0,0,0,0,0,0,0,0,0,0.25667,3.8143,3.5356,3.9503,5.122,3.4955,5.4809,4.5847,3.1494,5.883,4.0715,3.7945,3.7946,4.1892,5.3382,3.5455,3.5378,5.4131,5.8845,4.9627,4.4613,5.3147,6.6827,4.9837,5.7376,5.8575,5.5487,7.3814,5.6101,5.9337,6.4674,5.6657,5.6902,3.4854,5.7772,5.9634,6.6905,4.958,5.0485,4.1915,4.163,4.9037,3.941,3.9582,3.8129,4.7703,5.1672,5.7728,6.0923,5.5897,6.4355,7.1854,7.466,8.0276,9.0217,9.0521,9.6496,10.011,9.768,9.6891,9.7128,9.8442,9.2747,8.9466,8.2955,7.9061,7.9898,7.4441,7.2151,6.9947,6.7724,6.3576,6.3338,6.0921,6.4116,6.6834,6.3786,7.3008,7.3631,8.0176,7.8856,8.4252,7.9415,9.2945,9.333,8.6803,9.358,9.3125,9.323,9.247,8.8222,9.3531,8.8136,8.308,7.4815,7.9595,6.2873,6.6966,5.9918,6.446,6.3738,5.4759,5.1354,5.2334,5.5325,4.942,5.2735,6.0307,4.2807,4.287,5.4379,4.657,4.6099,4.9592,5.5401,3.9956,5.5161,4.6515,4.2845,4.9657,4.8596,4.2824,4.2178,3.7397,3.028,2.9033,2.4825,3.3933,3.8051,3.2705,2.9967,3.8277,2.1556,3.2808,5.0853,6.3449,4.6374,3.5225,3.7127,5.9269,6.5231,4.9155,5.427,5.7659,5.9371,4.3385,4.9612,0,0,0,0,0,0,0,0,0,0,0,0,0,0,0,0,0,0,0,0,0,0,0,0,0,0,0
0,0,0,0,0,0,0,0,0,0,0,0,0,0,0,0,0,0,0,0,0,0,0,0,0,0,0,0,3.1437,4.0302,4.9137,6.6148,5.4712,4.0697,4.0518,5.9447,3.8914,4.1424,4.8251,3.1262,3.9376,3.5544,3.7757,5.2292,3.8095,5.8227,4.133,4.2212,5.6982,5.542,6.2347,6.4364,6.1766,6.2512,7.7913,6.1515,7.9204,5.8547,5.872,5.5338,5.7312,5.7066,4.9497,4.0401,4.3932,5.1733,4.5357,4.9339,4.1276,5.277,3.7641,4.6037,4.0146,4.1742,5.3849,5.5534,5.6209,6.2395,7.3027,7.7893,8.3434,8.8982,8.7532,9.8574,9.7774,9.8297,9.3607,9.4498,9.8367,9.5552,8.926,9.032,8.0947,8.2511,8.5406,7.2965,7.8349,7.4762,7.1915,6.9238,6.7717,6.9504,7.3477,7.1794,7.8173,7.5775,7.9254,8.0239,8.6239,8.5119,9.5659,8.642,9.0355,8.4565,8.9934,9.1653,9.2668,8.8674,8.3738,8.0784,7.8341,7.2108,7.0147,6.463,5.832,5.9678,6.079,5.1386,5.2899,5.7009,5.4166,5.2347,6.9494,4.5194,3.6887,5.7793,5.3159,6.1817,4.8433,5.9514,3.9617,6.6706,4.3108,4.5428,3.0476,4.892,5.8366,3.9973,5.2434,3.8705,3.2286,4.9812,3.6674,2.5134,3.6874,2.9793,2.9056,5.2854,3.4151,2.1386,1.9118,3.3551,7.0533,6.2763,4.2329,6.3245,4.8304,4.4812,5.1371,5.9135,4.7151,3.3752,3.7516,1.1261,0,0,0,0,0,0,0,0,0,0,0,0,0,0,0,0,0,0,0,0,0,0,0,0,0,0,0
0,0,0,0,0,0,0,0,0,0,0,0,0,0,0,0,0,0,0,0,0,0,0,0,0,0,0,0,3.637,3.3629,3.9138,5.8318,4.8446,4.263,3.9427,5.0709,3.7577,4.6296,4.1004,4.0447,4.0174,3.9919,5.9,5.1014,5.2416,4.5634,5.1214,5.6789,4.5664,4.6723,5.0704,6.3058,5.1477,5.6598,5.3491,4.5181,7.4057,6.6412,5.9219,6.4476,5.6674,5.6877,3.207,4.3841,4.9507,3.1902,4.2553,3.7091,3.9789,3.8219,5.36,4.0522,4.9055,4.8646,4.9094,5.7993,6.0594,6.1215,6.3708,7.1408,7.6972,8.3713,8.635,9.4044,9.1167,9.4543,9.8699,8.6873,9.5606,8.5708,9.0487,8.8245,8.9641,8.905,8.0211,8.378,8.726,7.6822,7.4622,7.3793,7.5493,7.6168,8.0378,8.0539,8.2161,8.6452,9.0179,8.7868,8.7792,8.9415,8.5941,9.0178,8.6618,8.7807,8.9898,8.6038,8.2145,8.031,7.7521,7.6926,7.3067,6.3364,6.2316,5.7295,5.7685,6.5279,5.6785,5.0929,5.734,5.0288,4.605,4.6827,3.9845,4.2262,5.2045,4.7414,4.4428,6.0608,4.6909,4.8876,2.3069,3.9712,5.0476,4.9602,5.2573,2.838,4.5673,4.0969,3.0024,4.2959,3.568,3.3634,2.7024,3.028,2.5726,3.1734,4.0779,2.0567,3.7517,3.4385,4.0426,3.4126,4.2313,5.7855,3.7799,5.1871,7.1245,5.4225,6.047,6.2661,5.5716,4.2841,3.7274,0,0,0,0,0,0,0,0,0,0,0,0,0,0,0,0,0,0,0,0,0,0,0,0,0,0,0,0
0,0,0,0,0,0,0,0,0,0,0,0,0,0,0,0,0,0,0,0,0,0,0,0,0,0,0,0,2.4744,4.6811,3.9773,5.2663,5.0168,4.2015,4.7706,3.54,4.228,3.5266,4.5814,3.2724,4.2076,4.3203,5.4967,4.1168,6.0324,5.6197,5.1594,4.2685,3.7003,4.6333,5.8478,5.9381,6.2879,5.641,7.5165,6.6139,7.1866,7.2097,4.4387,6.4113,5.5,4.3438,6.6773,5.1572,4.5913,4.4253,5.6306,4.8195,3.9142,3.7365,3.2082,5.0443,4.2169,4.0656,5.7589,5.4433,5.7838,6.3529,6.8319,7.3695,7.1818,7.9951,8.3974,9.658,9.5062,8.9129,9.0788,8.6856,8.8781,8.7422,8.6113,9.2428,8.1881,8.6302,9.6556,9.311,8.6431,8.2251,8.1454,8.2845,8.1397,8.4534,8.2976,8.4827,8.8504,8.5945,8.741,8.5443,9.3852,8.502,9.429,9.5095,8.9177,8.7327,8.2661,7.979,8.011,7.5666,7.6033,7.053,6.6411,5.9574,5.9072,5.5809,5.2868,5.3385,5.5236,4.3061,5.1923,4.1716,4.8507,4.1505,4.2847,4.7341,4.6833,4.3898,4.5468,4.0681,4.1982,4.6298,4.5986,3.8751,4.3116,4.1983,4.7032,4.0039,5.3164,3.4061,3.976,3.7308,2.8476,5.2053,3.0914,2.6682,5.0278,2.5716,2.6084,2.8545,3.6526,4.3281,4.7694,4.4633,3.5238,2.9611,4.6535,3.9153,7.3191,3.8813,5.7017,4.0833,6.0413,5.2847,3.4583,0,0,0,0,0,0,0,0,0,0,0,0,0,0,0,0,0,0,0,0,0,0,0,0,0,0,0,0
0,0,0,0,0,0,0,0,0,0,0,0,0,0,0,0,0,0,0,0,0,0,0,0,0,0,0,0,5.8244,2.7778,3.9751,4.2261,4.272,6.4736,3.9973,4.8027,3.5826,4.0471,4.5099,3.7294,3.0666,3.3256,3.7488,5.1221,4.1916,8.1179,5.3245,5.4097,5.0054,5.3366,5.2563,5.9787,5.1805,6.0244,5.7573,7.6814,5.5629,5.0824,4.1387,5.5644,4.3907,4.5324,5.3038,5.3901,6.0106,5.0311,4.2668,3.6871,4.1765,4.46,5.0178,5.2416,4.6582,4.0413,4.6327,5.7986,5.6786,6.2297,6.4257,6.9172,6.7077,7.6573,7.8748,8.7491,8.4817,9.1759,8.2599,8.8135,9.5219,8.9421,8.5853,8.8367,9.7142,8.6429,8.863,8.6361,8.9314,8.4973,8.8664,9.2299,8.9191,8.7277,8.9676,8.7953,9.6916,9.5683,9.9598,8.7205,8.8673,8.9541,8.707,8.603,8.7291,8.6479,8.2904,7.7276,7.3132,7.3022,7.0127,6.5924,5.9721,5.9236,5.8246,6.0742,5.9627,4.8132,4.6317,3.9148,4.815,3.7712,4.2879,4.4762,5.6108,4.4094,5.5567,5.6558,4.9083,3.6565,4.6093,3.9346,4.6487,4.3343,3.2017,4.7675,4.7237,4.1769,3.069,3.0251,3.1269,3.2684,3.4888,4.6441,2.4509,2.5556,3.0448,3.3038,2.3942,2.7702,2.6699,3.6408,3.7952,5.2123,4.3712,4.7145,3.6855,3.9642,4.515,6.6846,6.7383,5.6854,5.3737,4.5786,0.66503,0,0,0,0,0,0,0,0,0,0,0,0,0,0,0,0,0,0,0,0,0,0,0,0,0,0,0,0
0,0,0,0,0,0,0,0,0,0,0,0,0,0,0,0,0,0,0,0,0,0,0,0,0,0,0,0,0.62965,2.0131,2.5365,4.4905,4.2585,3.9907,5.1033,4.9626,5.6172,3.6743,3.0287,2.7279,3.3771,3.141,3.9998,3.6475,3.9689,3.7784,4.9686,4.4102,4.6357,4.4856,5.3066,4.7871,6.3606,4.9694,5.9379,4.9776,5.2049,6.2628,4.5379,5.104,6.3378,6.7049,4.8694,4.432,4.9347,4.946,3.9467,4.4861,4.1712,2.8644,4.72,4.0205,4.0264,5.5714,5.4643,5.3579,6.1703,6.229,6.0122,6.5372,7.0632,6.7923,7.49,8.5123,7.8519,8.333,8.4396,8.5062,8.8659,9.0859,8.8553,8.673,9.2361,8.7618,9.2771,8.8095,9.4725,8.8987,9.0632,9.1141,9.1231,8.9268,9.1329,9.8224,9.5739,9.4918,9.7345,8.7501,8.5356,8.7134,8.7472,8.0194,7.8907,7.7306,8.3022,7.494,7.1634,6.332,6.1746,6.2596,5.1087,5.8065,5.6018,4.9554,5.0236,4.2918,4.5764,4.2455,6.3864,4.2751,4.2365,4.6508,4.6595,4.5088,3.566,5.7221,4.7213,3.9169,4.9911,3.923,3.8041,3.2221,6.1841,7.079,3.1463,3.5388,6.0843,5.3581,4.3377,3.7501,3.4087,3.4923,3.726,3.935,3.6148,2.9847,3.1781,2.6253,4.5349,3.9546,3.4545,4.2653,3.0783,3.0198,4.4176,4.6196,6.3984,18.729,5.9553,7.2303,6.5605,2.865,1.8023,0,0,0,0,0,0,0,0,0,0,0,0,0,0,0,0,0,0,0,0,0,0,0,0,0,0,0,0
0,0,0,0,0,0,0,0,0,0,0,0,0,0,0,0,0,0,0,0,0,0,0,0,0,0,0,0,0,2.2438,2.4319,3.2189,3.9988,4.1365,3.3741,3.8914,3.432,3.287,3.6502,4.8872,5.0192,5.0346,4.0254,4.0859,3.5942,3.4659,5.8897,3.4444,4.4602,3.2575,4.1724,3.9322,5.7883,5.3169,5.0924,5.6813,6.7052,4.5574,6.0922,5.9722,5.3789,4.5654,4.5183,5.2521,4.929,4.1525,4.4077,4.3043,6.5184,4.5455,3.9269,4.9766,4.1078,4.546,5.1882,5.4378,6.3058,6.4422,6.7385,6.806,7.0231,7.1409,7.2334,8.2045,8.0597,8.4083,8.9623,8.455,8.5227,7.4057,7.969,7.8588,8.7122,9.1512,8.2497,8.7723,8.5416,9.6268,9.1849,8.7315,9.2164,9.2426,9.5937,9.9848,9.395,9.3204,8.6988,8.7114,9.2394,8.8808,8.0529,8.3198,9.1736,7.5332,7.2157,6.7281,6.9171,6.648,5.577,5.8792,4.7199,4.3694,5.438,5.8907,4.8972,3.7532,4.9507,4.3525,3.5429,5.6495,4.0823,3.8302,3.9755,3.7571,3.8144,4.182,4.3113,5.0521,4.6992,4.0218,4.8486,6.4042,4.6361,5.9321,5.4258,5.4131,4.6479,3.2196,3.5792,3.7077,4.7867,3.9601,2.9844,3.0674,3.1938,2.8169,3.5138,3.1569,2.8648,3.4396,3.5344,3.8598,2.7699,4.6225,4.8802,5.0954,4.8563,4.0065,3.3191,3.3399,3.5331,3.5823,0,0,0,0,0,0,0,0,0,0,0,0,0,0,0,0,0,0,0,0,0,0,0,0,0,0,0,0,0
0,0,0,0,0,0,0,0,0,0,0,0,0,0,0,0,0,0,0,0,0,0,0,0,0,0,0,0,0,2.3699,2.8929,4.245,3.7846,4.0504,4.6611,4.1906,4.0763,5.0861,3.4199,3.4068,3.4842,4.4596,4.6854,5.0163,4.6477,3.9598,3.8623,4.4769,5.2973,3.935,7.3995,4.5316,6.0241,5.9282,5.3318,6.6186,5.7763,6.2176,5.507,4.2685,6.9925,5.6941,6.1672,4.801,3.8885,4.3484,5.3107,5.1684,3.3998,5.4673,4.5123,3.842,5.9887,4.2557,5.3401,4.7254,6.1959,6.6434,6.0538,7.1909,7.2191,7.0643,7.1314,7.3313,7.3605,7.4336,7.6101,8.641,7.6807,8.6667,8.9662,8.12,8.0613,8.6133,8.9531,9.4091,9.3563,9.4277,9.2749,9.8273,9.3853,9.4485,10.266,9.8318,10.101,9.4608,9.1183,8.7723,9.0384,8.9569,7.5274,8.8451,7.4753,7.0888,6.7129,6.6043,6.7863,6.2222,5.7934,5.4115,5.3094,4.7924,4.7852,4.9129,4.2175,4.3751,4.3669,4.9603,4.0879,3.6786,3.8649,4.1047,7.0233,4.4175,4.4367,4.3161,3.538,4.0241,3.6266,4.1998,6.3005,4.4336,4.6094,4.3839,3.9631,5.0679,4.7468,4.0005,3.1534,3.9654,3.9426,4.7551,2.2578,4.9707,3.8978,4.8548,2.0868,4.5349,2.9435,3.182,3.6471,5.2117,4.5245,5.575,4.2896,4.619,4.3975,5.5156,5.0925,3.4322,5.9193,2.6538,0,0,0,0,0,0,0,0,0,0,0,0,0,0,0,0,0,0,0,0,0,0,0,0,0,0,0,0,0
0,0,0,0,0,0,0,0,0,0,0,0,0,0,0,0,0,0,0,0,0,0,0,0,0,0,0,0,0,0,4.6735,2.9625,3.2223,4.1267,3.4415,5.2742,3.8968,4.5386,5.9227,4.2519,2.8627,5.1314,3.818,3.4763,4.3793,4.2334,3.9606,5.1646,5.0316,6.1129,6.2052,6.374,2.5073,6.0462,6.6849,6.324,4.2948,6.4334,5.9324,5.5809,4.086,4.264,6.0494,4.7434,3.2885,4.9295,4.8831,4.038,4.2607,4.0088,5.884,4.1204,4.7987,5.6874,4.6255,6.4739,6.3383,6.1631,6.1876,6.4456,6.8086,6.5976,7.2265,6.9328,6.7623,7.6469,6.7526,7.4452,8.0688,7.5658,7.7648,7.9913,7.8857,8.4221,7.8657,8.3117,9.0749,9.0068,8.9157,9.173,9.7254,9.5807,9.7344,10.203,9.6422,9.2331,8.6562,8.9896,8.5665,8.3016,8.1421,7.6045,7.4051,7.7989,6.5974,5.7448,5.9014,6.1537,6.1963,5.6047,5.3864,4.753,5.1188,4.0179,4.2697,4.1043,5.1497,3.5449,4.0258,4.3748,4.3818,3.8137,4.8495,5.7803,4.5848,4.5449,4.4032,5.41,5.3787,4.1008,4.4534,5.0321,5.744,3.6146,4.7626,6.882,4.3596,5.1532,4.4436,2.9347,3.8367,2.8614,4.5132,3.7404,3.5695,4.363,3.1553,3.3694,4.2097,4.0525,4.5227,3.6997,5.1301,4.3486,5.5476,5.0272,6.0883,5.198,3.6736,4.1068,4.8952,2.516,0,0,0,0,0,0,0,0,0,0,0,0,0,0,0,0,0,0,0,0,0,0,0,0,0,0,0,0,0
0,0,0,0,0,0,0,0,0,0,0,0,0,0,0,0,0,0,0,0,0,0,0,0,0,0,0,0,0,0,0.11758,3.0361,4.4724,3.639,3.6295,3.9984,3.7538,5.1108,3.6509,2.8826,3.6834,4.1261,3.4479,4.4244,3.4655,6.8278,4.582,5.5006,5.2479,5.9382,3.6515,4.7583,5.9212,6.6786,4.4272,4.803,5.3764,5.5486,5.3325,4.5851,6.2642,5.5912,5.358,4.8017,5.1844,4.3091,4.3972,3.5726,3.5452,4.4473,4.5974,3.6966,4.3973,6.5105,5.3728,6.5398,5.9967,6.7952,5.8666,6.1094,6.0699,6.3513,6.7742,6.9817,6.6378,6.5192,7.0796,6.9608,6.9426,7.5564,6.8346,7.4873,7.6856,7.8513,7.7991,7.9936,8.7675,8.8091,9.2258,8.7302,9.2304,9.4109,9.5108,9.7128,8.9321,9.8093,8.9346,8.7161,8.4891,8.6235,8.5274,7.3139,7.7387,6.9325,6.5051,5.6251,6.0262,5.3211,5.4042,4.9734,4.3708,4.6581,4.7188,4.3724,4.4125,4.266,3.5613,3.7233,4.3526,4.7913,3.9721,4.0528,3.6709,3.8855,4.393,5.2334,3.9078,4.8193,3.2674,5.3689,5.718,5.0716,4.9563,4.5945,4.406,5.2311,4.2902,4.3169,3.6898,4.7389,4.3674,3.5918,2.9124,3.9596,4.5122,3.4476,4.1272,3.9883,4.0953,3.6996,3.3319,4.5904,4.0222,3.9166,5.8641,5.6936,5.0134,5.6224,4.7627,5.452,1.1135,0,0,0,0,0,0,0,0,0,0,0,0,0,0,0,0,0,0,0,0,0,0,0,0,0,0,0,0,0,0
0,0,0,0,0,0,0,0,0,0,0,0,0,0,0,0,0,0,0,0,0,0,0,0,0,0,0,0,0,0,2.1754,3.236,4.1999,3.8323,4.0672,3.2186,4.0903,4.1678,4.3448,5.022,2.754,4.4967,3.2862,4.41,4.3826,3.3868,5.2284,5.9474,4.4941,5.5897,4.3515,6.0212,5.1651,4.8604,4.5371,3.8804,5.3585,5.5151,3.5299,5.9758,5.0417,4.2733,6.069,3.6916,6.721,4.0015,4.1094,4.5275,6.1867,5.9713,4.7034,4.8878,4.1708,4.5293,6.0297,4.2609,5.9986,6.6369,5.522,7.5237,6.4185,6.7115,6.7511,6.4957,6.4621,6.5419,7.1558,6.6359,6.4809,6.9881,6.624,6.3388,6.9172,7.3562,7.1594,7.5287,7.6752,8.2176,8.7493,9.3459,9.2738,9.534,8.4096,9.7139,8.8758,9.2968,8.339,8.2976,8.4204,7.9163,6.6435,6.906,7.0074,5.8844,5.9244,6.5453,5.2542,5.8428,4.2632,4.945,4.7507,5.187,4.8528,4.3772,4.8839,3.4076,4.9591,4.6231,4.2176,4.231,5.5445,4.6488,5.7508,4.1722,4.3594,4.5675,4.0616,5.9,5.9674,4.3373,4.8139,5.7554,4.911,4.4213,6.2872,4.756,2.3588,5.3375,4.2386,4.3181,4.3687,5.2476,3.6814,4.2963,3.4796,4.1096,4.1026,4.452,3.7029,4.1845,4.16,3.2994,4.1787,4.1595,4.6998,4.6158,5.7742,4.4868,4.68,2.9881,0.67914,0,0,0,0,0,0,0,0,0,0,0,0,0,0,0,0,0,0,0,0,0,0,0,0,0,0,0,0,0,0
0,0,0,0,0,0,0,0,0,0,0,0,0,0,0,0,0,0,0,0,0,0,0,0,0,0,0,0,0,0,0.93624,2.4107,3.6507,4.2987,4.7336,4.2375,4.346,3.7415,3.9347,5.1123,3.2027,3.5227,3.2265,3.3513,6.4378,4.4859,6.547,4.3486,4.8658,5.6794,5.4717,4.9189,4.8904,4.4522,6.1866,6.1285,6.1441,6.0591,5.1721,5.6119,5.4672,4.9579,5.0656,4.1519,4.2457,2.9412,4.8964,4.47,4.8358,5.3421,4.5059,5.035,4.2544,5.7609,5.1708,6.0494,5.6145,6.5265,6.126,6.567,6.0307,6.5806,6.497,6.5194,5.6135,5.6353,6.3766,6.4374,6.0563,6.3146,5.9853,6.5386,6.5281,7.2614,6.6887,7.325,7.5883,7.5004,8.1965,8.0658,8.2092,8.8158,8.5503,8.5124,8.4577,8.8928,8.194,6.9953,7.9859,7.652,7.46,6.5736,7.2804,6.51,6.4902,5.6956,5.5719,5.423,6.022,4.673,4.5625,4.7517,4.8368,4.6473,2.9525,4.4497,5.111,4.4794,4.8764,3.8627,3.4359,4.3333,5.5214,4.6457,4.6941,4.4912,7.1464,5.5055,3.6303,5.4004,4.9273,6.2421,6.012,5.8627,5.9728,4.685,5.0239,4.5363,4.259,3.926,5.5409,3.295,4.4537,3.329,3.5,3.621,4.4694,3.5638,2.2966,4.858,3.5966,3.7734,5.0256,5.229,5.1639,5.159,4.28,4.4386,4.0813,2.7472,0,0,0,0,0,0,0,0,0,0,0,0,0,0,0,0,0,0,0,0,0,0,0,0,0,0,0,0,0,0,0
0,0,0,0,0,0,0,0,0,0,0,0,0,0,0,0,0,0,0,0,0,0,0,0,0,0,0,0,0,0,0,2.5267,3.6822,4.0247,3.6907,3.7484,4.7384,2.8344,3.5981,3.166,3.7723,4.6122,4.078,3.2231,3.4438,5.5596,4.5359,4.8837,5.8783,4.4367,5.4676,5.795,4.4444,5.9528,4.782,7.1022,4.2977,5.1207,5.6926,5.7913,6.5695,5.2938,5.0171,4.2807,3.9686,4.0351,4.7842,4.6475,2.9873,5.1937,4.0613,5.676,5.5687,4.8366,5.3171,5.8013,5.6263,6.7745,6.3274,5.7536,6.6125,6.5752,6.7992,6.2699,7.159,5.6436,5.5366,6.0169,5.874,6.0812,5.8394,5.9383,6.1178,6.3894,5.7129,6.5151,6.9543,7.2793,7.5028,8.0167,7.5172,8.1348,8.2619,7.5654,8.0876,7.7305,7.8293,8.1229,7.3642,7.0806,6.4519,6.2166,6.391,5.973,5.8774,5.6549,5.7132,6.2482,4.5553,4.6531,4.6416,4.0112,4.5635,4.5361,4.5943,4.3072,5.1627,4.3605,4.8738,4.382,4.7916,5.5116,5.9864,4.189,4.7111,4.6832,4.5918,4.1644,6.458,5.2162,5.7315,6.9764,4.4472,4.625,4.7438,6.7395,5.3217,4.2841,4.948,4.5639,5.77,3.7753,4.0153,7.2659,3.3202,5.0444,4.8025,5.6759,4.1715,4.0195,4.5337,3.8165,4.2294,6.1962,4.2329,5.1928,7.1085,5.1072,5.5815,3.1026,0,0,0,0,0,0,0,0,0,0,0,0,0,0,0,0,0,0,0,0,0,0,0,0,0,0,0,0,0,0,0
0,0,0,0,0,0,0,0,0,0,0,0,0,0,0,0,0,0,0,0,0,0,0,0,0,0,0,0,0,0,0,0.64323,4.575,3.9764,4.5833,4.7622,4.2676,3.7641,5.0768,5.4612,3.9981,4.2957,3.7751,3.3529,5.4904,4.1714,5.6927,6.6197,4.4511,6.5332,5.1293,5.4533,4.7898,5.1943,5.3271,4.9545,4.5528,6.4021,5.4375,5.2841,4.9385,4.8672,6.55,5.0872,5.5712,3.8843,4.5864,4.3585,4.634,4.8842,5.152,5.2304,5.0447,4.9744,4.6631,5.1695,5.766,6.723,6.4332,6.8235,6.3698,7.1481,7.3257,6.3034,5.9944,5.5265,5.1751,5.8842,5.859,5.5364,5.2122,5.9111,6.1597,5.9133,6.172,6.3165,6.229,6.2344,6.6091,6.8039,7.9514,7.622,7.2114,6.9477,7.5632,6.6654,7.077,7.117,7.7078,6.8295,7.1819,6.5185,5.7528,5.7345,5.1555,5.2541,5.7213,5.0989,5.7168,4.215,5.0278,5.096,4.102,4.6916,4.3559,4.4023,4.0891,4.8138,4.3774,4.7785,4.3669,4.8354,6.2946,4.8275,7.0177,6.0241,5.2301,6.0019,5.0502,5.5934,3.8596,4.8844,5.4146,5.6959,6.2104,4.8353,4.4365,3.8017,3.7051,5.1338,4.8341,5.3802,5.3327,4.0658,4.0622,4.4784,5.9683,3.2233,4.1843,2.3732,4.7787,4.0792,5.176,6.7573,6.1885,4.2554,5.3409,4.4885,2.7019,0.86706,0,0,0,0,0,0,0,0,0,0,0,0,0,0,0,0,0,0,0,0,0,0,0,0,0,0,0,0,0,0,0
0,0,0,0,0,0,0,0,0,0,0,0,0,0,0,0,0,0,0,0,0,0,0,0,0,0,0,0,0,0,0,0.24381,3.2612,3.6582,4.1411,4.1668,4.6584,3.92,4.7911,5.5571,5.2602,3.9098,5.6509,3.9781,5.976,5.3108,4.1987,4.439,4.2231,7.2308,4.4283,4.937,3.8019,4.3244,5.3887,4.0295,5.6414,2.4835,6.0831,5.0404,3.9738,5.6477,4.7411,4.8644,5.1959,3.8279,4.4602,3.4908,5.7746,4.6086,6.4651,5.29,4.4566,5.3972,5.7561,4.1294,7.1283,6.523,6.3066,7.1289,7.4941,6.6694,6.3168,6.0541,5.7924,6.1596,5.9144,5.1625,5.4457,5.7813,5.5056,5.5835,5.6942,5.4914,4.9479,4.8911,5.5806,6.1947,6.0313,6.4038,6.7381,6.2457,6.6686,6.5556,6.9553,7.2367,6.4535,7.162,7.0654,6.4609,6.6343,6.7609,5.9422,6.9945,5.9837,5.8769,5.2575,5.926,5.3986,5.5324,5.1699,5.1775,4.9768,3.8782,4.9391,4.3208,4.4348,5.5867,4.6485,6.1749,5.0066,3.2288,5.9295,4.5412,4.6864,5.3404,6.6736,4.7926,5.1365,5.758,3.3275,6.6039,5.8806,4.1463,5.7719,4.2965,5.7497,4.0463,4.044,4.686,4.2506,3.8928,4.9823,3.6863,4.5012,3.1304,4.5012,4.5875,4.0156,5.819,3.6894,4.3705,4.9701,4.9027,3.8772,4.564,5.0791,3.6404,4.4881,1.5919,0,0,0,0,0,0,0,0,0,0,0,0,0,0,0,0,0,0,0,0,0,0,0,0,0,0,0,0,0,0,0
0,0,0,0,0,0,0,0,0,0,0,0,0,0,0,0,0,0,0,0,0,0,0,0,0,0,0,0,0,0,0,0,1.6903,3.2001,3.3726,3.1904,5.3828,4.8584,6.7028,4.7419,3.3736,5.0132,4.8022,5.1223,5.988,4.8477,5.3625,5.4347,3.3303,5.6317,4.7659,4.9748,4.6051,4.1484,3.9231,6.0492,7.2044,5.7417,5.7313,5.7421,4.3831,3.8767,4.7825,5.1049,5.253,3.1543,4.1113,5.4118,3.4058,5.3992,4.3953,4.9705,4.6414,5.4127,5.806,4.0442,4.9741,5.9299,5.4083,5.2684,6.8137,6.6021,5.6903,6.8534,6.5729,5.5867,5.1017,5.1825,5.8422,5.9344,4.4929,4.7238,5.0269,5.5908,5.3783,5.0438,5.591,5.7658,5.5001,5.354,6.1767,6.0078,7.0328,6.4307,6.3602,7.0474,8.0273,6.8644,6.3428,6.6403,6.8068,6.1984,6.6622,6.4218,5.768,5.6157,6.2208,5.8493,5.257,5.5606,4.6855,3.6464,4.2491,5.5325,5.4863,4.4253,4.366,3.5437,4.689,4.7408,4.9175,5.5162,5.6307,5.2404,4.9594,5.8077,5.7644,5.7685,5.3666,5.4015,6.2618,5.5991,5.2915,5.668,5.9917,4.8732,4.8783,4.4714,3.9194,5.0623,4.1296,4.2171,3.4572,3.0661,3.4596,4.1978,4.7261,3.9774,3.9319,4.7085,4.4435,5.6996,5.3847,5.207,5.3539,5.2157,4.6847,3.4436,2.3036,0,0,0,0,0,0,0,0,0,0,0,0,0,0,0,0,0,0,0,0,0,0,0,0,0,0,0,0,0,0,0,0
0,0,0,0,0,0,0,0,0,0,0,0,0,0,0,0,0,0,0,0,0,0,0,0,0,0,0,0,0,0,0,0,4.2239,3.4158,4.1551,4.0092,4.1515,4.3995,5.1122,4.6441,4.3175,4.4417,4.213,5.0866,4.5843,5.593,4.3874,5.615,3.6484,4.6848,3.4262,4.5978,4.6932,3.8644,4.0479,3.8901,4.8775,6.4673,4.1721,4.4521,5.4658,4.8812,4.8985,5.0002,5.3398,4.1077,4.1424,3.8032,2.8309,4.7768,4.5542,6.2387,5.4263,6.9222,4.8057,5.7871,4.8258,5.7999,5.2038,5.8053,5.8052,7.142,5.916,5.9795,6.082,6.5752,6.1419,5.2325,5.1563,4.2923,4.5186,4.9047,4.5997,4.9107,4.6704,4.8497,5.288,5.4866,5.9421,5.3368,5.9281,5.8015,6.5141,6.5903,5.8755,6.3485,6.9501,6.6478,6.0263,6.1703,6.3747,7.0469,6.4485,6.7788,6.5948,6.9809,6.3913,6.2103,5.7494,5.3105,5.2371,5.7813,5.6848,5.2142,5.6402,4.7025,5.1506,4.4834,4.7987,3.5695,5.6554,6.4068,4.1727,6.7062,4.8603,4.0582,5.3294,4.7264,7.2002,5.7782,4.1698,4.552,4.7155,6.6251,4.1793,6.1996,4.154,3.9244,4.7249,4.6964,3.1512,5.4233,4.3311,4.7023,4.9251,4.8299,5.6089,3.8351,4.3466,4.1636,3.8221,5.1683,5.9156,7.4517,4.4973,5.2984,3.547,3.6046,3.2649,0,0,0,0,0,0,0,0,0,0,0,0,0,0,0,0,0,0,0,0,0,0,0,0,0,0,0,0,0,0,0,0
0,0,0,0,0,0,0,0,0,0,0,0,0,0,0,0,0,0,0,0,0,0,0,0,0,0,0,0,0,0,0,0,0.73467,3.3417,3.6151,4.8396,3.7971,4.6634,4.2782,4.4294,3.4761,5.4374,3.977,5.2438,5.1598,4.3339,4.7413,4.9192,5.2673,5.4938,4.8857,3.7111,5.6454,4.6799,3.7994,3.8266,3.6777,3.9156,3.7538,5.2008,6.6715,4.6085,4.7359,5.4671,5.8909,4.8415,4.5001,4.691,5.7365,5.1537,4.5714,5.8962,5.0875,5.382,6.5782,6.8047,7.2588,5.9057,5.9195,6.4969,5.4029,6.8894,6.4479,5.8577,6.6036,4.49,5.785,5.4056,3.8284,5.4021,4.986,5.0071,4.9959,5.0709,5.1304,4.7545,6.1339,4.9939,5.6708,5.0469,6.1793,5.4916,5.7798,6.4689,5.9532,6.3531,6.2331,6.0526,6.9004,6.6565,6.1486,6.4676,6.8793,6.8663,5.8293,6.1533,6.1095,6.4611,6.8952,5.5971,5.4637,4.8472,4.853,4.7062,5.6983,5.9462,5.3988,4.7155,6.3105,6.2185,4.7167,5.252,6.0365,6.1559,4.8103,5.5638,5.371,5.8561,6.5996,5.4321,6.9537,4.5852,4.2692,4.5271,5.5017,4.4044,5.5928,4.6922,4.6925,3.9703,4.7699,4.5423,4.7921,4.4447,4.1598,4.5881,4.5224,4.3705,4.6743,3.5917,5.7964,4.6843,4.0148,3.5978,5.7611,3.9865,4.604,7.4192,1.2094,0,0,0,0,0,0,0,0,0,0,0,0,0,0,0,0,0,0,0,0,0,0,0,0,0,0,0,0,0,0,0,0
0,0,0,0,0,0,0,0,0,0,0,0,0,0,0,0,0,0,0,0,0,0,0,0,0,0,0,0,0,0,0,0,1.2349,4.2154,3.2275,4.1061,4.7612,3.6113,4.9799,4.7498,6.0037,3.0789,4.3129,3.6599,6.9257,4.7977,4.5109,5.2627,5.6796,4.2756,4.9434,4.9568,3.837,3.255,5.3442,5.1352,3.9566,4.9578,4.898,4.6602,4.5706,5.5149,5.1816,3.6179,5.0248,3.9865,4.4516,5.664,4.6537,4.6312,5.4046,5.8934,6.1925,6.1692,6.339,6.4973,7.3148,6.9802,6.2362,6.6362,5.8615,6.4434,5.6228,6.8243,6.4053,6.2251,5.4377,5.8849,5.41,4.2406,4.4237,5.0567,4.8385,3.8029,3.8931,4.8035,4.6823,4.6369,4.2504,5.2031,5.4264,5.3789,5.1654,5.4826,6.1035,6.2233,6.9601,6.65,5.8547,6.1645,5.9119,7.1181,7.0149,6.934,6.7478,6.1042,6.2877,5.8343,6.9225,5.5061,5.6757,5.7475,5.1193,5.8928,5.9685,5.9403,6.181,6.7562,9.1501,5.0764,7.0679,5.9727,5.9366,6.3908,5.3914,7.0161,4.5473,6.0191,5.6314,5.7929,6.2671,6.1761,5.3396,5.0357,5.4712,4.3724,5.9384,3.8686,5.3491,4.054,4.9421,5.6618,4.419,4.7478,5.2916,4.5616,3.9065,4.5273,5.7539,4.4891,4.9946,4.9245,5.9152,3.8733,4.7405,3.874,4.3911,2.7352,0.55967,0,0,0,0,0,0,0,0,0,0,0,0,0,0,0,0,0,0,0,0,0,0,0,0,0,0,0,0,0,0,0,0
0,0,0,0,0,0,0,0,0,0,0,0,0,0,0,0,0,0,0,0,0,0,0,0,0,0,0,0,0,0,0,0,0,0.63938,3.3337,3.6995,3.7959,4.7853,4.6251,4.1272,5.5321,5.7216,5.0168,4.9059,4.6419,3.8301,4.5398,4.8326,5.1096,4.7176,4.7858,3.2716,3.751,4.8097,4.7261,6.3314,3.7441,4.5355,5.0773,3.6789,4.0393,3.8667,4.7833,3.6919,3.3207,3.9377,5.2183,3.3863,5.1916,3.7737,5.2421,6.9701,5.5737,6.4598,6.1424,5.6482,6.2853,7.0729,5.8058,7.157,6.5404,7.1713,7.4593,7.2046,5.6948,4.8717,5.4952,4.5376,4.6554,4.772,3.9867,4.3879,4.4612,4.3074,4.0692,4.3189,4.1336,4.0584,4.9895,4.1717,4.1792,5.445,5.5277,5.1176,5.0028,6.2967,6.5273,6.2306,5.8426,6.3828,6.0826,6.8013,6.8578,6.7496,6.2958,6.5422,7.102,6.5642,6.6977,4.0473,6.8328,4.9725,6.6012,5.9688,6.5425,6.6058,5.3419,4.6292,7.0267,5.5095,5.4669,6.331,6.7438,6.3225,6.721,6.701,6.9269,7.0415,6.0619,4.6535,5.2159,5.172,5.5406,5.6626,5.5136,4.3815,4.6482,6.3815,6.9733,5.338,3.9727,5.5789,4.1071,4.8026,4.7831,5.0405,5.5963,6.1265,3.0827,4.8693,4.6388,5.9455,4.7532,3.6114,4.0638,4.4523,3.8486,0.76594,0,0,0,0,0,0,0,0,0,0,0,0,0,0,0,0,0,0,0,0,0,0,0,0,0,0,0,0,0,0,0,0,0
0,0,0,0,0,0,0,0,0,0,0,0,0,0,0,0,0,0,0,0,0,0,0,0,0,0,0,0,0,0,0,0,0,0.096214,2.7272,2.7909,3.7432,3.7313,4.1715,4.659,6.7752,4.1299,4.3867,3.8331,6.2174,5.592,4.676,5.0458,4.1807,4.8827,3.448,4.9301,4.6164,4.5943,4.17,4.6787,3.2215,4.9081,3.866,2.5933,3.1681,3.7846,5.3407,2.5881,6.4916,3.9642,4.0806,3.5564,6.048,3.7244,4.8292,4.9443,8.7768,6.2599,6.1601,6.5091,6.8373,5.8039,7.6767,7.1957,6.123,5.609,4.8609,4.9736,5.4204,5.0687,5.4226,5.074,4.9139,4.3271,5.0448,4.0173,4.3836,4.5818,4.0137,3.736,4.2448,4.5523,4.0337,4.9185,4.379,5.0733,4.8375,5.4475,5.0374,5.795,6.0315,5.8805,5.2374,6.1631,7.2094,6.7197,6.2117,4.8688,5.6156,6.188,5.2653,7.1757,6.0134,6.086,6.4549,6.9372,5.9663,5.8227,6.6568,6.2958,7.8636,7.9117,6.4885,8.6738,7.1323,6.0256,5.3373,7.5098,7.4206,6.159,7.4953,4.7848,6.0118,4.5478,7.7831,3.7432,5.2409,4.722,5.3426,5.7295,4.6363,6.183,3.9716,4.3327,5.3433,4.7969,5.0335,5.3751,4.1124,5.9211,4.7309,5.1621,4.1013,4.0367,4.4359,3.5672,4.1548,4.7606,3.6625,3.1487,4.8659,0.048938,0,0,0,0,0,0,0,0,0,0,0,0,0,0,0,0,0,0,0,0,0,0,0,0,0,0,0,0,0,0,0,0,0
0,0,0,0,0,0,0,0,0,0,0,0,0,0,0,0,0,0,0,0,0,0,0,0,0,0,0,0,0,0,0,0,0,0,2.9499,2.7024,3.3145,4.2416,4.9709,5.5913,4.6146,5.5102,4.1432,4.1518,4.5758,7.134,5.2179,4.7688,4.0026,4.6689,2.9151,4.1917,3.6589,4.6772,4.2033,5.5404,5.066,4.8119,3.5469,2.8347,4.814,4.0419,3.6729,3.8906,3.2272,4.888,5.3236,4.6884,4.3195,6.3365,6.1798,5.0129,6.2871,6.3831,7.0735,7.4354,6.9114,7.0782,5.9489,6.8254,7.2168,7.026,5.9569,6.3967,6.446,5.2569,5.7306,4.7271,4.4578,4.245,3.6019,5.1144,4.1495,3.9873,4.2028,4.4479,4.9061,5.4013,3.3073,5.986,4.2759,3.9869,4.4523,3.9708,5.7689,5.4316,5.8704,5.1068,5.5376,6.0517,6.0421,6.9192,5.3231,5.4354,6.8679,5.6811,5.9188,7.0078,6.6847,6.6082,6.0425,7.1649,7.3993,7.1882,6.5909,5.5756,7.1608,9.3518,7.4732,7.1761,6.6929,7.6843,6.0637,5.3794,7.3664,5.7027,6.7258,5.7149,6.5436,5.3178,4.7326,4.9474,7.1603,4.3532,5.0389,6.1321,5.8372,5.5211,6.0447,4.6981,4.4631,4.9384,4.9149,4.3851,4.0348,4.8626,3.4791,4.4136,5.1715,3.4621,3.4203,11.992,4.0795,4.9692,3.5911,3.1173,15.667,0,0,0,0,0,0,0,0,0,0,0,0,0,0,0,0,0,0,0,0,0,0,0,0,0,0,0,0,0,0,0,0,0,0
0,0,0,0,0,0,0,0,0,0,0,0,0,0,0,0,0,0,0,0,0,0,0,0,0,0,0,0,0,0,0,0,0,0,1.1482,2.218,2.7259,3.3988,3.2852,4.5619,4.3129,3.6048,4.7375,4.7837,3.1807,5.335,3.2869,4.6543,4.9546,4.4902,5.0142,4.1952,4.0712,6.9389,4.1368,3.4924,3.3435,2.3044,3.8544,5.1466,3.5553,3.8039,3.3404,3.8933,3.7026,4.3905,4.8462,5.2351,3.9302,5.7309,4.9115,5.2719,6.2429,8.0149,7.9964,6.6357,7.1432,5.6945,6.6912,7.4684,6.5424,5.3472,6.9529,6.7464,5.4126,5.3783,3.9394,5.2492,5.377,4.5086,4.8468,4.6301,4.2819,4.8366,4.7085,4.1868,3.5829,3.8735,3.7221,5.3028,4.8023,4.683,4.7529,5.1355,4.9553,6.1987,5.2909,5.8958,4.9444,4.9332,6.19,5.114,4.7511,5.949,5.9421,6.5881,6.4391,6.2674,6.867,7.4034,6.4298,7.7039,7.7286,6.1907,7.5634,7.7665,5.8401,7.7351,7.0492,6.9581,5.2004,5.9353,6.1613,7.4073,5.5346,6.2072,5.5565,6.4833,5.2201,4.7145,4.5857,6.7653,5.0262,5.9259,4.6335,4.5172,5.1618,3.9739,5.4852,5.1288,5.5875,5.8204,5.1044,4.0737,7.4697,4.5802,4.4581,3.5869,5.9478,3.7705,4.6299,4.1542,3.2423,3.9541,3.5279,3.3171,3.7234,0,0,0,0,0,0,0,0,0,0,0,0,0,0,0,0,0,0,0,0,0,0,0,0,0,0,0,0,0,0,0,0,0,0
0,0,0,0,0,0,0,0,0,0,0,0,0,0,0,0,0,0,0,0,0,0,0,0,0,0,0,0,0,0,0,0,0,0,0,4.443,2.8869,4.23,4.3237,4.1392,3.6952,5.1028,3.5589,5.5031,3.9974,5.8906,4.3101,4.3621,5.0744,4.825,3.1256,4.3996,4.0885,3.4061,4.1318,3.4436,3.9526,4.31,3.5918,4.377,4.1188,3.6355,3.2059,3.731,4.3849,4.9545,4.0041,4.2651,5.0244,5.2152,4.3516,4.6841,4.5388,6.4505,5.4272,7.7835,6.8427,8.6506,6.5249,4.7086,5.4343,7.5704,7.0315,6.3159,6.1841,5.0606,5.7057,5.5287,5.7663,4.0356,4.8327,3.8094,4.476,4.7504,4.6566,4.4026,4.2808,4.0024,4.301,3.8134,3.8071,4.4005,4.071,4.7981,3.4941,4.7882,3.9536,6.0218,5.3806,5.1694,4.1869,4.5288,6.1309,5.1807,7.0115,7.2802,6.3083,7.8731,6.664,7.1314,5.331,7.459,6.4556,7.1133,6.4259,6.294,5.9232,5.7669,6.1797,7.2568,7.5608,6.2727,6.9135,5.913,5.6497,6.4449,6.2526,5.7658,5.0327,5.077,5.0106,2.9575,4.5096,6.3716,4.7187,5.1439,6.6312,5.0524,5.075,4.2312,5.5046,5.081,4.5392,5.5172,4.741,3.7376,6.2234,3.9769,5.353,4.492,4.4718,3.9421,3.6562,3.6918,2.7451,7.0091,0,0,0,0,0,0,0,0,0,0,0,0,0,0,0,0,0,0,0,0,0,0,0,0,0,0,0,0,0,0,0,0,0,0,0
0,0,0,0,0,0,0,0,0,0,0,0,0,0,0,0,0,0,0,0,0,0,0,0,0,0,0,0,0,0,0,0,0,0,0,2.2663,3.652,3.735,5.1844,3.0895,4.2369,3.8883,2.5336,4.0976,4.1626,4.8404,3.6392,4.462,3.8908,3.7054,4.647,5.7973,5.2967,2.9292,3.8918,3.2322,3.6437,2.6207,3.9682,2.8024,4.5275,3.3698,3.43,2.8709,3.7671,4.8578,4.7788,4.0264,4.5358,6.7053,5.3663,5.6257,7.5345,7.074,6.2836,6.8913,5.2396,4.2614,6.0207,8.6246,6.6973,7.4293,8.7084,6.8039,5.793,7.2576,6.1177,6.5571,4.8848,4.2659,4.1862,4.9781,4.5088,4.8824,4.6021,4.2205,4.2447,4.3649,4.5852,3.9862,3.9985,5.6775,5.2647,4.7786,3.7161,5.315,3.8737,4.8352,5.8621,5.7846,6.0447,5.3447,5.4797,7.2381,7.7037,6.1499,6.1816,6.9923,5.6299,6.2556,6.1752,7.2796,6.507,6.4527,6.5117,6.3141,7.9638,6.0601,7.5511,6.5347,7.8028,6.59,5.899,6.658,6.8794,6.5234,6.4663,5.5302,6.1783,5.0957,5.2831,4.4508,4.4076,4.2518,4.5927,5.9586,3.6745,4.7019,5.7122,4.6156,4.932,4.5592,4.1719,3.8696,4.4223,3.2841,4.852,5.4037,6.0752,5.1439,3.7514,4.3206,4.2275,3.8655,2.4291,0.21076,0,0,0,0,0,0,0,0,0,0,0,0,0,0,0,0,0,0,0,0,0,0,0,0,0,0,0,0,0,0,0,0,0,0,0
0,0,0,0,0,0,0,0,0,0,0,0,0,0,0,0,0,0,0,0,0,0,0,0,0,0,0,0,0,0,0,0,0,0,0,2.2022,2.7399,3.3795,4.216,3.138,3.8072,13.136,3.2985,5.7293,4.7056,5.248,3.1563,4.1702,3.7113,4.196,4.0041,5.6835,3.5027,4.389,3.0776,4.373,3.6679,5.273,3.0237,3.6562,2.9058,4.8884,3.7185,3.3088,3.7288,4.1523,4.0853,4.9848,3.6857,5.6893,4.7971,6.0365,4.3853,5.4966,6.2,4.5982,6.7294,6.1489,6.0408,6.7626,6.2572,5.8349,6.6314,7.297,5.8571,6.7605,5.4207,5.921,5.382,5.7159,3.6747,4.7707,5.2158,4.6365,4.5247,3.5913,5.8054,4.112,4.063,3.967,6.6713,4.1807,4.393,4.6415,4.755,5.0416,6.0357,4.9816,4.6643,4.808,5.2299,6.1527,5.942,7.2633,5.4705,6.0607,7.2037,7.0384,6.0541,6.8199,5.842,6.878,6.191,8.7398,5.679,5.1445,8.4627,9.1222,6.5058,7.6392,5.8193,8.8982,4.5641,6.3194,6.6431,6.483,4.14,5.0879,3.8531,5.2295,3.957,5.6756,3.3893,5.145,4.1649,4.8908,5.1796,3.7911,6.4389,3.4883,3.7367,4.7036,6.4448,5.1062,4.9623,4.4822,6.4843,4.4343,3.9142,5.7505,4.3094,3.5916,4.0091,4.4371,0.86819,0,0,0,0,0,0,0,0,0,0,0,0,0,0,0,0,0,0,0,0,0,0,0,0,0,0,0,0,0,0,0,0,0,0,0,0
0,0,0,0,0,0,0,0,0,0,0,0,0,0,0,0,0,0,0,0,0,0,0,0,0,0,0,0,0,0,0,0,0,0,0,0,1.8538,1.9219,3.2565,3.7744,4.8528,5.0315,3.1262,7.3051,4.2918,6.1935,2.5977,5.6303,5.0146,3.6236,4.2691,4.0325,3.7295,4.9,3.942,4.0174,4.7159,1.8314,4.5609,3.0225,2.4141,3.4007,3.3703,4.1695,3.1854,2.4488,3.5008,4.2456,4.0531,4.6371,5.4678,4.2008,7.3444,6.28,6.8896,6.9086,5.9791,4.7284,9.9866,7.1895,8.2824,4.99,7.9182,6.8132,6.2865,7.148,6.1505,5.8173,5.9886,4.5204,4.944,4.629,6.4088,3.6979,4.7143,3.5199,4.525,4.5265,4.1429,4.4396,4.5892,3.895,3.46,5.0573,5.6402,4.4873,4.3385,5.0924,5.4855,4.2383,5.2821,5.2504,5.8797,5.6304,6.7763,5.5337,7.7314,6.344,7.67,6.4371,5.211,6.3535,8.3154,6.5765,9.0101,6.2676,5.6416,6.9469,5.271,7.2337,7.4826,6.028,6.1741,9.6719,6.4575,6.2273,6.1412,5.181,4.7055,3.7209,5.5211,4.5655,4.8291,4.4611,4.2453,6.0214,4.049,4.6596,3.5759,2.6982,3.2282,4.6536,3.7249,3.3959,4.3791,3.7891,4.3644,5.5692,3.701,4.2219,4.2742,3.2897,3.3621,2.4896,0.98936,0,0,0,0,0,0,0,0,0,0,0,0,0,0,0,0,0,0,0,0,0,0,0,0,0,0,0,0,0,0,0,0,0,0,0,0
0,0,0,0,0,0,0,0,0,0,0,0,0,0,0,0,0,0,0,0,0,0,0,0,0,0,0,0,0,0,0,0,0,0,0,0,0,1.4489,2.5962,2.6615,3.9287,4.478,3.8611,5.0962,4.3358,5.3028,4.9409,4.5908,3.7078,3.1469,4.4521,2.2521,3.3901,4.3356,2.5181,3.8885,2.7257,3.052,3.0819,2.9215,4.3791,2.4332,3.0918,4.1431,2.9689,4.6982,3.1989,4.8337,4.3501,3.6743,3.5993,4.8985,4.8896,5.2472,6.6237,5.5416,6.7336,7.1816,5.0846,6.9704,7.2564,6.2018,5.8935,7.4441,7.1096,7.357,7.0259,6.5793,8.733,6.3703,4.0735,4.8009,5.9041,4.2341,5.5956,4.7059,5.2156,5.8178,3.6288,5.7884,3.9078,4.5585,4.006,5.3802,5.6007,5.0861,4.828,5.2471,5.2383,4.7966,6.4877,5.8038,6.257,6.2835,6.4201,6.1278,6.5939,8.3158,8.6313,6.1898,7.3777,5.4193,5.481,5.7175,5.6413,4.9626,9.4774,8.1606,7.2978,7.5218,6.7325,6.1804,6.0496,6.2808,6.4732,6.4638,5.4776,6.5088,4.0606,6.0874,5.1508,5.0569,3.5115,4.3515,4.1183,3.8013,2.9258,4.9332,3.1336,3.6686,3.8576,4.921,4.5448,4.773,4.77,4.2095,4.3512,4.9023,4.6892,3.7618,3.3017,3.6675,2.8691,8.2073,0,0,0,0,0,0,0,0,0,0,0,0,0,0,0,0,0,0,0,0,0,0,0,0,0,0,0,0,0,0,0,0,0,0,0,0,0
0,0,0,0,0,0,0,0,0,0,0,0,0,0,0,0,0,0,0,0,0,0,0,0,0,0,0,0,0,0,0,0,0,0,0,0,0,0,4.3912,3.5861,3.5568,3.9538,3.8369,4.4311,3.5671,6.5573,4.4287,4.2152,3.7953,4.4333,3.9209,3.9232,4.9854,3.6289,4.1235,4.4986,3.624,3.5783,2.1306,3.4141,2.336,2.5007,2.5844,2.2902,4.1693,2.4897,3.0637,3.1419,4.9815,6.1902,3.6049,4.5865,5.4392,6.3577,4.7865,7.3899,4.556,7.0132,5.5099,7.5716,5.6965,6.2995,7.2564,6.8037,7.9312,8.7116,6.2325,6.822,6.1082,5.4835,4.2571,5.5207,6.2406,3.7826,5.6882,5.6866,4.746,4.0715,5.4586,3.8868,4.9515,5.0205,3.4836,4.4715,3.8151,3.5503,5.2801,4.6161,5.8221,4.5006,5.3035,6.2924,5.7343,8.1208,7.2895,6.1551,6.9062,5.8176,5.6997,6.8744,5.3844,6.7607,8.6241,6.9555,7.2293,7.3,8.237,8.2987,6.6609,10.655,4.8378,7.4417,6.3262,6.0379,5.9518,5.1975,4.472,4.3419,4.2106,5.8209,4.8828,9.387,3.1586,3.4483,4.4131,4.8721,4.6567,3.0314,4.4372,3.5707,3.4983,3.4994,5.5277,5.5029,6.3696,5.0857,4.8985,4.4005,3.7753,3.4756,3.4961,2.8088,1.4347,0,0,0,0,0,0,0,0,0,0,0,0,0,0,0,0,0,0,0,0,0,0,0,0,0,0,0,0,0,0,0,0,0,0,0,0,0,0
0,0,0,0,0,0,0,0,0,0,0,0,0,0,0,0,0,0,0,0,0,0,0,0,0,0,0,0,0,0,0,0,0,0,0,0,0,0,0.53037,3.6099,4.2599,3.9676,4.6181,5.3502,8.2391,5.2453,5.5621,5.1812,3.4109,3.9128,4.2854,3.8165,3.3001,4.8022,3.4797,2.7651,3.6053,1.95,2.8762,2.9165,3.5313,3.6749,3.3256,4.0315,4.5848,4.471,4.0275,4.7695,3.4155,5.4483,3.1356,5.5316,5.4346,5.7612,7.8663,6.8063,6.3363,8.1639,5.5267,7.4339,5.0605,7.8493,8.3231,5.7329,6.5363,6.4143,7.9281,7.8926,5.692,6.5622,4.7981,5.2686,4.7958,4.728,6.4642,4.5862,4.402,5.3228,4.1382,4.5619,5.0046,3.1257,3.7338,4.5317,4.8017,4.2961,3.8646,5.1809,3.6589,3.8015,4.6882,5.1302,5.5599,5.972,5.4121,6.9944,6.2893,6.6634,6.5514,5.4184,6.466,6.1507,4.2371,6.3716,6.5013,7.2016,7.3835,8.3243,8.7582,9.4189,5.8905,6.1905,5.065,7.9243,6.42,5.4016,5.6668,5.1068,5.1451,5.1254,4.1118,5.3944,6.2211,3.1024,4.6325,3.9591,4.5864,5.7883,4.0317,2.7968,4.2759,3.344,3.814,4.8281,4.8417,5.179,4.0783,4.272,4.6093,4.2582,3.6037,3.1711,1.112,0,0,0,0,0,0,0,0,0,0,0,0,0,0,0,0,0,0,0,0,0,0,0,0,0,0,0,0,0,0,0,0,0,0,0,0,0,0
0,0,0,0,0,0,0,0,0,0,0,0,0,0,0,0,0,0,0,0,0,0,0,0,0,0,0,0,0,0,0,0,0,0,0,0,0,0,0,1.0775,3.4564,3.9801,3.5231,4.8985,4.6921,4.4992,5.56,6.2592,5.1371,6.3326,3.4093,3.0885,4.522,4.6645,3.1147,3.8241,4.1022,2.3833,3.7422,1.9923,3.657,3.2226,3.1978,3.8409,2.6488,4.6454,4.2666,2.9128,5.177,4.4941,5.9913,5.453,6.2979,3.138,7.1019,6.4443,7.3893,7.87,5.9124,7.7846,8.506,6.0913,6.7685,7.3255,5.9876,6.5205,6.6648,7.9113,5.6354,6.7745,5.3036,6.1143,5.4575,5.4494,4.49,6.4317,5.4217,3.8282,6.3357,4.4718,5.1324,5.8904,4.3549,3.548,4.7956,5.0706,4.4147,4.4946,2.4142,5.1677,6.9046,3.4742,5.0357,4.3565,4.5768,6.3749,3.6369,6.7942,6.3169,4.9434,6.7884,7.0642,7.0563,7.6227,6.2846,7.009,6.8167,3.3215,3.9287,6.2565,6.0479,7.663,6.4869,6.0134,6.9864,6.5755,5.6019,4.3971,5.0965,5.4018,4.7079,4.3487,3.8978,4.924,3.9974,5.5011,4.0737,3.069,2.7123,3.304,6.0383,3.8444,3.2208,4.0096,4.1166,4.3797,4.597,4.1836,4.029,2.898,2.9601,0.44032,0,0,0,0,0,0,0,0,0,0,0,0,0,0,0,0,0,0,0,0,0,0,0,0,0,0,0,0,0,0,0,0,0,0,0,0,0,0,0
0,0,0,0,0,0,0,0,0,0,0,0,0,0,0,0,0,0,0,0,0,0,0,0,0,0,0,0,0,0,0,0,0,0,0,0,0,0,0,0,1.4498,12.327,4.8842,3.8768,5.1319,4.4278,5.9361,6.9211,4.2432,3.9256,4.9541,4.329,4.6472,3.1158,3.4455,4.0673,2.985,3.4226,3.9666,3.7526,4.6014,3.3311,5.232,2.61,3.579,3.6972,4.0785,2.5946,3.1104,5.4236,5.652,4.0426,4.6826,5.8428,6.8532,6.4014,6.2823,7.9141,8.5514,8.3557,7.8222,4.5727,6.5446,7.3178,7.5076,7.3175,6.8476,6.4145,6.727,5.919,6.3983,5.3951,7.1698,5.9971,5.5147,4.9916,5.4888,5.3415,5.4897,5.3675,6.2678,4.4083,3.5625,3.7504,4.6163,3.2518,4.3538,4.1197,3.8542,5.3868,4.3906,4.7454,3.9061,5.9399,6.2085,4.4654,5.6233,6.0956,5.2607,6.0457,5.2189,4.9269,6.1221,8.3711,7.1762,7.2315,7.6377,4.5984,4.5487,6.9409,3.7785,7.5214,6.291,4.4712,6.6233,6.008,4.7795,4.3396,4.6821,4.0189,5.2313,6.3891,5.2727,3.1781,3.4615,3.8423,4.0008,3.7756,5.3902,2.6972,4.3611,3.9494,3.3141,4.045,4.7141,3.4747,3.6844,4.4062,3.9406,4.0916,3.7784,0,0,0,0,0,0,0,0,0,0,0,0,0,0,0,0,0,0,0,0,0,0,0,0,0,0,0,0,0,0,0,0,0,0,0,0,0,0,0,0
0,0,0,0,0,0,0,0,0,0,0,0,0,0,0,0,0,0,0,0,0,0,0,0,0,0,0,0,0,0,0,0,0,0,0,0,0,0,0,0,0,1.8157,4.2632,3.7636,4.404,5.2901,4.6019,4.2125,5.0851,4.7917,3.3866,4.0836,5.2889,5.0169,3.6024,4.5082,3.0172,4.9124,2.7006,3.1233,3.2314,3.2241,6.4009,2.9947,4.5231,5.0632,3.0341,4.6509,3.5086,3.9795,4.289,6.3218,2.8968,4.2986,5.3305,8.5921,5.5781,4.2684,8.8279,8.424,6.7783,7.8753,6.5529,6.2745,7.9699,6.8388,5.864,7.4377,6.1654,6.115,6.7426,5.0718,4.3459,3.9504,5.0866,5.726,6.7731,5.1742,4.7851,4.0047,5.2216,4.55,4.2822,4.2727,5.9084,4.69,3.923,3.3468,5.136,4.748,4.3814,4.7191,5.0528,5.4724,4.9193,4.9893,5.7078,5.3032,5.1795,6.3886,4.3554,7.5688,4.9121,3.2566,7.9341,4.0593,8.1603,5.949,7.2686,4.878,5.1379,5.5883,5.2885,6.1776,5.3841,5.6659,4.2519,4.6729,5.4488,3.4652,3.8399,3.6906,4.0335,3.8664,2.832,2.6541,4.4571,3.5741,3.3701,5.7528,5.0501,4.1865,3.9469,4.1177,4.5692,4.6834,3.1023,2.9404,2.8985,1.4928,2.0367,0,0,0,0,0,0,0,0,0,0,0,0,0,0,0,0,0,0,0,0,0,0,0,0,0,0,0,0,0,0,0,0,0,0,0,0,0,0,0,0
0,0,0,0,0,0,0,0,0,0,0,0,0,0,0,0,0,0,0,0,0,0,0,0,0,0,0,0,0,0,0,0,0,0,0,0,0,0,0,0,0,6.7477,3.0537,3.0599,3.6462,4.6726,5.8367,6.3868,5.0038,5.1344,5.3798,5.0688,5.8196,4.0963,2.3595,3.5842,5.9127,5.0603,4.1112,1.9886,2.4346,3.0125,4.3829,2.3279,2.2926,4.6206,4.2582,3.6536,3.3604,7.0318,6.3909,5.4514,4.5761,4.8926,4.9317,7.2722,5.1227,3.9498,5.9281,8.0155,10.069,7.6735,7.2002,7.3155,7.9398,5.1848,5.7279,6.1553,5.2387,8.2812,6.7993,6.9344,6.6228,5.3667,5.7293,5.1727,4.7841,5.1639,6.9313,5.1168,4.9308,5.3493,4.9544,5.4433,5.5358,5.5477,5.9137,3.7378,4.4103,3.9902,5.4579,3.8372,4.9353,4.6005,4.5789,6.1006,5.7499,5.4161,4.829,3.608,4.9209,3.0822,6.3978,4.9389,5.7534,5.1283,4.5334,5.3536,5.091,6.5218,5.9065,6.9113,6.9992,4.6082,5.0386,5.4352,4.7078,5.0419,3.5353,3.043,4.7154,4.5501,3.8028,3.2166,4.3439,3.6019,3.2939,4.5788,5.3943,4.1477,3.1874,4.2165,4.151,3.9,3.9643,4.2998,3.5917,6.7254,6.5504,0.42685,0,0,0,0,0,0,0,0,0,0,0,0,0,0,0,0,0,0,0,0,0,0,0,0,0,0,0,0,0,0,0,0,0,0,0,0,0,0,0,0,0
0,0,0,0,0,0,0,0,0,0,0,0,0,0,0,0,0,0,0,0,0,0,0,0,0,0,0,0,0,0,0,0,0,0,0,0,0,0,0,0,0,0,0.35258,2.0826,3.7976,4.4932,5.3303,4.9956,5.2972,5.4698,5.2907,5.4004,3.8901,4.8353,3.9798,3.7762,4.1631,3.0876,3.0453,3.3958,3.0357,1.5255,2.0863,2.9825,3.2757,5.2278,4.5022,2.8059,5.5174,4.7275,4.8646,6.1901,5.7331,8.6829,4.9425,4.9539,6.1486,5.1044,5.8955,7.6972,6.615,6.0253,6.7747,7.0112,5.4614,6.0401,6.4529,7.1858,7.11,5.3577,5.7436,5.9416,5.5064,5.4307,4.632,5.2842,5.0947,6.1518,4.0542,5.7663,5.1154,5.8145,4.8561,6.8194,4.5862,4.651,4.9984,6.5204,5.6049,4.0807,3.2634,4.2996,5.2286,4.8287,4.7358,4.0608,4.4579,4.1513,3.9264,4.3488,3.9811,4.888,5.4445,3.2296,3.4828,5.2675,4.2353,6.2782,5.5367,7.2153,3.7856,7.2405,5.4893,4.9152,6.4763,5.1111,4.3783,4.0611,3.8465,3.993,3.6334,3.829,2.938,3.908,4.7925,4.0781,3.5871,3.7428,3.7583,4.1187,5.936,3.4354,3.9853,4.4982,4.318,4.6755,2.777,25.797,0,0,0,0,0,0,0,0,0,0,0,0,0,0,0,0,0,0,0,0,0,0,0,0,0,0,0,0,0,0,0,0,0,0,0,0,0,0,0,0,0,0,0
0,0,0,0,0,0,0,0,0,0,0,0,0,0,0,0,0,0,0,0,0,0,0,0,0,0,0,0,0,0,0,0,0,0,0,0,0,0,0,0,0,0,0,0.67979,1.6569,3.5505,4.6353,4.8105,4.8978,5.4699,5.6072,3.9463,4.9299,4.966,3.9015,4.1424,3.8059,5.3948,5.132,6.3256,3.5337,3.5992,3.4169,3.323,3.9346,4.2092,5.6717,4.1217,3.8946,4.74,4.2522,5.7849,6.3753,5.0882,4.9619,5.8025,6.1134,6.2955,4.192,6.1523,6.9028,6.5456,5.6246,5.663,6.7504,5.5163,6.9512,5.7685,7.0549,5.5337,6.6405,9.0549,5.2147,5.3895,6.2632,6.8256,6.4791,5.1829,4.4923,5.5976,6.0772,5.5878,5.5304,4.6412,3.7418,5.078,4.4207,3.3935,3.8041,3.945,6.0435,4.6373,4.7222,4.4709,4.6319,4.5342,4.7646,4.9419,4.8242,7.1185,5.7546,5.0419,5.3101,4.4423,5.6385,5.031,7.2014,8.5939,4.377,9.3035,6.2256,6.6551,5.3344,7.3997,5.1536,4.5819,6.0187,4.2901,4.4523,5.1555,4.7307,4.1729,3.8318,4.2733,4.3526,3.6675,3.9422,4.3491,3.3986,4.8366,3.5914,3.2477,3.7709,3.7865,4.2669,3.6821,2.3103,0.98473,0,0,0,0,0,0,0,0,0,0,0,0,0,0,0,0,0,0,0,0,0,0,0,0,0,0,0,0,0,0,0,0,0,0,0,0,0,0,0,0,0,0,0
0,0,0,0,0,0,0,0,0,0,0,0,0,0,0,0,0,0,0,0,0,0,0,0,0,0,0,0,0,0,0,0,0,0,0,0,0,0,0,0,0,0,0,0,0,3.5365,4.1838,3.8373,5.2477,5.2547,5.8219,5.4827,3.8581,4.6874,2.7803,4.6297,4.0504,7.3018,5.6939,5.1991,3.4479,4.7989,2.8859,4.6445,3.4763,3.7944,3.7474,2.8034,5.71,5.4256,6.5642,4.2739,5.9373,6.6927,6.8167,8.3559,7.3173,5.7353,5.88,8.4468,7.103,6.1067,5.7908,7.6251,7.5265,7.2693,5.993,5.827,6.9013,6.2426,7.0309,5.003,6.4252,6.0495,6.4324,4.3916,5.5193,5.2541,4.5902,5.5119,5.3008,5.2711,4.6183,4.4128,4.3433,4.9952,5.041,4.9898,4.7232,2.946,3.6371,3.4173,3.0953,5.5387,4.7423,4.2424,3.3307,4.2492,3.0421,2.739,4.8431,5.0515,5.6806,4.2993,6.1846,6.4334,5.1886,5.4336,5.8959,5.7596,4.9082,4.4421,3.6222,7.5721,3.5343,4.6764,5.5617,5.1957,5.3498,5.0079,3.4934,2.9403,5.6441,3.5602,4.1269,4.929,3.6406,4.7101,3.9965,3.6197,4.7134,3.8074,4.5915,4.2091,1.8076,2.5946,2.4709,0,0,0,0,0,0,0,0,0,0,0,0,0,0,0,0,0,0,0,0,0,0,0,0,0,0,0,0,0,0,0,0,0,0,0,0,0,0,0,0,0,0,0,0
0,0,0,0,0,0,0,0,0,0,0,0,0,0,0,0,0,0,0,0,0,0,0,0,0,0,0,0,0,0,0,0,0,0,0,0,0,0,0,0,0,0,0,0,0,0,0.70244,4.2183,3.9927,4.4911,4.997,3.8934,5.8526,4.4898,6.1884,4.1145,3.4289,3.8439,4.1067,3.3989,4.4973,5.2996,4.701,2.06,4.1412,4.6501,3.2341,3.9942,4.5748,3.2602,5.3657,7.5777,5.6277,5.4911,7.6094,4.0343,3.5797,4.6157,5.6733,6.3339,5.7259,6.9617,6.4791,6.7767,5.9263,6.6447,5.9416,6.2986,5.4967,5.8563,4.5511,6.2889,4.0551,5.7343,6.7201,6.1437,4.9301,6.3459,6.2578,4.5221,4.7606,6.0897,4.86,6.0865,4.481,6.9717,4.9261,5.5698,5.1898,5.0093,2.8874,4.0279,4.7395,4.1712,4.1135,2.3993,3.0603,3.1732,3.0641,3.843,3.7233,3.0665,3.3901,5.3281,8.056,5.0769,5.4081,5.5966,7.6553,3.7148,4.5419,3.044,3.449,4.1696,4.4289,5.5419,4.3323,7.208,4.6459,4.1007,5.9632,2.9119,4.5483,5.0412,3.5068,4.2343,5.3137,3.979,4.9939,3.8879,4.2038,3.3697,3.5959,3.1685,4.5389,1.761,0,0,0,0,0,0,0,0,0,0,0,0,0,0,0,0,0,0,0,0,0,0,0,0,0,0,0,0,0,0,0,0,0,0,0,0,0,0,0,0,0,0,0,0,0
0,0,0,0,0,0,0,0,0,0,0,0,0,0,0,0,0,0,0,0,0,0,0,0,0,0,0,0,0,0,0,0,0,0,0,0,0,0,0,0,0,0,0,0,0,0,0.43576,1.4153,4.6868,3.3025,3.4748,3.3057,35.016,5.2043,6.9474,6.9227,6.9432,3.4105,3.7896,5.8145,3.6561,3.5007,5.033,3.6498,3.9452,4.0955,4.4293,3.3603,2.9149,6.251,4.3963,3.881,4.5213,4.9571,5.5041,5.6521,7.7387,7.5558,6.108,4.206,7.8732,7.7738,5.4554,5.9426,5.5527,6.0051,4.6596,6.6285,5.7602,5.4446,6.3981,4.9821,6.3844,4.7898,5.1299,5.6758,3.8315,5.2665,5.1598,5.3221,6.038,4.2329,5.0789,5.6156,5.2355,4.0941,5.2729,3.0107,2.6878,3.7232,4.3691,3.4938,2.9615,3.3651,3.773,3.2875,4.5564,2.3705,4.365,3.6019,3.3248,2.7547,3.9326,2.8788,4.7957,4.0911,5.111,6.0959,5.2644,3.4061,4.737,6.345,3.9057,4.3668,4.8214,3.1702,4.0955,4.5674,5.4574,5.8968,6.165,4.4088,5.117,5.3288,4.3762,3.7716,5.4152,5.2082,5.3779,3.3816,4.2442,3.7188,2.9032,0.54165,0,0,0,0,0,0,0,0,0,0,0,0,0,0,0,0,0,0,0,0,0,0,0,0,0,0,0,0,0,0,0,0,0,0,0,0,0,0,0,0,0,0,0,0,0,0,0
0,0,0,0,0,0,0,0,0,0,0,0,0,0,0,0,0,0,0,0,0,0,0,0,0,0,0,0,0,0,0,0,0,0,0,0,0,0,0,0,0,0,0,0,0,0,0,1.8772,3.2456,4.0601,4.5722,7.2283,6.3259,5.1284,4.9993,5.4871,4.2468,5.7116,4.2684,4.212,5.4227,3.7792,7.6796,3.5036,5.4012,4.3361,4.4151,4.1352,4.0901,4.1516,5.8602,3.8546,4.2324,3.7644,4.5844,7.0172,5.4646,4.9438,4.0781,7.0132,6.0911,6.7025,5.6679,5.0062,3.7791,6.7342,4.2795,3.7052,5.7665,5.1144,4.785,4.4495,6.3047,4.2035,5.7987,6.5064,4.8431,6.0811,6.3325,4.9751,6.8096,6.1596,5.8473,5.4169,3.4102,4.462,4.221,3.4745,4.665,3.5231,3.1389,3.1832,3.5015,4.0723,3.9684,3.2756,3.6017,4.1709,3.578,5.8295,4.8338,2.8963,3.6451,4.8071,4.5703,5.9015,4.2568,5.3721,5.2247,4.1791,5.1124,6.5526,2.8559,5.3937,3.9089,7.1731,3.4776,5.2901,5.1465,6.5912,5.4265,5.6477,5.5851,4.047,3.6178,5.4593,2.9,4.7403,4.0131,5.1275,3.6944,3.6349,4.951,0,0,0,0,0,0,0,0,0,0,0,0,0,0,0,0,0,0,0,0,0,0,0,0,0,0,0,0,0,0,0,0,0,0,0,0,0,0,0,0,0,0,0,0,0,0,0,0
0,0,0,0,0,0,0,0,0,0,0,0,0,0,0,0,0,0,0,0,0,0,0,0,0,0,0,0,0,0,0,0,0,0,0,0,0,0,0,0,0,0,0,0,0,0,0,0,0.21666,3.511,5.0678,6.5397,4.8499,5.4538,5.3255,5.1134,7.3927,5.4869,4.5115,5.3281,4.1752,5.5235,5.0795,2.9846,4.381,3.2754,3.7589,4.6941,4.284,4.4797,4.9771,6.1475,5.29,5.1498,2.4478,5.2976,6.5487,6.2507,5.3308,4.7982,5.9322,6.1427,5.3523,5.5248,4.9992,4.3687,5.6277,5.2829,5.9807,4.7223,4.4885,5.1129,5.6555,4.8636,5.0348,4.4775,4.7624,6.019,4.588,4.8207,4.0359,4.6893,5.066,3.9697,5.2658,5.0909,4.5712,3.2343,3.069,3.899,4.5775,3.6461,4.7429,3.8304,3.2302,3.8277,2.2502,3.5433,3.9381,3.8116,3.3232,4.0314,4.736,3.5911,4.0656,3.9112,4.0659,4.986,4.7087,6.0581,5.0586,6.0317,4.5795,3.752,3.2832,4.9828,3.8215,4.8723,5.5383,3.689,6.2208,6.4097,5.4109,5.0678,4.7094,3.9937,4.5581,5.2158,4.055,4.2032,2.565,1.5121,2.6993,0,0,0,0,0,0,0,0,0,0,0,0,0,0,0,0,0,0,0,0,0,0,0,0,0,0,0,0,0,0,0,0,0,0,0,0,0,0,0,0,0,0,0,0,0,0,0,0
0,0,0,0,0,0,0,0,0,0,0,0,0,0,0,0,0,0,0,0,0,0,0,0,0,0,0,0,0,0,0,0,0,0,0,0,0,0,0,0,0,0,0,0,0,0,0,0,0,5.6261,4.1398,5.8487,5.8995,5.9149,6.4675,4.5181,5.0623,4.9824,5.6192,5.1242,4.3625,6.401,2.8111,3.3015,4.6277,5.5754,3.6835,3.3106,4.8177,4.1577,5.2791,4.411,3.3769,4.0064,5.2753,6.5518,4.1035,4.9872,4.7158,6.5452,3.9419,4.4297,4.4769,4.9911,4.2697,4.6903,4.5308,4.1619,4.1856,5.0923,3.126,5.3736,5.4617,6.2338,5.8803,3.8375,5.6148,5.4143,5.6335,5.4549,5.3398,5.0216,4.195,3.8713,4.3501,5.0438,4.5253,4.0536,2.8518,5.3613,3.7295,3.7365,2.9046,2.4945,2.4786,3.5899,3.0354,3.8278,3.3983,3.6357,4.2825,5.1933,5.6084,4.8424,4.5872,3.1715,4.0882,2.7413,4.597,3.404,3.3563,3.3219,5.0662,4.7502,4.496,4.8729,6.8897,5.3597,5.6095,4.9562,6.2128,5.6678,5.3646,3.4502,5.2082,6.3609,5.8301,5.3896,4.2087,3.6048,2.0072,3.4958,0,0,0,0,0,0,0,0,0,0,0,0,0,0,0,0,0,0,0,0,0,0,0,0,0,0,0,0,0,0,0,0,0,0,0,0,0,0,0,0,0,0,0,0,0,0,0,0,0
0,0,0,0,0,0,0,0,0,0,0,0,0,0,0,0,0,0,0,0,0,0,0,0,0,0,0,0,0,0,0,0,0,0,0,0,0,0,0,0,0,0,0,0,0,0,0,0,0,0,0.94508,3.3269,4.955,5.0551,5.3661,5.3684,4.9686,4.975,4.7415,6.5698,4.5161,5.5383,3.5948,7.3859,3.7496,2.457,6.2094,3.6987,4.9489,4.861,4.4093,5.0187,4.928,4.7459,4.3978,4.0444,4.8382,5.6905,5.218,3.2627,4.6378,4.0367,4.459,5.842,6.1728,5.4704,5.8847,4.9422,5.7746,4.2501,3.2867,5.4645,5.9301,4.4725,5.1418,6.68,3.8471,4.3052,4.9384,3.4958,3.9318,4.0848,4.1611,4.6541,4.1289,4.0861,4.1814,4.9705,2.9549,4.5316,3.7355,1.6728,4.5543,2.3191,4.0907,2.006,3.0725,4.0929,3.2439,6.3698,2.9007,2.404,3.5164,5.1359,3.8081,3.308,4.0684,2.7539,4.2483,5.1764,5.4273,5.2787,5.5098,4.1252,3.2419,4.3326,5.4538,5.4506,4.9702,5.3254,5.2142,5.5248,5.092,7.1356,5.4653,4.6616,5.5994,3.5543,4.3618,4.3427,2.5309,5.0901,0,0,0,0,0,0,0,0,0,0,0,0,0,0,0,0,0,0,0,0,0,0,0,0,0,0,0,0,0,0,0,0,0,0,0,0,0,0,0,0,0,0,0,0,0,0,0,0,0
0,0,0,0,0,0,0,0,0,0,0,0,0,0,0,0,0,0,0,0,0,0,0,0,0,0,0,0,0,0,0,0,0,0,0,0,0,0,0,0,0,0,0,0,0,0,0,0,0,0,0,1.3426,3.5011,3.6882,5.6483,7.7884,6.903,7.0753,5.8859,4.9064,6.4012,5.5622,3.8472,5.011,3.5948,5.216,4.149,4.7151,3.0111,4.5566,3.608,5.6805,3.6648,3.9862,4.6249,4.8881,4.338,6.9691,4.1188,4.9878,3.7583,5.4634,3.6837,4.3954,4.938,5.0574,5.051,4.9329,4.6291,4.0667,5.6394,5.533,4.2101,5.6814,6.1202,4.7683,6.2853,5.3453,4.7594,4.5227,5.3778,3.1767,4.457,5.1685,4.4816,6.0048,4.9124,3.6959,3.3723,3.8608,3.4657,3.115,3.9655,2.3345,3.5374,2.9701,2.9427,3.9215,3.033,4.422,3.2848,2.6567,3.4951,3.3433,3.2275,4.2855,4.1564,4.0474,4.7203,3.7104,3.4998,4.2174,2.4116,4.9909,3.7574,4.2882,4.5241,4.5772,4.2235,4.2021,4.3827,6.3325,6.9041,3.7768,4.9142,4.7098,3.3955,3.6656,4.137,4.084,0,0,0,0,0,0,0,0,0,0,0,0,0,0,0,0,0,0,0,0,0,0,0,0,0,0,0,0,0,0,0,0,0,0,0,0,0,0,0,0,0,0,0,0,0,0,0,0,0,0,0
0,0,0,0,0,0,0,0,0,0,0,0,0,0,0,0,0,0,0,0,0,0,0,0,0,0,0,0,0,0,0,0,0,0,0,0,0,0,0,0,0,0,0,0,0,0,0,0,0,0,0,0,2.9968,4.2139,5.1586,6.0024,7.0993,6.5888,8.099,6.8245,5.7001,4.3523,4.0654,3.6724,5.1098,5.143,4.1817,3.8877,3.1943,4.7867,2.9868,3.5159,3.7351,6.6715,3.5198,4.5765,5.1946,4.8369,4.7399,4.0145,3.6147,3.9079,3.9725,4.3981,4.9084,5.4683,7.7316,3.5562,4.2319,5.125,4.0636,4.8373,5.1964,4.5286,5.018,5.4977,4.6902,5.5939,4.2819,4.615,3.8935,5.7695,4.5371,4.172,5.6942,4.1675,4.4524,3.5275,3.9961,3.737,4.414,2.9248,3.0842,3.1951,3.2646,3.1538,2.7653,3.878,3.6036,3.6445,2.1933,2.5559,2.7137,4.627,4.1895,3.314,5.1487,4.072,3.0777,4.1811,3.0375,4.6041,3.117,2.9449,4.8366,3.7109,5.0495,5.2933,4.4929,6.0006,3.7479,6.5531,5.8275,5.1128,3.9524,5.6715,3.9643,2.7642,31.976,0,0,0,0,0,0,0,0,0,0,0,0,0,0,0,0,0,0,0,0,0,0,0,0,0,0,0,0,0,0,0,0,0,0,0,0,0,0,0,0,0,0,0,0,0,0,0,0,0,0,0,0
0,0,0,0,0,0,0,0,0,0,0,0,0,0,0,0,0,0,0,0,0,0,0,0,0,0,0,0,0,0,0,0,0,0,0,0,0,0,0,0,0,0,0,0,0,0,0,0,0,0,0,0,0,2.2839,5.5878,4.1174,4.455,5.3001,4.9107,5.1626,4.2729,6.8345,4.4119,6.1875,3.9646,4.75,4.661,4.2024,3.4971,5.5396,4.4901,4.3944,4.8041,3.8254,3.8516,5.9662,4.4527,5.7765,5.727,4.1621,3.5975,5.3908,3.1394,5.3991,4.852,4.6989,4.9543,3.7919,2.8318,4.5432,3.2078,6.5534,4.4942,5.122,5.4757,5.1301,5.5974,5.9204,5.4191,3.8703,4.0135,4.0223,3.736,4.0565,5.1424,3.9139,4.5007,3.1299,3.8421,4.2407,3.3052,3.9939,3.6143,3.8837,2.3224,2.748,3.7577,4.2665,3.2008,2.3542,1.7747,2.6553,3.0916,3.7238,2.3786,3.2161,4.7901,4.658,5.5234,4.8052,4.9298,4.1954,5.0227,5.106,2.7872,3.4244,3.883,5.9181,5.5043,7.8073,7.5143,7.3148,5.6393,4.2587,4.803,4.2806,3.5685,0.60177,0,0,0,0,0,0,0,0,0,0,0,0,0,0,0,0,0,0,0,0,0,0,0,0,0,0,0,0,0,0,0,0,0,0,0,0,0,0,0,0,0,0,0,0,0,0,0,0,0,0,0,0,0
0,0,0,0,0,0,0,0,0,0,0,0,0,0,0,0,0,0,0,0,0,0,0,0,0,0,0,0,0,0,0,0,0,0,0,0,0,0,0,0,0,0,0,0,0,0,0,0,0,0,0,0,0,0,1.3723,3.3829,5.1087,4.9048,5.285,5.5482,4.6234,6.1042,2.7062,4.6367,5.4827,5.2501,3.9001,4.6666,3.4535,3.2646,4.0583,4.4492,6.5931,5.729,4.7347,4.6043,4.8165,4.589,5.213,4.33,4.6064,4.7821,4.4136,4.8536,3.9937,5.2558,3.8568,4.1043,5.0014,4.0808,5.2,5.5974,5.37,6.146,4.4932,6.5605,4.8724,4.7809,5.4724,4.5849,4.7421,4.6584,4.1754,3.3442,4.0359,4.5001,6.4623,3.5616,3.6127,2.8724,3.8148,4.1317,2.9324,3.2983,2.7596,3.0123,3.9879,2.4446,3.1626,2.4299,3.5572,4.59,6.0422,4.716,3.8588,7.2582,4.3552,2.565,4.6555,3.2357,3.7453,5.4328,3.7372,4.1624,5.3004,3.5921,4.5979,4.777,4.8566,4.6171,5.8931,4.7133,6.2474,4.2826,3.488,2.1254,4.6429,0,0,0,0,0,0,0,0,0,0,0,0,0,0,0,0,0,0,0,0,0,0,0,0,0,0,0,0,0,0,0,0,0,0,0,0,0,0,0,0,0,0,0,0,0,0,0,0,0,0,0,0,0,0
0,0,0,0,0,0,0,0,0,0,0,0,0,0,0,0,0,0,0,0,0,0,0,0,0,0,0,0,0,0,0,0,0,0,0,0,0,0,0,0,0,0,0,0,0,0,0,0,0,0,0,0,0,0,0,0.87645,3.4445,2.7816,3.8188,4.5912,4.8418,7.7674,4.1133,4.9687,4.1192,5.1256,5.7313,4.2874,3.0171,5.741,5.3616,5.7747,4.4814,5.549,5.4659,6.1767,6.9228,4.9049,3.2459,3.5505,4.1287,3.0964,3.4655,4.343,3.0757,3.4762,4.5178,4.181,4.5259,3.867,3.6516,4.506,3.5234,5.0347,4.7049,5.4479,4.8433,3.8183,4.3869,5.5642,5.678,4.5065,4.5467,4.6011,3.3306,5.163,3.9313,3.5253,3.8195,3.6807,3.7808,3.4992,4.7503,2.789,3.1625,3.8674,3.9739,3.8459,3.3073,3.3689,5.8612,4.2961,3.4617,4.6083,4.3949,3.5182,5.3135,3.369,6.3906,5.7904,4.2902,5.0568,5.7159,6.1615,4.2099,6.7693,4.9314,5.5002,5.6219,3.8628,7.0462,3.2886,4.7029,3.3457,3.2728,0.44687,0,0,0,0,0,0,0,0,0,0,0,0,0,0,0,0,0,0,0,0,0,0,0,0,0,0,0,0,0,0,0,0,0,0,0,0,0,0,0,0,0,0,0,0,0,0,0,0,0,0,0,0,0,0,0
0,0,0,0,0,0,0,0,0,0,0,0,0,0,0,0,0,0,0,0,0,0,0,0,0,0,0,0,0,0,0,0,0,0,0,0,0,0,0,0,0,0,0,0,0,0,0,0,0,0,0,0,0,0,0,0,1.1212,1.4364,2.5006,3.0677,5.1748,3.3101,7.1359,5.2159,6.1654,3.1119,6.1725,4.1594,4.2854,4.3323,4.4594,4.3326,5.4588,4.8558,3.9337,5.8344,5.7648,5.5647,4.6356,3.8391,5.2887,3.1574,3.672,4.9236,2.7528,4.1238,5.3933,4.2113,4.1334,3.9362,5.3225,3.7058,6.632,5.2062,3.8561,5.118,4.5071,6.6653,4.777,4.7889,4.0311,5.4259,4.8452,4.0779,3.3879,4.4554,4.2147,5.2266,4.2296,4.9743,4.3436,4.6984,2.9712,3.3016,3.7439,3.7788,3.3541,5.0458,3.6379,4.0523,6.0892,6.424,4.4593,4.3269,4.2515,5.1421,5.5382,4.0186,3.9717,4.8511,3.5338,3.3851,5.3678,3.3514,4.1696,3.5297,4.7144,5.1718,6.1221,4.9846,4.9541,4.7867,2.8913,1.9743,1.1409,0,0,0,0,0,0,0,0,0,0,0,0,0,0,0,0,0,0,0,0,0,0,0,0,0,0,0,0,0,0,0,0,0,0,0,0,0,0,0,0,0,0,0,0,0,0,0,0,0,0,0,0,0,0,0,0
0,0,0,0,0,0,0,0,0,0,0,0,0,0,0,0,0,0,0,0,0,0,0,0,0,0,0,0,0,0,0,0,0,0,0,0,0,0,0,0,0,0,0,0,0,0,0,0,0,0,0,0,0,0,0,0,0,0,0.39074,2.2859,5.3472,5.4423,4.313,4.612,7.4146,5.9979,4.9474,4.7115,4.1912,5.7498,5.8984,5.1376,4.8903,4.2619,7.4248,5.4463,5.4132,5.7148,4.879,4.2479,3.9118,4.3034,3.8393,4.5194,2.2477,3.1567,4.336,3.9449,4.5723,3.5182,3.0754,3.3434,3.0492,4.1176,5.5582,5.815,4.588,4.6971,4.9513,4.7201,5.0338,5.4996,4.1145,4.639,4.3229,3.2204,5.1974,6.0363,3.7592,4.2799,3.3913,3.4358,4.9061,2.8257,3.4082,3.9044,4.0125,6.1576,3.792,4.8792,7.6273,4.1099,3.872,5.1888,3.7421,3.5844,4.001,7.0814,6.4053,4.0948,4.3252,5.8454,5.603,4.0573,6.1239,6.3323,5.1869,5.0871,3.3007,3.3146,3.8541,2.5146,0.57695,0,0,0,0,0,0,0,0,0,0,0,0,0,0,0,0,0,0,0,0,0,0,0,0,0,0,0,0,0,0,0,0,0,0,0,0,0,0,0,0,0,0,0,0,0,0,0,0,0,0,0,0,0,0,0,0,0,0
0,0,0,0,0,0,0,0,0,0,0,0,0,0,0,0,0,0,0,0,0,0,0,0,0,0,0,0,0,0,0,0,0,0,0,0,0,0,0,0,0,0,0,0,0,0,0,0,0,0,0,0,0,0,0,0,0,0,0,0.50373,3.0607,6.1006,3.7801,4.6004,5.5019,5.1364,4.8901,6.0153,4.9676,5.5715,6.6945,6.2825,3.4563,6.0902,5.6383,6.9505,6.1873,4.617,4.7803,5.3111,3.4394,3.495,4.3183,4.1238,2.9424,4.7495,3.597,2.9193,4.1045,4.4762,4.6515,3.7811,3.3233,3.0685,3.4216,6.6925,4.2493,4.9492,4.9775,4.7701,4.4334,5.3784,3.707,4.7921,4.1496,4.8662,3.7536,3.6501,4.5317,2.4659,4.5545,3.7979,4.0211,4.577,4.429,3.1302,2.1344,4.0712,3.7584,2.4285,4.3403,3.9372,3.0817,3.3706,6.8549,4.8719,5.5311,4.8996,5.3775,4.3611,5.6834,4.9517,3.9226,5.682,5.0466,6.277,5.8103,4.8088,5.8196,3.8544,2.0967,0.49735,0,0,0,0,0,0,0,0,0,0,0,0,0,0,0,0,0,0,0,0,0,0,0,0,0,0,0,0,0,0,0,0,0,0,0,0,0,0,0,0,0,0,0,0,0,0,0,0,0,0,0,0,0,0,0,0,0,0,0
0,0,0,0,0,0,0,0,0,0,0,0,0,0,0,0,0,0,0,0,0,0,0,0,0,0,0,0,0,0,0,0,0,0,0,0,0,0,0,0,0,0,0,0,0,0,0,0,0,0,0,0,0,0,0,0,0,0,0,0,0,11.103,1.4859,3.8838,4.0241,5.7077,4.0554,5.4119,5.1055,4.6437,5.1895,7.9675,5.0254,5.4644,5.2724,4.9044,3.8687,5.4242,3.7177,4.7232,4.6563,4.5904,3.5439,4.5034,2.6387,4.3647,3.8789,4.5725,2.7689,2.7648,2.8166,4.1068,4.1083,4.912,5.2935,5.6377,4.7612,4.6052,4.496,4.4725,4.5169,4.4694,4.3752,4.744,6.14,3.5737,4.3559,4.7914,2.4707,4.7051,3.4992,4.1861,4.1874,4.6191,5.3527,3.5261,4.2701,3.6306,4.1908,4.4535,4.1123,6.5904,5.5002,5.9197,4.6696,6.3679,5.3422,5.8013,6.1611,5.8833,3.464,7.2593,5.1017,5.3857,4.9708,5.411,4.7287,3.9485,3.1233,3.8611,4.0791,0,0,0,0,0,0,0,0,0,0,0,0,0,0,0,0,0,0,0,0,0,0,0,0,0,0,0,0,0,0,0,0,0,0,0,0,0,0,0,0,0,0,0,0,0,0,0,0,0,0,0,0,0,0,0,0,0,0,0,0
0,0,0,0,0,0,0,0,0,0,0,0,0,0,0,0,0,0,0,0,0,0,0,0,0,0,0,0,0,0,0,0,0,0,0,0,0,0,0,0,0,0,0,0,0,0,0,0,0,0,0,0,0,0,0,0,0,0,0,0,0,0,0.7397,1.5327,2.5607,5.6465,3.5359,4.2706,4.3635,7.6309,4.3828,6.6041,6.4984,5.1375,5.4233,6.0932,4.7419,4.8332,3.6807,3.9874,3.0406,5.0169,4.417,4.967,3.114,5.0288,5.6896,2.9978,4.7149,5.7135,2.7912,3.9308,4.4712,3.5021,5.919,3.5555,3.7826,5.609,6.2763,3.7491,7.1725,6.3142,4.1344,3.6509,3.9901,5.3481,4.0844,4.6066,2.9149,4.2982,3.8998,4.078,3.1959,3.6538,4.472,5.8229,4.7717,4.6286,3.421,4.6386,5.161,7.3338,4.4109,6.0307,6.3374,4.9707,4.9693,5.6097,6.9922,5.338,5.4872,5.6226,4.495,4.7473,3.9046,3.1335,2.7303,2.2761,0.79473,0,0,0,0,0,0,0,0,0,0,0,0,0,0,0,0,0,0,0,0,0,0,0,0,0,0,0,0,0,0,0,0,0,0,0,0,0,0,0,0,0,0,0,0,0,0,0,0,0,0,0,0,0,0,0,0,0,0,0,0,0,0
0,0,0,0,0,0,0,0,0,0,0,0,0,0,0,0,0,0,0,0,0,0,0,0,0,0,0,0,0,0,0,0,0,0,0,0,0,0,0,0,0,0,0,0,0,0,0,0,0,0,0,0,0,0,0,0,0,0,0,0,0,0,0,0,0.3975,3.4983,7.7828,3.8256,4.6217,3.8833,4.872,5.7359,4.7581,5.7645,4.6834,5.2777,4.7777,4.8874,3.7595,4.9881,5.358,4.6302,4.6785,3.8265,2.9332,4.5854,4.3705,5.3395,4.4048,4.0598,2.9383,4.876,3.8556,4.7942,4.1845,4.8379,4.8664,3.9444,4.1255,3.0713,4.7177,5.1384,4.5173,5.6945,3.9206,4.195,4.152,4.6272,4.4826,3.9047,4.1636,5.1127,5.0007,4.4191,5.1671,5.7831,4.3668,5.3727,4.9858,4.007,6.8325,4.8334,4.8561,4.4915,4.8779,4.9787,7.2798,6.6371,6.2371,5.6538,4.3195,3.7494,4.0527,6.1699,7.3461,3.968,0,0,0,0,0,0,0,0,0,0,0,0,0,0,0,0,0,0,0,0,0,0,0,0,0,0,0,0,0,0,0,0,0,0,0,0,0,0,0,0,0,0,0,0,0,0,0,0,0,0,0,0,0,0,0,0,0,0,0,0,0,0,0,0,0
0,0,0,0,0,0,0,0,0,0,0,0,0,0,0,0,0,0,0,0,0,0,0,0,0,0,0,0,0,0,0,0,0,0,0,0,0,0,0,0,0,0,0,0,0,0,0,0,0,0,0,0,0,0,0,0,0,0,0,0,0,0,0,0,0,0,1.2674,5.778,3.9558,3.438,4.1679,4.507,4.4361,3.9774,4.8563,4.5966,5.0384,6.139,4.9682,4.6174,6.1499,3.8255,4.5957,4.2401,4.9209,5.379,4.0652,4.676,4.4934,3.148,4.191,4.7624,5.4807,5.1557,4.5881,4.6756,3.1007,4.4156,5.642,4.7929,3.8828,5.3677,3.478,4.0133,5.1934,5.9425,3.4122,4.8452,4.6035,4.6847,4.4428,5.0544,4.3768,3.8803,5.1269,4.7326,4.4881,5.1771,3.9343,8.925,5.0004,3.6537,5.9416,6.3653,4.4205,8.3955,7.0987,7.7598,4.4387,5.0609,3.8478,2.7978,2.8312,1.3742,0.92532,0,0,0,0,0,0,0,0,0,0,0,0,0,0,0,0,0,0,0,0,0,0,0,0,0,0,0,0,0,0,0,0,0,0,0,0,0,0,0,0,0,0,0,0,0,0,0,0,0,0,0,0,0,0,0,0,0,0,0,0,0,0,0,0,0,0
0,0,0,0,0,0,0,0,0,0,0,0,0,0,0,0,0,0,0,0,0,0,0,0,0,0,0,0,0,0,0,0,0,0,0,0,0,0,0,0,0,0,0,0,0,0,0,0,0,0,0,0,0,0,0,0,0,0,0,0,0,0,0,0,0,0,0,0,1.1244,2.0063,4.7503,3.3853,3.5281,4.5905,5.0663,5.0272,4.2044,6.6239,4.7164,4.8399,3.7514,4.5234,3.628,3.6695,4.5415,4.3307,3.0855,3.0157,3.9827,3.935,3.5561,4.8881,6.3329,4.971,3.9845,3.196,6.1402,6.4544,4.249,6.1406,4.5103,4.0421,5.0493,3.5073,4.9302,3.9771,5.3534,4.665,4.633,5.8249,7.3903,5.0328,5.0496,4.5742,5.427,4.8174,4.9554,5.2393,4.0142,21.932,7.412,5.8213,5.2075,7.1416,5.3675,5.5474,5.059,4.6101,5.042,3.2883,1.7898,2.8924,0.75312,0,0,0,0,0,0,0,0,0,0,0,0,0,0,0,0,0,0,0,0,0,0,0,0,0,0,0,0,0,0,0,0,0,0,0,0,0,0,0,0,0,0,0,0,0,0,0,0,0,0,0,0,0,0,0,0,0,0,0,0,0,0,0,0,0,0,0,0
0,0,0,0,0,0,0,0,0,0,0,0,0,0,0,0,0,0,0,0,0,0,0,0,0,0,0,0,0,0,0,0,0,0,0,0,0,0,0,0,0,0,0,0,0,0,0,0,0,0,0,0,0,0,0,0,0,0,0,0,0,0,0,0,0,0,0,0,0,0,0.67156,5.7704,2.2937,5.8516,4.7273,3.0013,3.8335,3.9839,3.5779,3.9685,4.5133,4.4006,4.2233,4.0809,3.5772,3.1414,3.7772,4.5205,3.9084,4.1336,4.5655,4.4218,4.3104,5.2826,4.4315,6.8992,4.3202,4.3629,6.4055,4.6932,4.1889,3.0273,3.561,4.3647,6.7152,4.6843,4.5222,5.8953,5.5457,4.2295,6.2181,5.1528,5.0601,5.4479,6.0451,5.7535,5.312,4.9735,5.0268,3.1132,6.5496,3.6415,5.2911,4.7867,3.8112,4.6346,5.5038,2.4884,3.973,0.31645,0.6565,0,0,0,0,0,0,0,0,0,0,0,0,0,0,0,0,0,0,0,0,0,0,0,0,0,0,0,0,0,0,0,0,0,0,0,0,0,0,0,0,0,0,0,0,0,0,0,0,0,0,0,0,0,0,0,0,0,0,0,0,0,0,0,0,0,0,0,0,0,0
0,0,0,0,0,0,0,0,0,0,0,0,0,0,0,0,0,0,0,0,0,0,0,0,0,0,0,0,0,0,0,0,0,0,0,0,0,0,0,0,0,0,0,0,0,0,0,0,0,0,0,0,0,0,0,0,0,0,0,0,0,0,0,0,0,0,0,0,0,0,0,0,0,12.519,0.71033,2.707,5.1822,4.1078,3.8176,3.7314,2.1985,3.4557,3.7793,3.4831,4.6431,4.1022,4.2189,4.4976,3.6902,4.3497,3.7664,4.83,3.96,5.0712,4.3072,3.5231,4.2142,4.8605,4.6116,4.653,4.139,4.3801,11.961,3.3828,4.9026,5.5297,4.748,7.6625,4.8448,4.8276,4.2934,4.2246,6.6979,4.7416,5.0988,4.9364,4.5776,4.384,3.0344,4.0578,5.971,6.6084,5.6185,4.4738,5.6484,2.3005,2.0623,0,3.3158,0,0,0,0,0,0,0,0,0,0,0,0,0,0,0,0,0,0,0,0,0,0,0,0,0,0,0,0,0,0,0,0,0,0,0,0,0,0,0,0,0,0,0,0,0,0,0,0,0,0,0,0,0,0,0,0,0,0,0,0,0,0,0,0,0,0,0,0,0,0,0,0
0,0,0,0,0,0,0,0,0,0,0,0,0,0,0,0,0,0,0,0,0,0,0,0,0,0,0,0,0,0,0,0,0,0,0,0,0,0,0,0,0,0,0,0,0,0,0,0,0,0,0,0,0,0,0,0,0,0,0,0,0,0,0,0,0,0,0,0,0,0,0,0,0,0,0,0,0.36403,1.6557,3.3518,2.1834,1.894,2.63,4.3028,2.1797,3.7625,3.4219,3.8077,4.5429,4.1607,3.9779,4.3912,3.5622,4.3283,3.9827,4.9127,4.2016,4.0501,4.5467,4.3248,4.6205,3.9764,4.4113,3.9055,4.7604,4.3133,3.0298,5.0561,5.7828,4.5092,5.631,4.6437,6.0788,4.0261,5.6521,4.3028,4.4151,4.6195,3.3313,3.888,5.3803,4.2486,3.2119,0.84785,6.5271,13.422,8.3177,0,0,0,0,0,0,0,0,0,0,0,0,0,0,0,0,0,0,0,0,0,0,0,0,0,0,0,0,0,0,0,0,0,0,0,0,0,0,0,0,0,0,0,0,0,0,0,0,0,0,0,0,0,0,0,0,0,0,0,0,0,0,0,0,0,0,0,0,0,0,0,0,0,0,0
0,0,0,0,0,0,0,0,0,0,0,0,0,0,0,0,0,0,0,0,0,0,0,0,0,0,0,0,0,0,0,0,0,0,0,0,0,0,0,0,0,0,0,0,0,0,0,0,0,0,0,0,0,0,0,0,0,0,0,0,0,0,0,0,0,0,0,0,0,0,0,0,0,0,0,0,0,0,0,0.95248,0.64865,3.8229,0.9922,0.31187,2.7118,3.582,2.4508,3.5956,4.3308,3.7939,3.0848,4.15,4.4738,4.3701,4.3892,3.8674,3.164,4.5237,4.187,4.2283,3.7261,3.0888,3.1783,4.9501,4.4633,4.1938,3.6399,4.0999,4.0319,3.9918,4.0956,3.5082,4.22,4.1031,4.254,2.2174,4.1902,2.6029,7.7782,1.6761,1.3175,0.87764,0,0,0,0,0,0,0,0,0,0,0,0,0,0,0,0,0,0,0,0,0,0,0,0,0,0,0,0,0,0,0,0,0,0,0,0,0,0,0,0,0,0,0,0,0,0,0,0,0,0,0,0,0,0,0,0,0,0,0,0,0,0,0,0,0,0,0,0,0,0,0,0,0,0,0,0,0,0,0
0,0,0,0,0,0,0,0,0,0,0,0,0,0,0,0,0,0,0,0,0,0,0,0,0,0,0,0,0,0,0,0,0,0,0,0,0,0,0,0,0,0,0,0,0,0,0,0,0,0,0,0,0,0,0,0,0,0,0,0,0,0,0,0,0,0,0,0,0,0,0,0,0,0,0,0,0,0,0,0,0,0,0,0,0,0.95995,4.3862,1.167,2.1908,2.3595,2.9966,3.3427,3.9019,2.84,3.3358,3.63,3.222,3.1301,3.5091,3.6669,5.0086,4.0105,3.5946,3.4087,2.6999,3.6397,4.4251,3.8462,4.9035,3.3826,2.9932,3.0335,3.0978,1.2781,0.70137,0.49412,0.95014,0,0,0,0,0,0,0,0,0,0,0,0,0,0,0,0,0,0,0,0,0,0,0,0,0,0,0,0,0,0,0,0,0,0,0,0,0,0,0,0,0,0,0,0,0,0,0,0,0,0,0,0,0,0,0,0,0,0,0,0,0,0,0,0,0,0,0,0,0,0,0,0,0,0,0,0,0,0,0,0,0,0,0,0
0,0,0,0,0,0,0,0,0,0,0,0,0,0,0,0,0,0,0,0,0,0,0,0,0,0,0,0,0,0,0,0,0,0,0,0,0,0,0,0,0,0,0,0,0,0,0,0,0,0,0,0,0,0,0,0,0,0,0,0,0,0,0,0,0,0,0,0,0,0,0,0,0,0,0,0,0,0,0,0,0,0,0,0,0,0,0,0,0,0,2.9092,2.945,1.6367,4.7209,2.5593,2.9536,3.2189,2.8067,2.8032,2.7361,4.4374,3.657,2.8834,2.7436,4.0465,4.9041,3.6319,2.9211,2.9894,3.3198,1.093,0.075667,0,0,0,0,0,0,0,0,0,0,0,0,0,0,0,0,0,0,0,0,0,0,0,0,0,0,0,0,0,0,0,0,0,0,0,0,0,0,0,0,0,0,0,0,0,0,0,0,0,0,0,0,0,0,0,0,0,0,0,0,0,0,0,0,0,0,0,0,0,0,0,0,0,0,0,0,0,0,0,0,0,0,0,0,0,0,0,0,0
0,0,0,0,0,0,0,0,0,0,0,0,0,0,0,0,0,0,0,0,0,0,0,0,0,0,0,0,0,0,0,0,0,0,0,0,0,0,0,0,0,0,0,0,0,0,0,0,0,0,0,0,0,0,0,0,0,0,0,0,0,0,0,0,0,0,0,0,0,0,0,0,0,0,0,0,0,0,0,0,0,0,0,0,0,0,0,0,0,0,0,0,0,0.22584,0.098906,0.49009,1.275,6.5432,4.0073,0.91086,0.87833,1.4326,0.98027,1.4713,1.5592,0.33676,0.098213,0.45453,0,0,0,0,0,0,0,0,0,0,0,0,0,0,0,0,0,0,0,0,0,0,0,0,0,0,0,0,0,0,0,0,0,0,0,0,0,0,0,0,0,0,0,0,0,0,0,0,0,0,0,0,0,0,0,0,0,0,0,0,0,0,0,0,0,0,0,0,0,0,0,0,0,0,0,0,0,0,0,0,0,0,0,0,0,0,0,0,0,0,0,0,0
0,0,0,0,0,0,0,0,0,0,0,0,0,0,0,0,0,0,0,0,0,0,0,0,0,0,0,0,0,0,0,0,0,0,0,0,0,0,0,0,0,0,0,0,0,0,0,0,0,0,0,0,0,0,0,0,0,0,0,0,0,0,0,0,0,0,0,0,0,0,0,0,0,0,0,0,0,0,0,0,0,0,0,0,0,0,0,0,0,0,0,0,0,0,0,0,0,0,0,0,0,0,0,0,0,0,0,0,0,0,0,0,0,0,0,0,0,0,0,0,0,0,0,0,0,0,0,0,0,0,0,0,0,0,0,0,0,0,0,0,0,0,0,0,0,0,0,0,0,0,0,0,0,0,0,0,0,0,0,0,0,0,0,0,0,0,0,0,0,0,0,0,0,0,0,0,0,0,0,0,0,0,0,0,0,0,0,0,0,0,0,0,0,0,0,0,0,0,0,0,0
0,0,0,0,0,0,0,0,0,0,0,0,0,0,0,0,0,0,0,0,0,0,0,0,0,0,0,0,0,0,0,0,0,0,0,0,0,0,0,0,0,0,0,0,0,0,0,0,0,0,0,0,0,0,0,0,0,0,0,0,0,0,0,0,0,0,0,0,0,0,0,0,0,0,0,0,0,0,0,0,0,0,0,0,0,0,0,0,0,0,0,0,0,0,0,0,0,0,0,0,0,0,0,0,0,0,0,0,0,0,0,0,0,0,0,0,0,0,0,0,0,0,0,0,0,0,0,0,0,0,0,0,0,0,0,0,0,0,0,0,0,0,0,0,0,0,0,0,0,0,0,0,0,0,0,0,0,0,0,0,0,0,0,0,0,0,0,0,0,0,0,0,0,0,0,0,0,0,0,0,0,0,0,0,0,0,0,0,0,0,0,0,0,0,0,0,0,0,0,0,0
0,0,0,0,0,0,0,0,0,0,0,0,0,0,0,0,0,0,0,0,0,0,0,0,0,0,0,0,0,0,0,0,0,0,0,0,0,0,0,0,0,0,0,0,0,0,0,0,0,0,0,0,0,0,0,0,0,0,0,0,0,0,0,0,0,0,0,0,0,0,0,0,0,0,0,0,0,0,0,0,0,0,0,0,0,0,0,0,0,0,0,0,0,0,0,0,0,0,0,0,0,0,0,0,0,0,0,0,0,0,0,0,0,0,0,0,0,0,0,0,0,0,0,0,0,0,0,0,0,0,0,0,0,0,0,0,0,0,0,0,0,0,0,0,0,0,0,0,0,0,0,0,0,0,0,0,0,0,0,0,0,0,0,0,0,0,0,0,0,0,0,0,0,0,0,0,0,0,0,0,0,0,0,0,0,0,0,0,0,0,0,0,0,0,0,0,0,0,0,0,0
0,0,0,0,0,0,0,0,0,0,0,0,0,0,0,0,0,0,0,0,0,0,0,0,0,0,0,0,0,0,0,0,0,0,0,0,0,0,0,0,0,0,0,0,0,0,0,0,0,0,0,0,0,0,0,0,0,0,0,0,0,0,0,0,0,0,0,0,0,0,0,0,0,0,0,0,0,0,0,0,0,0,0,0,0,0,0,0,0,0,0,0,0,0,0,0,0,0,0,0,0,0,0,0,0,0,0,0,0,0,0,0,0,0,0,0,0,0,0,0,0,0,0,0,0,0,0,0,0,0,0,0,0,0,0,0,0,0,0,0,0,0,0,0,0,0,0,0,0,0,0,0,0,0,0,0,0,0,0,0,0,0,0,0,0,0,0,0,0,0,0,0,0,0,0,0,0,0,0,0,0,0,0,0,0,0,0,0,0,0,0,0,0,0,0,0,0,0,0,0,0
0,0,0,0,0,0,0,0,0,0,0,0,0,0,0,0,0,0,0,0,0,0,0,0,0,0,0,0,0,0,0,0,0,0,0,0,0,0,0,0,0,0,0,0,0,0,0,0,0,0,0,0,0,0,0,0,0,0,0,0,0,0,0,0,0,0,0,0,0,0,0,0,0,0,0,0,0,0,0,0,0,0,0,0,0,0,0,0,0,0,0,0,0,0,0,0,0,0,0,0,0,0,0,0,0,0,0,0,0,0,0,0,0,0,0,0,0,0,0,0,0,0,0,0,0,0,0,0,0,0,0,0,0,0,0,0,0,0,0,0,0,0,0,0,0,0,0,0,0,0,0,0,0,0,0,0,0,0,0,0,0,0,0,0,0,0,0,0,0,0,0,0,0,0,0,0,0,0,0,0,0,0,0,0,0,0,0,0,0,0,0,0,0,0,0,0,0,0,0,0,0
0,0,0,0,0,0,0,0,0,0,0,0,0,0,0,0,0,0,0,0,0,0,0,0,0,0,0,0,0,0,0,0,0,0,0,0,0,0,0,0,0,0,0,0,0,0,0,0,0,0,0,0,0,0,0,0,0,0,0,0,0,0,0,0,0,0,0,0,0,0,0,0,0,0,0,0,0,0,0,0,0,0,0,0,0,0,0,0,0,0,0,0,0,0,0,0,0,0,0,0,0,0,0,0,0,0,0,0,0,0,0,0,0,0,0,0,0,0,0,0,0,0,0,0,0,0,0,0,0,0,0,0,0,0,0,0,0,0,0,0,0,0,0,0,0,0,0,0,0,0,0,0,0,0,0,0,0,0,0,0,0,0,0,0,0,0,0,0,0,0,0,0,0,0,0,0,0,0,0,0,0,0,0,0,0,0,0,0,0,0,0,0,0,0,0,0,0,0,0,0,0
0,0,0,0,0,0,0,0,0,0,0,0,0,0,0,0,0,0,0,0,0,0,0,0,0,0,0,0,0,0,0,0,0,0,0,0,0,0,0,0,0,0,0,0,0,0,0,0,0,0,0,0,0,0,0,0,0,0,0,0,0,0,0,0,0,0,0,0,0,0,0,0,0,0,0,0,0,0,0,0,0,0,0,0,0,0,0,0,0,0,0,0,0,0,0,0,0,0,0,0,0,0,0,0,0,0,0,0,0,0,0,0,0,0,0,0,0,0,0,0,0,0,0,0,0,0,0,0,0,0,0,0,0,0,0,0,0,0,0,0,0,0,0,0,0,0,0,0,0,0,0,0,0,0,0,0,0,0,0,0,0,0,0,0,0,0,0,0,0,0,0,0,0,0,0,0,0,0,0,0,0,0,0,0,0,0,0,0,0,0,0,0,0,0,0,0,0,0,0,0,0
0,0,0,0,0,0,0,0,0,0,0,0,0,0,0,0,0,0,0,0,0,0,0,0,0,0,0,0,0,0,0,0,0,0,0,0,0,0,0,0,0,0,0,0,0,0,0,0,0,0,0,0,0,0,0,0,0,0,0,0,0,0,0,0,0,0,0,0,0,0,0,0,0,0,0,0,0,0,0,0,0,0,0,0,0,0,0,0,0,0,0,0,0,0,0,0,0,0,0,0,0,0,0,0,0,0,0,0,0,0,0,0,0,0,0,0,0,0,0,0,0,0,0,0,0,0,0,0,0,0,0,0,0,0,0,0,0,0,0,0,0,0,0,0,0,0,0,0,0,0,0,0,0,0,0,0,0,0,0,0,0,0,0,0,0,0,0,0,0,0,0,0,0,0,0,0,0,0,0,0,0,0,0,0,0,0,0,0,0,0,0,0,0,0,0,0,0,0,0,0,0
0,0,0,0,0,0,0,0,0,0,0,0,0,0,0,0,0,0,0,0,0,0,0,0,0,0,0,0,0,0,0,0,0,0,0,0,0,0,0,0,0,0,0,0,0,0,0,0,0,0,0,0,0,0,0,0,0,0,0,0,0,0,0,0,0,0,0,0,0,0,0,0,0,0,0,0,0,0,0,0,0,0,0,0,0,0,0,0,0,0,0,0,0,0,0,0,0,0,0,0,0,0,0,0,0,0,0,0,0,0,0,0,0,0,0,0,0,0,0,0,0,0,0,0,0,0,0,0,0,0,0,0,0,0,0,0,0,0,0,0,0,0,0,0,0,0,0,0,0,0,0,0,0,0,0,0,0,0,0,0,0,0,0,0,0,0,0,0,0,0,0,0,0,0,0,0,0,0,0,0,0,0,0,0,0,0,0,0,0,0,0,0,0,0,0,0,0,0,0,0,0
0,0,0,0,0,0,0,0,0,0,0,0,0,0,0,0,0,0,0,0,0,0,0,0,0,0,0,0,0,0,0,0,0,0,0,0,0,0,0,0,0,0,0,0,0,0,0,0,0,0,0,0,0,0,0,0,0,0,0,0,0,0,0,0,0,0,0,0,0,0,0,0,0,0,0,0,0,0,0,0,0,0,0,0,0,0,0,0,0,0,0,0,0,0,0,0,0,0,0,0,0,0,0,0,0,0,0,0,0,0,0,0,0,0,0,0,0,0,0,0,0,0,0,0,0,0,0,0,0,0,0,0,0,0,0,0,0,0,0,0,0,0,0,0,0,0,0,0,0,0,0,0,0,0,0,0,0,0,0,0,0,0,0,0,0,0,0,0,0,0,0,0,0,0,0,0,0,0,0,0,0,0,0,0,0,0,0,0,0,0,0,0,0,0,0,0,0,0,0,0,0
0,0,0,0,0,0,0,0,0,0,0,0,0,0,0,0,0,0,0,0,0,0,0,0,0,0,0,0,0,0,0,0,0,0,0,0,0,0,0,0,0,0,0,0,0,0,0,0,0,0,0,0,0,0,0,0,0,0,0,0,0,0,0,0,0,0,0,0,0,0,0,0,0,0,0,0,0,0,0,0,0,0,0,0,0,0,0,0,0,0,0,0,0,0,0,0,0,0,0,0,0,0,0,0,0,0,0,0,0,0,0,0,0,0,0,0,0,0,0,0,0,0,0,0,0,0,0,0,0,0,0,0,0,0,0,0,0,0,0,0,0,0,0,0,0,0,0,0,0,0,0,0,0,0,0,0,0,0,0,0,0,0,0,0,0,0,0,0,0,0,0,0,0,0,0,0,0,0,0,0,0,0,0,0,0,0,0,0,0,0,0,0,0,0,0,0,0,0,0,0,0
0,0,0,0,0,0,0,0,0,0,0,0,0,0,0,0,0,0,0,0,0,0,0,0,0,0,0,0,0,0,0,0,0,0,0,0,0,0,0,0,0,0,0,0,0,0,0,0,0,0,0,0,0,0,0,0,0,0,0,0,0,0,0,0,0,0,0,0,0,0,0,0,0,0,0,0,0,0,0,0,0,0,0,0,0,0,0,0,0,0,0,0,0,0,0,0,0,0,0,0,0,0,0,0,0,0,0,0,0,0,0,0,0,0,0,0,0,0,0,0,0,0,0,0,0,0,0,0,0,0,0,0,0,0,0,0,0,0,0,0,0,0,0,0,0,0,0,0,0,0,0,0,0,0,0,0,0,0,0,0,0,0,0,0,0,0,0,0,0,0,0,0,0,0,0,0,0,0,0,0,0,0,0,0,0,0,0,0,0,0,0,0,0,0,0,0,0,0,0,0,0
0,0,0,0,0,0,0,0,0,0,0,0,0,0,0,0,0,0,0,0,0,0,0,0,0,0,0,0,0,0,0,0,0,0,0,0,0,0,0,0,0,0,0,0,0,0,0,0,0,0,0,0,0,0,0,0,0,0,0,0,0,0,0,0,0,0,0,0,0,0,0,0,0,0,0,0,0,0,0,0,0,0,0,0,0,0,0,0,0,0,0,0,0,0,0,0,0,0,0,0,0,0,0,0,0,0,0,0,0,0,0,0,0,0,0,0,0,0,0,0,0,0,0,0,0,0,0,0,0,0,0,0,0,0,0,0,0,0,0,0,0,0,0,0,0,0,0,0,0,0,0,0,0,0,0,0,0,0,0,0,0,0,0,0,0,0,0,0,0,0,0,0,0,0,0,0,0,0,0,0,0,0,0,0,0,0,0,0,0,0,0,0,0,0,0,0,0,0,0,0,0
0,0,0,0,0,0,0,0,0,0,0,0,0,0,0,0,0,0,0,0,0,0,0,0,0,0,0,0,0,0,0,0,0,0,0,0,0,0,0,0,0,0,0,0,0,0,0,0,0,0,0,0,0,0,0,0,0,0,0,0,0,0,0,0,0,0,0,0,0,0,0,0,0,0,0,0,0,0,0,0,0,0,0,0,0,0,0,0,0,0,0,0,0,0,0,0,0,0,0,0,0,0,0,0,0,0,0,0,0,0,0,0,0,0,0,0,0,0,0,0,0,0,0,0,0,0,0,0,0,0,0,0,0,0,0,0,0,0,0,0,0,0,0,0,0,0,0,0,0,0,0,0,0,0,0,0,0,0,0,0,0,0,0,0,0,0,0,0,0,0,0,0,0,0,0,0,0,0,0,0,0,0,0,0,0,0,0,0,0,0,0,0,0,0,0,0,0,0,0,0,0
0,0,0,0,0,0,0,0,0,0,0,0,0,0,0,0,0,0,0,0,0,0,0,0,0,0,0,0,0,0,0,0,0,0,0,0,0,0,0,0,0,0,0,0,0,0,0,0,0,0,0,0,0,0,0,0,0,0,0,0,0,0,0,0,0,0,0,0,0,0,0,0,0,0,0,0,0,0,0,0,0,0,0,0,0,0,0,0,0,0,0,0,0,0,0,0,0,0,0,0,0,0,0,0,0,0,0,0,0,0,0,0,0,0,0,0,0,0,0,0,0,0,0,0,0,0,0,0,0,0,0,0,0,0,0,0,0,0,0,0,0,0,0,0,0,0,0,0,0,0,0,0,0,0,0,0,0,0,0,0,0,0,0,0,0,0,0,0,0,0,0,0,0,0,0,0,0,0,0,0,0,0,0,0,0,0,0,0,0,0,0,0,0,0,0,0,0,0,0,0,0
0,0,0,0,0,0,0,0,0,0,0,0,0,0,0,0,0,0,0,0,0,0,0,0,0,0,0,0,0,0,0,0,0,0,0,0,0,0,0,0,0,0,0,0,0,0,0,0,0,0,0,0,0,0,0,0,0,0,0,0,0,0,0,0,0,0,0,0,0,0,0,0,0,0,0,0,0,0,0,0,0,0,0,0,0,0,0,0,0,0,0,0,0,0,0,0,0,0,0,0,0,0,0,0,0,0,0,0,0,0,0,0,0,0,0,0,0,0,0,0,0,0,0,0,0,0,0,0,0,0,0,0,0,0,0,0,0,0,0,0,0,0,0,0,0,0,0,0,0,0,0,0,0,0,0,0,0,0,0,0,0,0,0,0,0,0,0,0,0,0,0,0,0,0,0,0,0,0,0,0,0,0,0,0,0,0,0,0,0,0,0,0,0,0,0,0,0,0,0,0,0
0,0,0,0,0,0,0,0,0,0,0,0,0,0,0,0,0,0,0,0,0,0,0,0,0,0,0,0,0,0,0,0,0,0,0,0,0,0,0,0,0,0,0,0,0,0,0,0,0,0,0,0,0,0,0,0,0,0,0,0,0,0,0,0,0,0,0,0,0,0,0,0,0,0,0,0,0,0,0,0,0,0,0,0,0,0,0,0,0,0,0,0,0,0,0,0,0,0,0,0,0,0,0,0,0,0,0,0,0,0,0,0,0,0,0,0,0,0,0,0,0,0,0,0,0,0,0,0,0,0,0,0,0,0,0,0,0,0,0,0,0,0,0,0,0,0,0,0,0,0,0,0,0,0,0,0,0,0,0,0,0,0,0,0,0,0,0,0,0,0,0,0,0,0,0,0,0,0,0,0,0,0,0,0,0,0,0,0,0,0,0,0,0,0,0,0,0,0,0,0,0
0,0,0,0,0,0,0,0,0,0,0,0,0,0,0,0,0,0,0,0,0,0,0,0,0,0,0,0,0,0,0,0,0,0,0,0,0,0,0,0,0,0,0,0,0,0,0,0,0,0,0,0,0,0,0,0,0,0,0,0,0,0,0,0,0,0,0,0,0,0,0,0,0,0,0,0,0,0,0,0,0,0,0,0,0,0,0,0,0,0,0,0,0,0,0,0,0,0,0,0,0,0,0,0,0,0,0,0,0,0,0,0,0,0,0,0,0,0,0,0,0,0,0,0,0,0,0,0,0,0,0,0,0,0,0,0,0,0,0,0,0,0,0,0,0,0,0,0,0,0,0,0,0,0,0,0,0,0,0,0,0,0,0,0,0,0,0,0,0,0,0,0,0,0,0,0,0,0,0,0,0,0,0,0,0,0,0,0,0,0,0,0,0,0,0,0,0,0,0,0,0
0,0,0,0,0,0,0,0,0,0,0,0,0,0,0,0,0,0,0,0,0,0,0,0,0,0,0,0,0,0,0,0,0,0,0,0,0,0,0,0,0,0,0,0,0,0,0,0,0,0,0,0,0,0,0,0,0,0,0,0,0,0,0,0,0,0,0,0,0,0,0,0,0,0,0,0,0,0,0,0,0,0,0,0,0,0,0,0,0,0,0,0,0,0,0,0,0,0,0,0,0,0,0,0,0,0,0,0,0,0,0,0,0,0,0,0,0,0,0,0,0,0,0,0,0,0,0,0,0,0,0,0,0,0,0,0,0,0,0,0,0,0,0,0,0,0,0,0,0,0,0,0,0,0,0,0,0,0,0,0,0,0,0,0,0,0,0,0,0,0,0,0,0,0,0,0,0,0,0,0,0,0,0,0,0,0,0,0,0,0,0,0,0,0,0,0,0,0,0,0,0
0,0,0,0,0,0,0,0,0,0,0,0,0,0,0,0,0,0,0,0,0,0,0,0,0,0,0,0,0,0,0,0,0,0,0,0,0,0,0,0,0,0,0,0,0,0,0,0,0,0,0,0,0,0,0,0,0,0,0,0,0,0,0,0,0,0,0,0,0,0,0,0,0,0,0,0,0,0,0,0,0,0,0,0,0,0,0,0,0,0,0,0,0,0,0,0,0,0,0,0,0,0,0,0,0,0,0,0,0,0,0,0,0,0,0,0,0,0,0,0,0,0,0,0,0,0,0,0,0,0,0,0,0,0,0,0,0,0,0,0,0,0,0,0,0,0,0,0,0,0,0,0,0,0,0,0,0,0,0,0,0,0,0,0,0,0,0,0,0,0,0,0,0,0,0,0,0,0,0,0,0,0,0,0,0,0,0,0,0,0,0,0,0,0,0,0,0,0,0,0,0
0,0,0,0,0,0,0,0,0,0,0,0,0,0,0,0,0,0,0,0,0,0,0,0,0,0,0,0,0,0,0,0,0,0,0,0,0,0,0,0,0,0,0,0,0,0,0,0,0,0,0,0,0,0,0,0,0,0,0,0,0,0,0,0,0,0,0,0,0,0,0,0,0,0,0,0,0,0,0,0,0,0,0,0,0,0,0,0,0,0,0,0,0,0,0,0,0,0,0,0,0,0,0,0,0,0,0,0,0,0,0,0,0,0,0,0,0,0,0,0,0,0,0,0,0,0,0,0,0,0,0,0,0,0,0,0,0,0,0,0,0,0,0,0,0,0,0,0,0,0,0,0,0,0,0,0,0,0,0,0,0,0,0,0,0,0,0,0,0,0,0,0,0,0,0,0,0,0,0,0,0,0,0,0,0,0,0,0,0,0,0,0,0,0,0,0,0,0,0,0,0
0,0,0,0,0,0,0,0,0,0,0,0,0,0,0,0,0,0,0,0,0,0,0,0,0,0,0,0,0,0,0,0,0,0,0,0,0,0,0,0,0,0,0,0,0,0,0,0,0,0,0,0,0,0,0,0,0,0,0,0,0,0,0,0,0,0,0,0,0,0,0,0,0,0,0,0,0,0,0,0,0,0,0,0,0,0,0,0,0,0,0,0,0,0,0,0,0,0,0,0,0,0,0,0,0,0,0,0,0,0,0,0,0,0,0,0,0,0,0,0,0,0,0,0,0,0,0,0,0,0,0,0,0,0,0,0,0,0,0,0,0,0,0,0,0,0,0,0,0,0,0,0,0,0,0,0,0,0,0,0,0,0,0,0,0,0,0,0,0,0,0,0,0,0,0,0,0,0,0,0,0,0,0,0,0,0,0,0,0,0,0,0,0,0,0,0,0,0,0,0,0
0,0,0,0,0,0,0,0,0,0,0,0,0,0,0,0,0,0,0,0,0,0,0,0,0,0,0,0,0,0,0,0,0,0,0,0,0,0,0,0,0,0,0,0,0,0,0,0,0,0,0,0,0,0,0,0,0,0,0,0,0,0,0,0,0,0,0,0,0,0,0,0,0,0,0,0,0,0,0,0,0,0,0,0,0,0,0,0,0,0,0,0,0,0,0,0,0,0,0,0,0,0,0,0,0,0,0,0,0,0,0,0,0,0,0,0,0,0,0,0,0,0,0,0,0,0,0,0,0,0,0,0,0,0,0,0,0,0,0,0,0,0,0,0,0,0,0,0,0,0,0,0,0,0,0,0,0,0,0,0,0,0,0,0,0,0,0,0,0,0,0,0,0,0,0,0,0,0,0,0,0,0,0,0,0,0,0,0,0,0,0,0,0,0,0,0,0,0,0,0,0
0,0,0,0,0,0,0,0,0,0,0,0,0,0,0,0,0,0,0,0,0,0,0,0,0,0,0,0,0,0,0,0,0,0,0,0,0,0,0,0,0,0,0,0,0,0,0,0,0,0,0,0,0,0,0,0,0,0,0,0,0,0,0,0,0,0,0,0,0,0,0,0,0,0,0,0,0,0,0,0,0,0,0,0,0,0,0,0,0,0,0,0,0,0,0,0,0,0,0,0,0,0,0,0,0,0,0,0,0,0,0,0,0,0,0,0,0,0,0,0,0,0,0,0,0,0,0,0,0,0,0,0,0,0,0,0,0,0,0,0,0,0,0,0,0,0,0,0,0,0,0,0,0,0,0,0,0,0,0,0,0,0,0,0,0,0,0,0,0,0,0,0,0,0,0,0,0,0,0,0,0,0,0,0,0,0,0,0,0,0,0,0,0,0,0,0,0,0,0,0,0
0,0,0,0,0,0,0,0,0,0,0,0,0,0,0,0,0,0,0,0,0,0,0,0,0,0,0,0,0,0,0,0,0,0,0,0,0,0,0,0,0,0,0,0,0,0,0,0,0,0,0,0,0,0,0,0,0,0,0,0,0,0,0,0,0,0,0,0,0,0,0,0,0,0,0,0,0,0,0,0,0,0,0,0,0,0,0,0,0,0,0,0,0,0,0,0,0,0,0,0,0,0,0,0,0,0,0,0,0,0,0,0,0,0,0,0,0,0,0,0,0,0,0,0,0,0,0,0,0,0,0,0,0,0,0,0,0,0,0,0,0,0,0,0,0,0,0,0,0,0,0,0,0,0,0,0,0,0,0,0,0,0,0,0,0,0,0,0,0,0,0,0,0,0,0,0,0,0,0,0,0,0,0,0,0,0,0,0,0,0,0,0,0,0,0,0,0,0,0,0,0
0,0,0,0,0,0,0,0,0,0,0,0,0,0,0,0,0,0,0,0,0,0,0,0,0,0,0,0,0,0,0,0,0,0,0,0,0,0,0,0,0,0,0,0,0,0,0,0,0,0,0,0,0,0,0,0,0,0,0,0,0,0,0,0,0,0,0,0,0,0,0,0,0,0,0,0,0,0,0,0,0,0,0,0,0,0,0,0,0,0,0,0,0,0,0,0,0,0,0,0,0,0,0,0,0,0,0,0,0,0,0,0,0,0,0,0,0,0,0,0,0,0,0,0,0,0,0,0,0,0,0,0,0,0,0,0,0,0,0,0,0,0,0,0,0,0,0,0,0,0,0,0,0,0,0,0,0,0,0,0,0,0,0,0,0,0,0,0,0,0,0,0,0,0,0,0,0,0,0,0,0,0,0,0,0,0,0,0,0,0,0,0,0,0,0,0,0,0,0,0,0
