0,0,0,0,0,0,0,0,0,0,0,0,0,0,0,0,0,0,0,0,0,0,0,0,0,0,0,0,0,0,0,0,0,0,0,0,0,0,0,0,0,0,0,0,0,0,0,0,0,0,0,0,0,0,0,0,0,0,0,0,0,0,0,0,0,0,0,0,0,0,0,0,0,0,0,0,0,0,0,0,0,0,0,0,0,0,0,0,0,0,0,0,0,0,0,0,0,0,0,0,0,0,0,0,0,0,0,0,0,0,0,0,0,0,0,0,0,0,0,0,0,0,0,0,0,0,0,0,0,0,0,0,0,0,0,0,0,0,0,0,0,0,0,0,0,0,0,0,0,0,0,0,0,0,0,0,0,0,0,0,0,0,0,0,0,0,0,0,0,0,0,0,0,0,0,0,0,0,0,0,0,0,0,0,0,0,0,0,0,0,0,0,0,0,0,0,0,0,0,0,0
0,0,0,0,0,0,0,0,0,0,0,0,0,0,0,0,0,0,0,0,0,0,0,0,0,0,0,0,0,0,0,0,0,0,0,0,0,0,0,0,0,0,0,0,0,0,0,0,0,0,0,0,0,0,0,0,0,0,0,0,0,0,0,0,0,0,0,0,0,0,0,0,0,0,0,0,0,0,0,0,0,0,0,0,0,0,0,0,0,0,0,0,0,0,0,0,0,0,0,0,0,0,0,0,0,0,0,0,0,0,0,0,0,0,0,0,0,0,0,0,0,0,0,0,0,0,0,0,0,0,0,0,0,0,0,0,0,0,0,0,0,0,0,0,0,0,0,0,0,0,0,0,0,0,0,0,0,0,0,0,0,0,0,0,0,0,0,0,0,0,0,0,0,0,0,0,0,0,0,0,0,0,0,0,0,0,0,0,0,0,0,0,0,0,0,0,0,0,0,0,0
0,0,0,0,0,0,0,0,0,0,0,0,0,0,0,0,0,0,0,0,0,0,0,0,0,0,0,0,0,0,0,0,0,0,0,0,0,0,0,0,0,0,0,0,0,0,0,0,0,0,0,0,0,0,0,0,0,0,0,0,0,0,0,0,0,0,0,0,0,0,0,0,0,0,0,0,0,0,0,0,0,0,0,0,0,0,0,0,0,0,0,0,0,0,0,0,0,0,0,0,0,0,0,0,0,0,0,0,0,0,0,0,0,0,0,0,0,0,0,0,0,0,0,0,0,0,0,0,0,0,0,0,0,0,0,0,0,0,0,0,0,0,0,0,0,0,0,0,0,0,0,0,0,0,0,0,0,0,0,0,0,0,0,0,0,0,0,0,0,0,0,0,0,0,0,0,0,0,0,0,0,0,0,0,0,0,0,0,0,0,0,0,0,0,0,0,0,0,0,0,0
0,0,0,0,0,0,0,0,0,0,0,0,0,0,0,0,0,0,0,0,0,0,0,0,0,0,0,0,0,0,0,0,0,0,0,0,0,0,0,0,0,0,0,0,0,0,0,0,0,0,0,0,0,0,0,0,0,0,0,0,0,0,0,0,0,0,0,0,0,0,0,0,0,0,0,0,0,0,0,0,0,0,0,0,0,0,0,0,0,0,0,0,0,0,0,0,0,0,0,0,0,0,0,0,0,0,0,0,0,0,0,0,0,0,0,0,0,0,0,0,0,0,0,0,0,0,0,0,0,0,0,0,0,0,0,0,0,0,0,0,0,0,0,0,0,0,0,0,0,0,0,0,0,0,0,0,0,0,0,0,0,0,0,0,0,0,0,0,0,0,0,0,0,0,0,0,0,0,0,0,0,0,0,0,0,0,0,0,0,0,0,0,0,0,0,0,0,0,0,0,0
0,0,0,0,0,0,0,0,0,0,0,0,0,0,0,0,0,0,0,0,0,0,0,0,0,0,0,0,0,0,0,0,0,0,0,0,0,0,0,0,0,0,0,0,0,0,0,0,0,0,0,0,0,0,0,0,0,0,0,0,0,0,0,0,0,0,0,0,0,0,0,0,0,0,0,0,0,0,0,0,0,0,0,0,0,0,0,0,0,0,0,0,0,0,0,0,0,0,0,0,0,0,0,0,0,0,0,0,0,0,0,0,0,0,0,0,0,0,0,0,0,0,0,0,0,0,0,0,0,0,0,0,0,0,0,0,0,0,0,0,0,0,0,0,0,0,0,0,0,0,0,0,0,0,0,0,0,0,0,0,0,0,0,0,0,0,0,0,0,0,0,0,0,0,0,0,0,0,0,0,0,0,0,0,0,0,0,0,0,0,0,0,0,0,0,0,0,0,0,0,0
0,0,0,0,0,0,0,0,0,0,0,0,0,0,0,0,0,0,0,0,0,0,0,0,0,0,0,0,0,0,0,0,0,0,0,0,0,0,0,0,0,0,0,0,0,0,0,0,0,0,0,0,0,0,0,0,0,0,0,0,0,0,0,0,0,0,0,0,0,0,0,0,0,0,0,0,0,0,0,0,0,0,0,0,0,0,0,0,0,0,0,0,0,0,0,0,0,0,0,0,0,0,0,0,0,0,0,0,0,0,0,0,0,0,0,0,0,0,0,0,0,0,0,0,0,0,0,0,0,0,0,0,0,0,0,0,0,0,0,0,0,0,0,0,0,0,0,0,0,0,0,0,0,0,0,0,0,0,0,0,0,0,0,0,0,0,0,0,0,0,0,0,0,0,0,0,0,0,0,0,0,0,0,0,0,0,0,0,0,0,0,0,0,0,0,0,0,0,0,0,0
0,0,0,0,0,0,0,0,0,0,0,0,0,0,0,0,0,0,0,0,0,0,0,0,0,0,0,0,0,0,0,0,0,0,0,0,0,0,0,0,0,0,0,0,0,0,0,0,0,0,0,0,0,0,0,0,0,0,0,0,0,0,0,0,0,0,0,0,0,0,0,0,0,0,0,0,0,0,0,0,0,0,0,0,0,0,0,0,0,0,0,0,0,0,0,0,0,0,0,0,0,0,0,0,0,0,0,0,0,0,0,0,0,0,0,0,0,0,0,0,0,0,0,0,0,0,0,0,0,0,0,0,0,0,0,0,0,0,0,0,0,0,0,0,0,0,0,0,0,0,0,0,0,0,0,0,0,0,0,0,0,0,0,0,0,0,0,0,0,0,0,0,0,0,0,0,0,0,0,0,0,0,0,0,0,0,0,0,0,0,0,0,0,0,0,0,0,0,0,0,0
0,0,0,0,0,0,0,0,0,0,0,0,0,0,0,0,0,0,0,0,0,0,0,0,0,0,0,0,0,0,0,0,0,0,0,0,0,0,0,0,0,0,0,0,0,0,0,0,0,0,0,0,0,0,0,0,0,0,0,0,0,0,0,0,0,0,0,0,0,0,0,0,0,0,0,0,0,0,0,0,0,0,0,0,0,0,0,0,0,0,0,0,0,0,0,0,0,0,0,0,0,0,0,0,0,0,0,0,0,0,0,0,0,0,0,0,0,0,0,0,0,0,0,0,0,0,0,0,0,0,0,0,0,0,0,0,0,0,0,0,0,0,0,0,0,0,0,0,0,0,0,0,0,0,0,0,0,0,0,0,0,0,0,0,0,0,0,0,0,0,0,0,0,0,0,0,0,0,0,0,0,0,0,0,0,0,0,0,0,0,0,0,0,0,0,0,0,0,0,0,0
0,0,0,0,0,0,0,0,0,0,0,0,0,0,0,0,0,0,0,0,0,0,0,0,0,0,0,0,0,0,0,0,0,0,0,0,0,0,0,0,0,0,0,0,0,0,0,0,0,0,0,0,0,0,0,0,0,0,0,0,0,0,0,0,0,0,0,0,0,0,0,0,0,0,0,0,0,0,0,0,0,0,0,0,0,0,0,0,0,0,0,0,0,0,0,0,0,0,0,0,0,0,0,0,0,0,0,0,0,0,0,0,0,0,0,0,0,0,0,0,0,0,0,0,0,0,0,0,0,0,0,0,0,0,0,0,0,0,0,0,0,0,0,0,0,0,0,0,0,0,0,0,0,0,0,0,0,0,0,0,0,0,0,0,0,0,0,0,0,0,0,0,0,0,0,0,0,0,0,0,0,0,0,0,0,0,0,0,0,0,0,0,0,0,0,0,0,0,0,0,0
0,0,0,0,0,0,0,0,0,0,0,0,0,0,0,0,0,0,0,0,0,0,0,0,0,0,0,0,0,0,0,0,0,0,0,0,0,0,0,0,0,0,0,0,0,0,0,0,0,0,0,0,0,0,0,0,0,0,0,0,0,0,0,0,0,0,0,0,0,0,0,0,0,0,0,0,0,0,0,0,0,0,0,0,0,0,0,0,0,0,0,0,0,0,0,0,0,0,0,0,0,0,0,0,0,0,0,0,0,0,0,0,0,0,0,0,0,0,0,0,0,0,0,0,0,0,0,0,0,0,0,0,0,0,0,0,0,0,0,0,0,0,0,0,0,0,0,0,0,0,0,0,0,0,0,0,0,0,0,0,0,0,0,0,0,0,0,0,0,0,0,0,0,0,0,0,0,0,0,0,0,0,0,0,0,0,0,0,0,0,0,0,0,0,0,0,0,0,0,0,0
0,0,0,0,0,0,0,0,0,0,0,0,0,0,0,0,0,0,0,0,0,0,0,0,0,0,0,0,0,0,0,0,0,0,0,0,0,0,0,0,0,0,0,0,0,0,0,0,0,0,0,0,0,0,0,0,0,0,0,0,0,0,0,0,0,0,0,0,0,0,0,0,0,0,0,0,0,0,0,0,0,0,0,0,0,0,0,0,0,0,0,0,0,0,0,0,0,0,0,0,0,0,0,0,0,0,0,0,0,0,0,0,0,0,0,0,0,0,0,0,0,0,0,0,0,0,0,0,0,0,0,0,0,0,0,0,0,0,0,0,0,0,0,0,0,0,0,0,0,0,0,0,0,0,0,0,0,0,0,0,0,0,0,0,0,0,0,0,0,0,0,0,0,0,0,0,0,0,0,0,0,0,0,0,0,0,0,0,0,0,0,0,0,0,0,0,0,0,0,0,0
0,0,0,0,0,0,0,0,0,0,0,0,0,0,0,0,0,0,0,0,0,0,0,0,0,0,0,0,0,0,0,0,0,0,0,0,0,0,0,0,0,0,0,0,0,0,0,0,0,0,0,0,0,0,0,0,0,0,0,0,0,0,0,0,0,0,0,0,0,0,0,0,0,0,0,0,0,0,0,0,0,0,0,0,0,0,0,0,0,0,0,0,0,0,0,0,0,0,0,0,0,0,0,0,0,0,0,0,0,0,0,0,0,0,0,0,0,0,0,0,0,0,0,0,0,0,0,0,0,0,0,0,0,0,0,0,0,0,0,0,0,0,0,0,0,0,0,0,0,0,0,0,0,0,0,0,0,0,0,0,0,0,0,0,0,0,0,0,0,0,0,0,0,0,0,0,0,0,0,0,0,0,0,0,0,0,0,0,0,0,0,0,0,0,0,0,0,0,0,0,0
0,0,0,0,0,0,0,0,0,0,0,0,0,0,0,0,0,0,0,0,0,0,0,0,0,0,0,0,0,0,0,0,0,0,0,0,0,0,0,0,0,0,0,0,0,0,0,0,0,0,0,0,0,0,0,0,0,0,0,0,0,0,0,0,0,0,0,0,0,0,0,0,0,0,0,0,0,0,0,0,0,0,0,0,0,0,0,0,0,0,0,0,0,0,0,0,0,0,0,0,0,0,0,0,0,0,0,0,0,0,0,0,0,0,0,0,0,0,0,0,0,0,0,0,0,0,0,0,0,0,0,0,0,0,0,0,0,0,0,0,0,0,0,0,0,0,0,0,0,0,0,0,0,0,0,0,0,0,0,0,0,0,0,0,0,0,0,0,0,0,0,0,0,0,0,0,0,0,0,0,0,0,0,0,0,0,0,0,0,0,0,0,0,0,0,0,0,0,0,0,0
0,0,0,0,0,0,0,0,0,0,0,0,0,0,0,0,0,0,0,0,0,0,0,0,0,0,0,0,0,0,0,0,0,0,0,0,0,0,0,0,0,0,0,0,0,0,0,0,0,0,0,0,0,0,0,0,0,0,0,0,0,0,0,0,0,0,0,0,0,0,0,0,0,0,0,0,0,0,0,0,0,0,0,0,0,0,0,0,0,0,0,0,0,0,0,0,0,0,0,0,0,0,0,0,0,0,0,0,0,0,0,0,0,0,0,0,0,0,0,0,0,0,0,0,0,0,0,0,0,0,0,0,0,0,0,0,0,0,0,0,0,0,0,0,0,0,0,0,0,0,0,0,0,0,0,0,0,0,0,0,0,0,0,0,0,0,0,0,0,0,0,0,0,0,0,0,0,0,0,0,0,0,0,0,0,0,0,0,0,0,0,0,0,0,0,0,0,0,0,0,0
0,0,0,0,0,0,0,0,0,0,0,0,0,0,0,0,0,0,0,0,0,0,0,0,0,0,0,0,0,0,0,0,0,0,0,0,0,0,0,0,0,0,0,0,0,0,0,0,0,0,0,0,0,0,0,0,0,0,0,0,0,0,0,0,0,0,0,0,0,0,0,0,0,0,0,0,0,0,0,0,0,0,0,0,0,0,0,0,0,0,0,0,0,0,0,0,0,0,0,0,0,0,0,0,0,0,0,0,0,0,0,0,0,0,0,0,0,0,0,0,0,0,0,0,0,0,0,0,0,0,0,0,0,0,0,0,0,0,0,0,0,0,0,0,0,0,0,0,0,0,0,0,0,0,0,0,0,0,0,0,0,0,0,0,0,0,0,0,0,0,0,0,0,0,0,0,0,0,0,0,0,0,0,0,0,0,0,0,0,0,0,0,0,0,0,0,0,0,0,0,0
0,0,0,0,0,0,0,0,0,0,0,0,0,0,0,0,0,0,0,0,0,0,0,0,0,0,0,0,0,0,0,0,0,0,0,0,0,0,0,0,0,0,0,0,0,0,0,0,0,0,0,0,0,0,0,0,0,0,0,0,0,0,0,0,0,0,0,0,0,0,0,0,0,0,0,0,0,0,0,0,0,0,0,0,0,0,0,0,0,0,0,0,0,0,0,0,0,0,0,0,0,0,0,0,0,0,0,0,0,0,0,0,0,0,0,0,0,0,0,0,0,0,0,0,0,0,0,0,0,0,0,0,0,0,0,0,0,0,0,0,0,0,0,0,0,0,0,0,0,0,0,0,0,0,0,0,0,0,0,0,0,0,0,0,0,0,0,0,0,0,0,0,0,0,0,0,0,0,0,0,0,0,0,0,0,0,0,0,0,0,0,0,0,0,0,0,0,0,0,0,0
0,0,0,0,0,0,0,0,0,0,0,0,0,0,0,0,0,0,0,0,0,0,0,0,0,0,0,0,0,0,0,0,0,0,0,0,0,0,0,0,0,0,0,0,0,0,0,0,0,0,0,0,0,0,0,0,0,0,0,0,0,0,0,0,0,0,0,0,0,0,0,0,0,0,0,0,0,0,0,0,0,0,0,0,0,0,0,0,0,0,0,0,0,0,0,0,0,0,0,0,0,0,0,0,0,0,0,0,0,0,0,0,0,0,0,0,0,0,0,0,0,0,0,0,0,0,0,0,0,0,0,0,0,0,0,0,0,0,0,0,0,0,0,0,0,0,0,0,0,0,0,0,0,0,0,0,0,0,0,0,0,0,0,0,0,0,0,0,0,0,0,0,0,0,0,0,0,0,0,0,0,0,0,0,0,0,0,0,0,0,0,0,0,0,0,0,0,0,0,0,0
0,0,0,0,0,0,0,0,0,0,0,0,0,0,0,0,0,0,0,0,0,0,0,0,0,0,0,0,0,0,0,0,0,0,0,0,0,0,0,0,0,0,0,0,0,0,0,0,0,0,0,0,0,0,0,0,0,0,0,0,0,0,0,0,0,0,0,0,0,0,0,0,0,0,0,0,0,0,0,0,0,0,0,0,0,0,0,0,0,0,0,0,0,0,0,0,0,0,0,0,0,0,0,0,0,0,0,0,0,0,0,0,0,0,0,0,0,0,0,0,0,0,0,0,0,0,0,0,0,0,0,0,0,0,0,0,0,0,0,0,0,0,0,0,0,0,0,0,0,0,0,0,0,0,0,0,0,0,0,0,0,0,0,0,0,0,0,0,0,0,0,0,0,0,0,0,0,0,0,0,0,0,0,0,0,0,0,0,0,0,0,0,0,0,0,0,0,0,0,0,0
0,0,0,0,0,0,0,0,0,0,0,0,0,0,0,0,0,0,0,0,0,0,0,0,0,0,0,0,0,0,0,0,0,0,0,0,0,0,0,0,0,0,0,0,0,0,0,0,0,0,0,0,0,0,0,0,0,0,0,0,0,0,0,0,0,0,0,0,0,0,0,0,0,0,0,0,0,0,0,0,0,0,0,0,0,0,0,0,0,0,0,0,0,0,0,0,0,0,0,0,0,0,0,0,0,0,0,0,0,0,0,0,0,0,0,0,0,0,0,0,0,0,0,0,0,0,0,0,0,0,0,0,0,0,0,0,0,0,0,0,0,0,0,0,0,0,0,0,0,0,0,0,0,0,0,0,0,0,0,0,0,0,0,0,0,0,0,0,0,0,0,0,0,0,0,0,0,0,0,0,0,0,0,0,0,0,0,0,0,0,0,0,0,0,0,0,0,0,0,0,0
0,0,0,0,0,0,0,0,0,0,0,0,0,0,0,0,0,0,0,0,0,0,0,0,0,0,0,0,0,0,0,0,0,0,0,0,0,0,0,0,0,0,0,0,0,0,0,0,0,0,0,0,0,0,0,0,0,0,0,0,0,0,0,0,0,0,0,0,0,0,0,0,0,0,0,0,0,0,0,0,0,0,0,0,0,0,0,0,0,0,0,0,0,0,0,0,0,0,0,0,0,0,0,0,0,0,0,0,0,0,0,0,0,0,0,0,0,0,0,0,0,0,0,0,0,0,0,0,0,0,0,0,0,0,0,0,0,0,0,0,0,0,0,0,0,0,0,0,0,0,0,0,0,0,0,0,0,0,0,0,0,0,0,0,0,0,0,0,0,0,0,0,0,0,0,0,0,0,0,0,0,0,0,0,0,0,0,0,0,0,0,0,0,0,0,0,0,0,0,0,0
0,0,0,0,0,0,0,0,0,0,0,0,0,0,0,0,0,0,0,0,0,0,0,0,0,0,0,0,0,0,0,0,0,0,0,0,0,0,0,0,0,0,0,0,0,0,0,0,0,0,0,0,0,0,0,0,0,0,0,0,0,0,0,0,0,0,0,0,0,0,0,0,0,0,0,0,0,0,0,0,0,0,0,0,0,0,0,0,0,0,0,0,0,0,0,0,0,0,0,0,0,0,0,0,0,0,0,0,0,0,0,0,0,0,0,0,0,0,0,0,0,0,0,0,0,0,0,0,0,0,0,0,0,0,0,0,0,0,0,0,0,0,0,0,0,0,0,0,0,0,0,0,0,0,0,0,0,0,0,0,0,0,0,0,0,0,0,0,0,0,0,0,0,0,0,0,0,0,0,0,0,0,0,0,0,0,0,0,0,0,0,0,0,0,0,0,0,0,0,0,0
0,0,0,0,0,0,0,0,0,0,0,0,0,0,0,0,0,0,0,0,0,0,0,0,0,0,0,0,0,0,0,0,0,0,0,0,0,0,0,0,0,0,0,0,0,0,0,0,0,0,0,0,0,0,0,0,0,0,0,0,0,0,0,0,0,0,0,0,0,0,0,0,0,0,0,0,0,0,0,0,0,0,0,0,0,0,0,0,0,0,0,0,0,0,0,0,0,0,0,0,0,0,0,0,0,0,0,0,0,0,0,0,0,0,0,0,0,0,0,0,0,0,0,0,0,0,0,0,0,0,0,0,0,0,0,0,0,0,0,0,0,0,0,0,0,0,0,0,0,0,0,0,0,0,0,0,0,0,0,0,0,0,0,0,0,0,0,0,0,0,0,0,0,0,0,0,0,0,0,0,0,0,0,0,0,0,0,0,0,0,0,0,0,0,0,0,0,0,0,0,0
0,0,0,0,0,0,0,0,0,0,0,0,0,0,0,0,0,0,0,0,0,0,0,0,0,0,0,0,0,0,0,0,0,0,0,0,0,0,0,0,0,0,0,0,0,0,0,0,0,0,0,0,0,0,0,0,0,0,0,0,0,0,0,0,0,0,0,0,0,0,0,0,0,0,0,0,0,0,0,0,0,0,0,0,0,0,0,0,0,0,0,0,0,0,0,0,0,0,0,0,0,0,0,0,0,0,0,0,0,0,0,0,0,0,0,0,0,0,0,0,0,0,0,0,0,0,0,0,0,0,0,0,0,0,0,0,0,0,0,0,0,0,0,0,0,0,0,0,0,0,0,0,0,0,0,0,0,0,0,0,0,0,0,0,0,0,0,0,0,0,0,0,0,0,0,0,0,0,0,0,0,0,0,0,0,0,0,0,0,0,0,0,0,0,0,0,0,0,0,0,0
0,0,0,0,0,0,0,0,0,0,0,0,0,0,0,0,0,0,0,0,0,0,0,0,0,0,0,0,0,0,0,0,0,0,0,0,0,0,0,0,0,0,0,0,0,0,0,0,0,0,0,0,0,0,0,0,0,0,0,0,0,0,0,0,0,0,0,0,0,0,0,0,0,0,0,0,0,0,0,0,0,0,0,0,0,0,0,0,0,0,0,0,0,0,0,0,0,0,0,0,0,0,0,0,0,0,0,0,0,0,0,0,0,0,0,0,0,0,0,0,0,0,0,0,0,0,0,0,0,0,0,0,0,0,0,0,0,0,0,0,0,0,0,0,0,0,0,0,0,0,0,0,0,0,0,0,0,0,0,0,0,0,0,0,0,0,0,0,0,0,0,0,0,0,0,0,0,0,0,0,0,0,0,0,0,0,0,0,0,0,0,0,0,0,0,0,0,0,0,0,0
0,0,0,0,0,0,0,0,0,0,0,0,0,0,0,0,0,0,0,0,0,0,0,0,0,0,0,0,0,0,0,0,0,0,0,0,0,0,0,0,0,0,0,0,0,0,0,0,0,0,0,0,0,0,0,0,0,0,0,0,0,0,0,0,0,0,0,0,0,0,0,0,0,0,0,0,0,0,0,0,0,0,0,0,0,0,0,0,0,0,0,0,0,0,0,0,0,0,0,0,0,0,0,0,0,0,0,0,0,0,0,0,0,0,0,0,0,0,0,0,0,0,0,0,0,0,0,0,0,0,0,0,0,0,0,0,0,0,0,0,0,0,0,0,0,0,0,0,0,0,0,0,0,0,0,0,0,0,0,0,0,0,0,0,0,0,0,0,0,0,0,0,0,0,0,0,0,0,0,0,0,0,0,0,0,0,0,0,0,0,0,0,0,0,0,0,0,0,0,0,0
0,0,0,0,0,0,0,0,0,0,0,0,0,0,0,0,0,0,0,0,0,0,0,0,0,0,0,0,0,0,0,0,0,0,0,0,0,0,0,0,0,0,0,0,0,0,0,0,0,0,0,0,0,0,0,0,0,0,0,0,0,0,0,0,0,0,0,0,0,0,0,0,0,0,0,0,0,0,0,0,0,0,0,0,0,0,0,0,0,0,0,0,0,0,0,0,0,0,0,0,0,0,0,0,0,0,0,0,0,0,0,0,0,0,0,0,0,0,0,0,0,0,0,0,0,0,0,0,0,0,0,0,0,0,0,0,0,0,0,0,0,0,0,0,0,0,0,0,0,0,0,0,0,0,0,0,0,0,0,0,0,0,0,0,0,0,0,0,0,0,0,0,0,0,0,0,0,0,0,0,0,0,0,0,0,0,0,0,0,0,0,0,0,0,0,0,0,0,0,0,0
0,0,0,0,0,0,0,0,0,0,0,0,0,0,0,0,0,0,0,0,0,0,0,0,0,0,0,0,0,0,0,0,0,0,0,0,0,0,0,0,0,0,0,0,0,0,0,0,0,0,0,0,0,0,0,0,0,0,0,0,0,0,0,0,0,0,0,0,0,0,0,0,0,0,0,0,0,0,0,0,0,0,0,0,0,0,0,0,0,0,0,0,0,0,0,0,0,0,0,0,0,0,0,0,0,0,0,0,0,0,0,0,0,0,0,0,0,0,0,0,0,0,0,0,0,0,0,0,0,0,0,0,0,0,0,0,0,0,0,0,0,0,0,0,0,0,0,0,0,0,0,0,0,0,0,0,0,0,0,0,0,0,0,0,0,0,0,0,0,0,0,0,0,0,0,0,0,0,0,0,0,0,0,0,0,0,0,0,0,0,0,0,0,0,0,0,0,0,0,0,0
0,0,0,0,0,0,0,0,0,0,0,0,0,0,0,0,0,0,0,0,0,0,0,0,0,0,0,0,0,0,0,0,0,0,0,0,0,0,0,0,0,0,0,0,0,0,0,0,0,0,0,0,0,0,0,0,0,0,0,0,0,0,0,0,0,0,0,0,0,0,0,0,0,0,0,0,0,0,0,0,0,0,0,0,0,0,0,0,0,0,0,0,0,0,0,0,0,0,0,0,0,0,0,0,0,0,0,0,0,0,0,0,0,0,0,0,0,0,0,0,0,0,0,0,0,0,0,0,0,0,0,0,0,0,0,0,0,0,0,0,0,0,0,0,0,0,0,0,0,0,0,0,0,0,0,0,0,0,0,0,0,0,0,0,0,0,0,0,0,0,0,0,0,0,0,0,0,0,0,0,0,0,0,0,0,0,0,0,0,0,0,0,0,0,0,0,0,0,0,0,0
0,0,0,0,0,0,0,0,0,0,0,0,0,0,0,0,0,0,0,0,0,0,0,0,0,0,0,0,0,0,0,0,0,0,0,0,0,0,0,0,0,0,0,0,0,0,0,0,0,0,0,0,0,0,0,0,0,0,0,0,0,0,0,0,0,0,0,0,0,0,0,0,0,0,0,0,0,0,0,0,0,0,0,0,0,0,0,0,0,0,0,0,0,0,0,0,0,0,0,0,0,0,0,0,0,0,0,0,0,0,0,0,0,0,0,0,0,0,0,0,0,0,0,0,0,0,0,0,0,0,0,0,0,0,0,0,0,0,0,0,0,0,0,0,0,0,0,0,0,0,0,0,0,0,0,0,0,0,0,0,0,0,0,0,0,0,0,0,0,0,0,0,0,0,0,0,0,0,0,0,0,0,0,0,0,0,0,0,0,0,0,0,0,0,0,0,0,0,0,0,0
0,0,0,0,0,0,0,0,0,0,0,0,0,0,0,0,0,0,0,0,0,0,0,0,0,0,0,0,0,0,0,0,0,0,0,0,0,0,0,0,0,0,0,0,0,0,0,0,0,0,0,0,0,0,0,0,0,0,0,0,0,0,0,0,0,0,0,0,0,0,0,0,0,0,0,0,0,0,0,0,0,0,0,0,0,0,0,0,0,0,0,0,0,0,0,0,0,0,0,0,0,0,0,0,0,0,0,0,0,0,0,0,0,0,0,0,0,0,0,0,0,0,0,0,0,0,0,0,0,0,0,0,0,0,0,0,0,0,0,0,0,0,0,0,0,0,0,0,0,0,0,0,0,0,0,0,0,0,0,0,0,0,0,0,0,0,0,0,0,0,0,0,0,0,0,0,0,0,0,0,0,0,0,0,0,0,0,0,0,0,0,0,0,0,0,0,0,0,0,0,0
0,0,0,0,0,0,0,0,0,0,0,0,0,0,0,0,0,0,0,0,0,0,0,0,0,0,0,0,0,0,0,0,0,0,0,0,0,0,0,0,0,0,0,0,0,0,0,0,0,0,0,0,0,0,0,0,0,0,0,0,0,0,0,0,0,0,0,0,0,0,0,0,0,0,0,0,0,0,0,0,0,0,0,0,0,0,0,0,0,0,0,0,0,0,0,0,0,0,0,0,0,0,0,0,0,0,0,0,0,0,0,0,0,0,0,0,0,0,0,0,0,0,0,0,0,0,0,0,0,0,0,0,0,0,0,0,0,0,0,0,0,0,0,0,0,0,0,0,0,0,0,0,0,0,0,0,0,0,0,0,0,0,0,0,0,0,0,0,0,0,0,0,0,0,0,0,0,0,0,0,0,0,0,0,0,0,0,0,0,0,0,0,0,0,0,0,0,0,0,0,0
0,0,0,0,0,0,0,0,0,0,0,0,0,0,0,0,0,0,0,0,0,0,0,0,0,0,0,0,0,0,0,0,0,0,0,0,0,0,0,0,0,0,0,0,0,0,0,0,0,0,0,0,0,0,0,0,0,0,0,0,0,0,0,0,0,0,0,0,0,0,0,0,0,0,0,0,0,0,0,0,0,0,0,0,0,0,0,0,0,0,0,0,0,0,0,0,0,0,0,0,0,0,0,0,0,0,0,0,0,0,0,0,0,0,0,0,0,0,0,0,0,0,0,0,0,0,0,0,0,0,0,0,0,0,0,0,0,0,0,0,0,0,0,0,0,0,0,0,0,0,0,0,0,0,0,0,0,0,0,0,0,0,0,0,0,0,0,0,0,0,0,0,0,0,0,0,0,0,0,0,0,0,0,0,0,0,0,0,0,0,0,0,0,0,0,0,0,0,0,0,0
0,0,0,0,0,0,0,0,0,0,0,0,0,0,0,0,0,0,0,0,0,0,0,0,0,0,0,0,0,0,0,0,0,0,0,0,0,0,0,0,0,0,0,0,0,0,0,0,0,0,0,0,0,0,0,0,0,0,0,0,0,0,0,0,0,0,0,0,0,0,0,0,0,0,0,0,0,0,0,0,0,0,0,0,0,0,0,0,0,0,0,0,0,0,0,0,0,0,0,0,0,0,0,0,0,0,0,0,0,0,0,0,0,0,0,0,0,0,0,0,0,0,0,0,0,0,0,0,0,0,0,0,0,0,0,0,0,0,0,0,0,0,0,0,0,0,0,0,0,0,0,0,0,0,0,0,0,0,0,0,0,0,0,0,0,0,0,0,0,0,0,0,0,0,0,0,0,0,0,0,0,0,0,0,0,0,0,0,0,0,0,0,0,0,0,0,0,0,0,0,0
0,0,0,0,0,0,0,0,0,0,0,0,0,0,0,0,0,0,0,0,0,0,0,0,0,0,0,0,0,0,0,0,0,0,0,0,0,0,0,0,0,0,0,0,0,0,0,0,0,0,0,0,0,0,0,0,0,0,0,0,0,0,0,0,0,0,0,0,0,0,0,0,0,0,0,0,0,0,0,0,0,0,0,0,0,0,0,0,0,0,0,0,0,0,0,0,0,0,0,0,0,0,0,0,0,0,0,0,0,0,0,0,0,0,0,0,0,0,0,0,0,0,0,0,0,0,0,0,0,0,0,0,0,0,0,0,0,0,0,0,0,0,0,0,0,0,0,0,0,0,0,0,0,0,0,0,0,0,0,0,0,0,0,0,0,0,0,0,0,0,0,0,0,0,0,0,0,0,0,0,0,0,0,0,0,0,0,0,0,0,0,0,0,0,0,0,0,0,0,0,0
0,0,0,0,0,0,0,0,0,0,0,0,0,0,0,0,0,0,0,0,0,0,0,0,0,0,0,0,0,0,0,0,0,0,0,0,0,0,0,0,0,0,0,0,0,0,0,0,0,0,0,0,0,0,0,0,0,0,0,0,0,0,0,0,0,0,0,0,0,0,0,0,0,0,0,0,0,0,0,0,0,0,0,0,0,0,0,0,0,0,0,0,0,0,0,0,0,0,0,0,0,0,0,0,0,0,0,0,0,0,0,0,0,0,0,0,0,0,0,0,0,0,0,0,0,0,0,0,0,0,0,0,0,0,0,0,0,0,0,0,0,0,0,0,0,0,0,0,0,0,0,0,0,0,0,0,0,0,0,0,0,0,0,0,0,0,0,0,0,0,0,0,0,0,0,0,0,0,0,0,0,0,0,0,0,0,0,0,0,0,0,0,0,0,0,0,0,0,0,0,0
0,0,0,0,0,0,0,0,0,0,0,0,0,0,0,0,0,0,0,0,0,0,0,0,0,0,0,0,0,0,0,0,0,0,0,0,0,0,0,0,0,0,0,0,0,0,0,0,0,0,0,0,0,0,0,0,0,0,0,0,0,0,0,0,0,0,0,0,0,0,0,0,0,0,0,0,0,0,0,0,0,0,0,0,0,0,0,0,0,0,0,0,0,0,0,0,0,0,0,0,0,0,0,0,0,0,0,0,0,0,0,0,0,0,0,0,0,0,0,0,0,0,0,0,0,0,0,0,0,0,0,0,0,0,0,0,0,0,0,0,0,0,0,0,0,0,0,0,0,0,0,0,0,0,0,0,0,0,0,0,0,0,0,0,0,0,0,0,0,0,0,0,0,0,0,0,0,0,0,0,0,0,0,0,0,0,0,0,0,0,0,0,0,0,0,0,0,0,0,0,0
0,0,0,0,0,0,0,0,0,0,0,0,0,0,0,0,0,0,0,0,0,0,0,0,0,0,0,0,0,0,0,0,0,0,0,0,0,0,0,0,0,0,0,0,0,0,0,0,0,0,0,0,0,0,0,0,0,0,0,0,0,0,0,0,0,0,0,0,0,0,0,0,0,0,0,0,0,0,0,0,0,0,0,0,0,0,0,0,0,0,0,0,0,0,0,0,0,0,0,0,0,0,0,0,0,0,0,0,0,0,0,0,0,0,0,0,0,0,0,0,0,0,0,0,0,0,0,0,0,0,0,0,0,0,0,0,0,0,0,0,0,0,0,0,0,0,0,0,0,0,0,0,0,0,0,0,0,0,0,0,0,0,0,0,0,0,0,0,0,0,0,0,0,0,0,0,0,0,0,0,0,0,0,0,0,0,0,0,0,0,0,0,0,0,0,0,0,0,0,0,0
0,0,0,0,0,0,0,0,0,0,0,0,0,0,0,0,0,0,0,0,0,0,0,0,0,0,0,0,0,0,0,0,0,0,0,0,0,0,0,0,0,0,0,0,0,0,0,0,0,0,0,0,0,0,0,0,0,0,0,0,0,0,0,0,0,0,0,0,0,0,0,0,0,0,0,0,0,0,0,0,0,0,0,0,0,0,0,0,0,0,0,0,0,0,0,0,0,0,0,0,0,0,0,0,0,0,0,0,0,0,0,0,0,0,0,0,0,0,0,0,0,0,0,0,0,0,0,0,0,0,0,0,0,0,0,0,0,0,0,0,0,0,0,0,0,0,0,0,0,0,0,0,0,0,0,0,0,0,0,0,0,0,0,0,0,0,0,0,0,0,0,0,0,0,0,0,0,0,0,0,0,0,0,0,0,0,0,0,0,0,0,0,0,0,0,0,0,0,0,0,0
0,0,0,0,0,0,0,0,0,0,0,0,0,0,0,0,0,0,0,0,0,0,0,0,0,0,0,0,0,0,0,0,0,0,0,0,0,0,0,0,0,0,0,0,0,0,0,0,0,0,0,0,0,0,0,0,0,0,0,0,0,0,0,0,0,0,0,0,0,0,0,0,0,0,0,0,0,0,0,0,0,0,0,0,0,0,0,0,0,0,0,0,0,0,0,0,0,0,0,0,0,0,0,0,0,0,0,0,0,0,0,0,0,0,0,0,0,0,0,0,0,0,0,0,0,0,0,0,0,0,0,0,0,0,0,0,0,0,0,0,0,0,0,0,0,0,0,0,0,0,0,0,0,0,0,0,0,0,0,0,0,0,0,0,0,0,0,0,0,0,0,0,0,0,0,0,0,0,0,0,0,0,0,0,0,0,0,0,0,0,0,0,0,0,0,0,0,0,0,0,0
0,0,0,0,0,0,0,0,0,0,0,0,0,0,0,0,0,0,0,0,0,0,0,0,0,0,0,0,0,0,0,0,0,0,0,0,0,0,0,0,0,0,0,0,0,0,0,0,0,0,0,0,0,0,0,0,0,0,0,0,0,0,0,0,0,0,0,0,0,0,0,0,0,0,0,0,0,0,0,0,0,0,0,0,0,0,0,0,0,0,0,0,0,0,0,0,0,0,0,0,0,0,0,0,0,0,0,0,0,0,0,0,0,0,0,0,0,0,0,0,0,0,0,0,0,0,0,0,0,0,0,0,0,0,0,0,0,0,0,0,0,0,0,0,0,0,0,0,0,0,0,0,0,0,0,0,0,0,0,0,0,0,0,0,0,0,0,0,0,0,0,0,0,0,0,0,0,0,0,0,0,0,0,0,0,0,0,0,0,0,0,0,0,0,0,0,0,0,0,0,0
0,0,0,0,0,0,0,0,0,0,0,0,0,0,0,0,0,0,0,0,0,0,0,0,0,0,0,0,0,0,0,0,0,0,0,0,0,0,0,0,0,0,0,0,0,0,0,0,0,0,0,0,0,0,0,0,0,0,0,0,0,0,0,0,0,0,0,0,0,0,0,0,0,0,0,0,0,0,0,0,0,0,0,0,0,0,0,0,0,0,0,0,0,0,0,0,0,0,0,0,0,0,0,0,0,0,0,0,0,0,0,0,0,0,0,0,0,0,0,0,0,0,0,0,0,0,0,0,0,0,0,0,0,0,0,0,0,0,0,0,0,0,0,0,0,0,0,0,0,0,0,0,0,0,0,0,0,0,0,0,0,0,0,0,0,0,0,0,0,0,0,0,0,0,0,0,0,0,0,0,0,0,0,0,0,0,0,0,0,0,0,0,0,0,0,0,0,0,0,0,0
0,0,0,0,0,0,0,0,0,0,0,0,0,0,0,0,0,0,0,0,0,0,0,0,0,0,0,0,0,0,0,0,0,0,0,0,0,0,0,0,0,0,0,0,0,0,0,0,0,0,0,0,0,0,0,0,0,0,0,0,0,0,0,0,0,0,0,0,0,0,0,0,0,0,0,0,0,0,0,0,0,0,0,0,0,0,0,0,0,0,0,0,0,0,0,0,0,0,0,0,0,0,0,0,0,0,0,0,0,0,0,0,0,0,0,0,0,0,0,0,0,0,0,0,0,0,0,0,0,0,0,0,0,0,0,0,0,0,0,0,0,0,0,0,0,0,0,0,0,0,0,0,0,0,0,0,0,0,0,0,0,0,0,0,0,0,0,0,0,0,0,0,0,0,0,0,0,0,0,0,0,0,0,0,0,0,0,0,0,0,0,0,0,0,0,0,0,0,0,0,0
0,0,0,0,0,0,0,0,0,0,0,0,0,0,0,0,0,0,0,0,0,0,0,0,0,0,0,0,0,0,0,0,0,0,0,0,0,0,0,0,0,0,0,0,0,0,0,0,0,0,0,0,0,0,0,0,0,0,0,0,0,0,0,0,0,0,0,0,0,0,0,0,0,0,0,0,0,0,0,0,0,0,0,0,0,0,0,0,0,0,0,0,0,0,0,0,0,0,0,0,0,0,0,0,0,0,0,0,0,0,0,0,0,0,0,0,0,0,0,0,0,0,0,0,0,0,0,0,0,0,0,0,0,0,0,0,0,0,0,0,0,0,0,0,0,0,0,0,0,0,0,0,0,0,0,0,0,0,0,0,0,0,0,0,0,0,0,0,0,0,0,0,0,0,0,0,0,0,0,0,0,0,0,0,0,0,0,0,0,0,0,0,0,0,0,0,0,0,0,0,0
0,0,0,0,0,0,0,0,0,0,0,0,0,0,0,0,0,0,0,0,0,0,0,0,0,0,0,0,0,0,0,0,0,0,0,0,0,0,0,0,0,0,0,0,0,0,0,0,0,0,0,0,0,0,0,0,0,0,0,0,0,0,0,0,0,0,0,0,0,0,0,0,0,0,0,0,0,0,0,0,0,0,0,0,0,0,0,0,0,0,0,0,0,0,0,0,0,0,0,0,0,0,0,0,0,0,0,0,0,0,0,0,0,0,0,0,0,0,0,0,0,0,0,0,0,0,0,0,0,0,0,0,0,0,0,0,0,0,0,0,0,0,0,0,0,0,0,0,0,0,0,0,0,0,0,0,0,0,0,0,0,0,0,0,0,0,0,0,0,0,0,0,0,0,0,0,0,0,0,0,0,0,0,0,0,0,0,0,0,0,0,0,0,0,0,0,0,0,0,0,0
0,0,0,0,0,0,0,0,0,0,0,0,0,0,0,0,0,0,0,0,0,0,0,0,0,0,0,0,0,0,0,0,0,0,0,0,0,0,0,0,0,0,0,0,0,0,0,0,0,0,0,0,0,0,0,0,0,0,0,0,0,0,0,0,0,0,0,0,0,0,0,0,0,0,0,0,0,0,0,0,0,0,0,0,0,0,0,0,0,0,0,0,0,0,0,0.95858,0.18865,0.52223,0.65456,0.45413,0.45112,0.6413,0.41576,0.89907,0.45485,0.935,0,0,0,0,0,0,0,0,0,0,0,0,0,0,0,0,0,0,0,0,0,0,0,0,0,0,0,0,0,0,0,0,0,0,0,0,0,0,0,0,0,0,0,0,0,0,0,0,0,0,0,0,0,0,0,0,0,0,0,0,0,0,0,0,0,0,0,0,0,0,0,0,0,0,0,0,0,0,0,0,0,0,0,0,0,0,0,0,0,0,0,0,0,0,0
0,0,0,0,0,0,0,0,0,0,0,0,0,0,0,0,0,0,0,0,0,0,0,0,0,0,0,0,0,0,0,0,0,0,0,0,0,0,0,0,0,0,0,0,0,0,0,0,0,0,0,0,0,0,0,0,0,0,0,0,0,0,0,0,0,0,0,0,0,0,0,0,0,0,0,0,0,0,0,0,0,0,0,0,0,0,0,0,0,0,0,0.062035,0.54879,0.76177,0.8464,0.77061,0.89823,0.97469,0.98084,1.2872,2.1736,1.296,1.0185,1.4735,0.8954,0.89299,1.3057,0.52176,0.55959,0.94857,0,0,0,0,0,0,0,0,0,0,0,0,0,0,0,0,0,0,0,0,0,0,0,0,0,0,0,0,0,0,0,0,0,0,0,0,0,0,0,0,0,0,0,0,0,0,0,0,0,0,0,0,0,0,0,0,0,0,0,0,0,0,0,0,0,0,0,0,0,0,0,0,0,0,0,0,0,0,0,0,0,0,0,0,0,0,0,0,0,0,0
0,0,0,0,0,0,0,0,0,0,0,0,0,0,0,0,0,0,0,0,0,0,0,0,0,0,0,0,0,0,0,0,0,0,0,0,0,0,0,0,0,0,0,0,0,0,0,0,0,0,0,0,0,0,0,0,0,0,0,0,0,0,0,0,0,0,0,0,0,0,0,0,0,0,0,0,0,0,0,0,0,0,0,0,0,0,1.0074,0.25789,0.44237,0.16863,0.61635,0.67981,0.78274,1.1114,1.2731,1.3955,1.708,1.7918,2.0244,2.838,2.8219,2.4251,2.289,2.0474,1.6321,1.8811,2.0194,1.3965,1.0257,1.0099,0.91802,1.2345,2.079,1.126,0,0,0,0,0,0,0,0,0,0,0,0,0,0,0,0,0,0,0,0,0,0,0,0,0,0,0,0,0,0,0,0,0,0,0,0,0,0,0,0,0,0,0,0,0,0,0,0,0,0,0,0,0,0,0,0,0,0,0,0,0,0,0,0,0,0,0,0,0,0,0,0,0,0,0,0,0,0,0,0,0,0,0,0,0,0,0
0,0,0,0,0,0,0,0,0,0,0,0,0,0,0,0,0,0,0,0,0,0,0,0,0,0,0,0,0,0,0,0,0,0,0,0,0,0,0,0,0,0,0,0,0,0,0,0,0,0,0,0,0,0,0,0,0,0,0,0,0,0,0,0,0,0,0,0,0,0,0,0,0,0,0,0,0,0,0,0,0,0,0,0.27316,0.65115,0.63194,0.43567,0.81526,0.74418,1.0453,1.2839,1.2207,3.0138,1.7903,1.9513,1.7455,2.0891,2.7318,2.6393,2.4649,2.7788,2.7395,3.2269,2.5338,2.5128,3.7338,2.4578,2.1856,2.2524,1.8506,1.77,1.6705,1.4412,1.3015,1.7892,1.1982,1.0665,5.5156,2.0853,0,0,0,0,0,0,0,0,0,0,0,0,0,0,0,0,0,0,0,0,0,0,0,0,0,0,0,0,0,0,0,0,0,0,0,0,0,0,0,0,0,0,0,0,0,0,0,0,0,0,0,0,0,0,0,0,0,0,0,0,0,0,0,0,0,0,0,0,0,0,0,0,0,0,0,0,0,0,0,0,0,0
0,0,0,0,0,0,0,0,0,0,0,0,0,0,0,0,0,0,0,0,0,0,0,0,0,0,0,0,0,0,0,0,0,0,0,0,0,0,0,0,0,0,0,0,0,0,0,0,0,0,0,0,0,0,0,0,0,0,0,0,0,0,0,0,0,0,0,0,0,0,0,0,0,0,0,0,0,0,0,0.39264,0.36527,0.45541,1.2709,1.0025,1.5193,1.1612,1.0836,0.89823,1.4903,1.2606,2.4894,1.5848,2.2045,3.7712,2.4373,2.4003,4.2427,3.3264,3.5483,3.7005,3.2293,3.9001,4.358,3.7234,7.0695,4.0238,3.5831,4.6078,3.3285,2.9009,2.6365,2.6538,2.8689,2.4919,2.259,1.7893,2.2029,1.1443,1.763,1.2695,0.48468,0,0,0,0,0,0,0,0,0,0,0,0,0,0,0,0,0,0,0,0,0,0,0,0,0,0,0,0,0,0,0,0,0,0,0,0,0,0,0,0,0,0,0,0,0,0,0,0,0,0,0,0,0,0,0,0,0,0,0,0,0,0,0,0,0,0,0,0,0,0,0,0,0,0,0,0,0,0,0,0
0,0,0,0,0,0,0,0,0,0,0,0,0,0,0,0,0,0,0,0,0,0,0,0,0,0,0,0,0,0,0,0,0,0,0,0,0,0,0,0,0,0,0,0,0,0,0,0,0,0,0,0,0,0,0,0,0,0,0,0,0,0,0,0,0,0,0,0,0,0,0,0,0,0,0,0,0,0.63839,1.0648,0.60742,1.0301,0.88501,1.2926,1.8889,1.5748,1.6633,1.9005,1.6616,2.532,2.1409,1.8926,2.7215,2.249,3.3939,3.2756,3.8086,3.1618,3.4279,4.0471,3.8415,5.2207,4.2572,4.0803,4.1206,3.4319,3.7071,4.3367,6.3046,3.5908,3.6069,4.0082,4.0354,2.9577,2.9089,3.491,3.2431,2.7693,2.4408,2.5003,2.3206,1.6362,3.4922,1.7124,1.1331,0,0,0,0,0,0,0,0,0,0,0,0,0,0,0,0,0,0,0,0,0,0,0,0,0,0,0,0,0,0,0,0,0,0,0,0,0,0,0,0,0,0,0,0,0,0,0,0,0,0,0,0,0,0,0,0,0,0,0,0,0,0,0,0,0,0,0,0,0,0,0,0,0,0,0,0,0
0,0,0,0,0,0,0,0,0,0,0,0,0,0,0,0,0,0,0,0,0,0,0,0,0,0,0,0,0,0,0,0,0,0,0,0,0,0,0,0,0,0,0,0,0,0,0,0,0,0,0,0,0,0,0,0,0,0,0,0,0,0,0,0,0,0,0,0,0,0,0,0,0,0,0,0.36666,1.0667,2.2276,1.9545,1.2587,2.6405,1.8737,2.5164,2.2261,2.5319,2.2153,3.0093,2.825,2.6404,3.0325,3.1998,2.9953,4.3026,4.1731,3.3813,4.453,3.5451,3.5369,4.2683,3.4337,4.9394,3.7182,4.1288,3.9509,6.1987,4.0627,4.1256,3.958,4.2326,4.3751,4.8474,4.5597,4.575,5.5069,4.6206,3.7601,4.1947,3.1408,4.1039,3.4419,3.5629,1.9943,1.8253,1.4611,1.3398,0.55266,0,0,0,0,0,0,0,0,0,0,0,0,0,0,0,0,0,0,0,0,0,0,0,0,0,0,0,0,0,0,0,0,0,0,0,0,0,0,0,0,0,0,0,0,0,0,0,0,0,0,0,0,0,0,0,0,0,0,0,0,0,0,0,0,0,0,0,0,0,0,0,0,0,0,0
0,0,0,0,0,0,0,0,0,0,0,0,0,0,0,0,0,0,0,0,0,0,0,0,0,0,0,0,0,0,0,0,0,0,0,0,0,0,0,0,0,0,0,0,0,0,0,0,0,0,0,0,0,0,0,0,0,0,0,0,0,0,0,0,0,0,0,0,0,0,0,0,0,0.20555,0.52233,1.3387,1.7675,1.9971,2.135,1.8158,2.6685,3.0803,2.6373,3.1744,3.3481,3.0135,3.533,2.5581,2.9343,2.928,3.6863,3.2789,5.0312,4.0564,3.2138,3.9044,3.3515,3.6801,4.1478,4.2727,4.3267,5.7048,4.146,3.5968,4.3941,4.025,4.3306,4.7279,4.2891,5.2759,4.5346,4.9353,4.5215,5.0385,5.1151,4.9717,4.8959,6.3657,5.132,4.1296,3.6406,2.9673,3.1574,2.7011,2.6185,2.0675,0.77322,0.72639,4.6718,0,0,0,0,0,0,0,0,0,0,0,0,0,0,0,0,0,0,0,0,0,0,0,0,0,0,0,0,0,0,0,0,0,0,0,0,0,0,0,0,0,0,0,0,0,0,0,0,0,0,0,0,0,0,0,0,0,0,0,0,0,0,0,0,0,0,0,0,0,0,0,0
0,0,0,0,0,0,0,0,0,0,0,0,0,0,0,0,0,0,0,0,0,0,0,0,0,0,0,0,0,0,0,0,0,0,0,0,0,0,0,0,0,0,0,0,0,0,0,0,0,0,0,0,0,0,0,0,0,0,0,0,0,0,0,0,0,0,0,0,0,0,0,0.39262,0.57301,1.6911,1.6947,2.0751,2.6154,2.5125,2.9891,3.4231,3.4202,3.4251,3.0028,3.3724,2.9223,3.2097,2.6959,5.5756,2.8734,3.235,3.2119,3.8675,3.7922,3.7251,4.7582,3.5586,3.5665,4.306,4.1654,4.0681,4.4112,4.0135,3.06,3.6228,4.6952,4.4793,4.0072,4.9843,4.9778,5.04,4.9652,5.2484,4.6677,5.0357,5.1761,5.2462,5.8296,5.0316,6.0437,6.2187,5.3047,8.7785,5.4872,4.672,2.7801,2.6789,2.1255,1.6751,0.42735,0.40064,0,0,0,0,0,0,0,0,0,0,0,0,0,0,0,0,0,0,0,0,0,0,0,0,0,0,0,0,0,0,0,0,0,0,0,0,0,0,0,0,0,0,0,0,0,0,0,0,0,0,0,0,0,0,0,0,0,0,0,0,0,0,0,0,0,0,0,0,0,0,0
0,0,0,0,0,0,0,0,0,0,0,0,0,0,0,0,0,0,0,0,0,0,0,0,0,0,0,0,0,0,0,0,0,0,0,0,0,0,0,0,0,0,0,0,0,0,0,0,0,0,0,0,0,0,0,0,0,0,0,0,0,0,0,0,0,0,0,0,0,0,0.55071,0.78056,1.6527,2.7967,3.0155,3.8464,4.5065,3.5797,3.6556,3.6375,3.0221,3.5304,3.7869,2.8915,3.273,4.2059,3.1818,3.9163,4.2077,3.2692,3.4726,3.5161,3.2955,3.49,3.6667,3.4514,3.6678,3.7072,3.6021,3.6972,3.9214,4.3574,3.9987,4.3787,3.074,3.8427,4.3726,4.1064,5.4869,3.9479,5.1483,5.1566,5.2281,5.4098,5.2996,5.8318,6.7761,5.8457,5.4723,6.1236,5.9686,6.4873,4.6434,5.2449,4.6299,3.5676,3.0334,2.4535,1.8464,1.7516,0.21656,0,0,0,0,0,0,0,0,0,0,0,0,0,0,0,0,0,0,0,0,0,0,0,0,0,0,0,0,0,0,0,0,0,0,0,0,0,0,0,0,0,0,0,0,0,0,0,0,0,0,0,0,0,0,0,0,0,0,0,0,0,0,0,0,0,0,0,0,0,0
0,0,0,0,0,0,0,0,0,0,0,0,0,0,0,0,0,0,0,0,0,0,0,0,0,0,0,0,0,0,0,0,0,0,0,0,0,0,0,0,0,0,0,0,0,0,0,0,0,0,0,0,0,0,0,0,0,0,0,0,0,0,0,0,0,0,0,0,0.77416,1.2462,2.2933,2.4063,3.2125,2.6321,4.4894,4.1404,4.1527,4.0992,4.4573,4.3033,4.2875,3.793,3.4168,3.5369,3.3442,3.9195,3.277,3.2424,3.8454,3.7382,3.7019,3.5223,3.1714,3.2371,3.5467,2.9766,3.4489,4.1325,3.4236,3.839,4.2598,3.4589,3.7425,4.3776,3.7561,3.9881,3.8582,4.3442,4.1572,4.3169,4.9089,5.2017,5.4701,5.434,5.1384,5.3933,5.4266,6.8079,5.6166,6.3996,6.0451,5.4293,5.5881,6.0482,4.9187,4.9116,4.3093,3.3429,2.972,1.523,1.4719,1.7376,1.4769,0,0,0,0,0,0,0,0,0,0,0,0,0,0,0,0,0,0,0,0,0,0,0,0,0,0,0,0,0,0,0,0,0,0,0,0,0,0,0,0,0,0,0,0,0,0,0,0,0,0,0,0,0,0,0,0,0,0,0,0,0,0,0,0,0,0,0,0
0,0,0,0,0,0,0,0,0,0,0,0,0,0,0,0,0,0,0,0,0,0,0,0,0,0,0,0,0,0,0,0,0,0,0,0,0,0,0,0,0,0,0,0,0,0,0,0,0,0,0,0,0,0,0,0,0,0,0,0,0,0,0,0,0,0,0,1.2033,2.2153,3.1043,4.0517,3.5058,5.3699,5.063,4.6757,4.6766,5.2822,5.2375,4.7553,4.6327,4.1077,4.3005,5.1945,4.4034,4.1839,4.604,3.5911,4.3105,3.6025,3.4575,3.8962,3.2207,3.501,3.3546,3.1896,3.6868,3.5999,3.2343,3.5657,3.7794,3.6271,3.8345,3.6912,3.9337,3.7413,4.2053,4.576,4.936,4.141,4.4519,4.2188,5.4445,5.6984,5.0847,5.6919,5.6084,6.2893,5.7867,5.6943,6.3042,5.1932,6.1048,6.6834,6.0292,4.8458,5.1185,4.5222,3.9522,3.9889,4.6765,1.9812,2.1787,2.4059,0.53521,0,0,0,0,0,0,0,0,0,0,0,0,0,0,0,0,0,0,0,0,0,0,0,0,0,0,0,0,0,0,0,0,0,0,0,0,0,0,0,0,0,0,0,0,0,0,0,0,0,0,0,0,0,0,0,0,0,0,0,0,0,0,0,0,0,0,0
0,0,0,0,0,0,0,0,0,0,0,0,0,0,0,0,0,0,0,0,0,0,0,0,0,0,0,0,0,0,0,0,0,0,0,0,0,0,0,0,0,0,0,0,0,0,0,0,0,0,0,0,0,0,0,0,0,0,0,0,0,0,0,0,0,0,2.349,2.089,2.1517,2.5922,5.0469,4.4097,5.4623,5.4962,4.8756,5.1044,4.4664,5.0305,4.5924,3.4954,4.7639,4.6397,3.9033,4.1486,4.9857,3.9143,3.6662,3.814,4.0226,3.7117,3.1127,3.5889,3.5125,3.3467,3.6083,3.5345,2.7936,2.7712,3.2767,3.6964,3.7172,3.5088,3.7481,3.6809,3.5194,4.3291,3.746,4.4875,4.4308,3.9958,4.4871,4.9353,5.2676,5.1953,5.8258,5.8697,5.3913,6.1675,6.3879,6.8222,6.0619,6.2913,5.8442,6.0217,5.1163,5.1753,5.3929,4.0634,4.8663,4.3923,2.4844,2.1516,1.5938,0.90673,0.14164,1.1926,0,0,0,0,0,0,0,0,0,0,0,0,0,0,0,0,0,0,0,0,0,0,0,0,0,0,0,0,0,0,0,0,0,0,0,0,0,0,0,0,0,0,0,0,0,0,0,0,0,0,0,0,0,0,0,0,0,0,0,0,0,0,0,0,0
0,0,0,0,0,0,0,0,0,0,0,0,0,0,0,0,0,0,0,0,0,0,0,0,0,0,0,0,0,0,0,0,0,0,0,0,0,0,0,0,0,0,0,0,0,0,0,0,0,0,0,0,0,0,0,0,0,0,0,0,0,0,0,0,0,0.53871,1.2056,2.0815,2.8632,9.1038,4.6671,5.2635,5.6097,5.0559,5.3299,5.8186,4.5089,4.4679,4.4127,4.3977,4.5012,4.4316,4.2193,4.4686,4.8326,4.1614,3.8478,4.0446,4.6097,4.1264,4.3754,3.2866,3.6204,3.2729,3.0618,2.7186,3.1257,2.9542,3.6534,3.8655,3.8855,3.9571,4.3108,3.9776,3.3931,4.1454,3.5201,4.0996,4.7734,5.232,4.7297,4.809,5.2125,5.1369,5.481,5.5563,5.2444,5.9248,5.5791,6.2342,6.5306,5.9599,5.3321,5.4888,5.491,5.9004,4.4304,5.1943,4.2571,3.7314,3.2836,2.8084,1.6321,1.4805,0.72728,0.29697,0,0,0,0,0,0,0,0,0,0,0,0,0,0,0,0,0,0,0,0,0,0,0,0,0,0,0,0,0,0,0,0,0,0,0,0,0,0,0,0,0,0,0,0,0,0,0,0,0,0,0,0,0,0,0,0,0,0,0,0,0,0,0,0,0
0,0,0,0,0,0,0,0,0,0,0,0,0,0,0,0,0,0,0,0,0,0,0,0,0,0,0,0,0,0,0,0,0,0,0,0,0,0,0,0,0,0,0,0,0,0,0,0,0,0,0,0,0,0,0,0,0,0,0,0,0,0,0,2.1439,1.1554,1.894,2.7215,4.1615,3.6065,5.9504,5.4458,6.0137,6.4928,6.0157,5.6053,6.0651,5.3004,5.0119,4.8773,4.5653,4.4932,4.6434,4.8504,4.45,5.359,4.1243,4.5604,3.9344,3.9385,4.387,4.5107,3.468,3.328,3.5624,3.5487,3.0553,3.6269,3.0881,2.9913,2.9224,3.389,4.3151,3.9739,3.5749,4.181,3.727,4.2473,3.8346,4.3268,4.631,5.467,4.7544,5.0517,5.3802,5.2212,5.9596,5.0527,6.5748,6.4166,6.4542,6.2115,5.4442,6.5995,5.5103,5.7203,4.8604,5.2467,4.9957,4.6716,4.5039,3.5825,3.4817,2.2871,1.9746,1.8197,0.84563,1.1763,0.36072,0,0,0,0,0,0,0,0,0,0,0,0,0,0,0,0,0,0,0,0,0,0,0,0,0,0,0,0,0,0,0,0,0,0,0,0,0,0,0,0,0,0,0,0,0,0,0,0,0,0,0,0,0,0,0,0,0,0,0,0,0,0,0
0,0,0,0,0,0,0,0,0,0,0,0,0,0,0,0,0,0,0,0,0,0,0,0,0,0,0,0,0,0,0,0,0,0,0,0,0,0,0,0,0,0,0,0,0,0,0,0,0,0,0,0,0,0,0,0,0,0,0,0,0,0,0,1.1065,1.3799,2.1506,3.8193,3.97,6.613,6.0793,5.3788,5.5508,6.5754,5.5432,5.428,6.0149,5.7566,5.9523,4.5887,6.1674,5.9746,5.2039,4.9262,4.944,4.8165,4.7841,4.9723,6.1551,4.8701,4.702,4.5523,3.2502,3.6479,3.5726,3.4303,2.8918,3.2424,3.9816,3.4325,3.9386,3.5317,3.2995,3.8513,4.1238,3.5965,4.0453,4.7876,3.9996,4.4943,4.9572,4.7931,4.9357,4.924,5.421,4.4101,6.0205,5.68,6.5406,5.6771,5.1086,5.7053,5.6942,5.9027,6.0634,5.9426,5.0467,4.5165,4.6253,4.8479,4.0401,3.5399,3.0925,3.5731,3.2281,2.128,1.3263,0.77863,0.64581,0.32675,0,0,0,0,0,0,0,0,0,0,0,0,0,0,0,0,0,0,0,0,0,0,0,0,0,0,0,0,0,0,0,0,0,0,0,0,0,0,0,0,0,0,0,0,0,0,0,0,0,0,0,0,0,0,0,0,0,0,0,0,0,0
0,0,0,0,0,0,0,0,0,0,0,0,0,0,0,0,0,0,0,0,0,0,0,0,0,0,0,0,0,0,0,0,0,0,0,0,0,0,0,0,0,0,0,0,0,0,0,0,0,0,0,0,0,0,0,0,0,0,0,0,0,1.1195,1.2697,1.3483,2.5213,3.1796,4.2626,5.6852,5.4693,6.0226,6.5283,5.0654,5.7836,5.6163,5.7586,6.2346,6.0331,5.3716,6.3584,5.1805,5.4481,5.2317,4.8541,5.1429,5.2327,4.6538,5.3684,4.9144,4.6086,4.2881,4.0374,3.909,4.0494,3.7425,3.3603,2.8515,3.4169,2.5325,2.5215,3.173,3.8991,2.8697,2.8358,3.3261,3.8671,4.2291,3.2848,3.6205,3.9849,4.2316,4.6436,4.9464,4.7806,5.135,4.8936,4.9759,5.2272,5.505,6.5351,6.2743,5.8789,5.4935,5.2158,5.7822,4.6441,4.913,4.6138,4.0988,4.2331,3.8862,4.2186,3.3806,3.2738,3.1263,2.3656,2.6255,1.816,1.3242,0.7799,0.37439,0,0,0,0,0,0,0,0,0,0,0,0,0,0,0,0,0,0,0,0,0,0,0,0,0,0,0,0,0,0,0,0,0,0,0,0,0,0,0,0,0,0,0,0,0,0,0,0,0,0,0,0,0,0,0,0,0,0,0,0,0
0,0,0,0,0,0,0,0,0,0,0,0,0,0,0,0,0,0,0,0,0,0,0,0,0,0,0,0,0,0,0,0,0,0,0,0,0,0,0,0,0,0,0,0,0,0,0,0,0,0,0,0,0,0,0,0,0,0,0,0,0,1.7451,1.6771,2.1927,3.1695,3.999,6.49,5.3257,5.6096,5.3442,6.337,6.5457,6.9799,6.4088,6.0586,5.0407,5.922,6.1219,5.4904,5.9942,4.6839,5.8474,5.0637,5.3706,5.5859,5.1619,4.6721,6.2062,5.3461,3.9889,4.0875,3.9966,3.8287,3.4378,3.3603,3.4684,2.6919,2.5944,3.3689,2.742,3.2282,3.3536,3.3706,3.4147,3.3307,3.3386,3.9727,3.9711,3.8755,4.0975,3.8247,4.613,5.1249,4.2227,5.2397,4.6463,5.4224,5.7072,4.9649,6.6604,5.1787,5.2153,6.3166,5.3515,6.5829,5.8794,4.5313,4.274,4.6249,4.4732,4.2954,3.4916,3.3245,3.1961,3.6749,2.5652,2.306,1.771,0.78565,0.45745,1.84,0,0,0,0,0,0,0,0,0,0,0,0,0,0,0,0,0,0,0,0,0,0,0,0,0,0,0,0,0,0,0,0,0,0,0,0,0,0,0,0,0,0,0,0,0,0,0,0,0,0,0,0,0,0,0,0,0,0,0,0
0,0,0,0,0,0,0,0,0,0,0,0,0,0,0,0,0,0,0,0,0,0,0,0,0,0,0,0,0,0,0,0,0,0,0,0,0,0,0,0,0,0,0,0,0,0,0,0,0,0,0,0,0,0,0,0,0,0,0,0,0.69058,5.1445,2.1247,3.4451,3.8959,5.44,5.3174,6.4302,5.7779,6.8415,5.8654,6.467,6.4602,6.1721,5.8858,5.8319,5.2928,5.8023,5.2691,6.1136,5.9138,5.2203,5.5499,5.429,4.8998,5.8201,4.3155,5.051,4.6763,4.455,4.5514,3.9424,4.4398,3.4539,3.1217,3.5321,3.2456,3.0677,3.0123,2.696,2.3577,2.7,2.8952,3.2995,2.8099,3.3414,3.2667,3.9506,4.0268,4.2186,4.1591,4.2549,4.3064,3.6222,4.8415,5.0331,5.2442,4.9414,5.894,5.9955,5.1737,6.4649,5.3669,4.879,5.318,5.3791,5.3282,4.9337,4.6034,4.1127,4.7195,3.5243,3.715,3.0194,3.3261,2.926,2.3954,2.3628,1.1583,0.34283,0.30285,0,0,0,0,0,0,0,0,0,0,0,0,0,0,0,0,0,0,0,0,0,0,0,0,0,0,0,0,0,0,0,0,0,0,0,0,0,0,0,0,0,0,0,0,0,0,0,0,0,0,0,0,0,0,0,0,0,0,0,0
0,0,0,0,0,0,0,0,0,0,0,0,0,0,0,0,0,0,0,0,0,0,0,0,0,0,0,0,0,0,0,0,0,0,0,0,0,0,0,0,0,0,0,0,0,0,0,0,0,0,0,0,0,0,0,0,0,0,0,1.3659,1.4853,2.187,2.6552,3.8006,4.2809,4.2371,5.2433,6.0277,5.9793,6.0944,5.949,6.16,6.175,5.7184,5.4991,5.4602,5.5046,5.6006,6.0754,5.2117,5.196,5.289,6.1253,5.2661,4.7813,5.3581,4.81,5.0687,5.7202,4.5402,4.7705,4.4408,3.824,3.7054,3.0901,3.4407,3.2561,2.8884,3.3912,3.5446,2.9237,3.1377,2.7682,3.3551,2.9284,3.3625,3.5574,3.9889,3.968,3.7884,3.9084,3.6069,4.7047,4.1527,4.6248,4.538,4.4877,4.9489,6.0147,5.4801,5.12,5.6824,6,5.7421,5.1887,5.4051,5.1255,4.5114,4.498,4.3551,3.8865,3.9669,3.3205,3.794,3.0659,2.6279,3.4658,1.9659,1.2047,1.2907,0.44905,0.45647,0,0,0,0,0,0,0,0,0,0,0,0,0,0,0,0,0,0,0,0,0,0,0,0,0,0,0,0,0,0,0,0,0,0,0,0,0,0,0,0,0,0,0,0,0,0,0,0,0,0,0,0,0,0,0,0,0,0,0
0,0,0,0,0,0,0,0,0,0,0,0,0,0,0,0,0,0,0,0,0,0,0,0,0,0,0,0,0,0,0,0,0,0,0,0,0,0,0,0,0,0,0,0,0,0,0,0,0,0,0,0,0,0,0,0,0,0,3.4139,1.3043,10.469,2.9026,3.2573,4.8896,5.1968,5.426,5.3456,5.4174,4.9431,6.2744,5.2009,5.8848,5.9347,6.6464,5.6689,5.9344,6.515,5.639,5.3948,5.6406,5.849,5.2235,6.5167,5.9417,5.4828,4.9909,5.0576,4.8966,5.366,4.0278,5.3527,3.452,4.266,3.2607,3.4224,3.1226,2.828,3.2228,3.043,3.2747,2.7173,2.8368,3.0893,2.7761,3.0817,3.5158,3.2983,2.9456,3.5483,3.9068,3.8218,4.2707,3.8326,3.4397,4.4237,4.7383,3.8889,4.7821,4.7433,5.441,6.0582,5.7053,5.4537,5.9253,5.7751,5.2456,4.6547,4.6378,3.9012,4.8115,4.6022,4.4946,3.9519,4.0798,2.7347,2.9835,2.7361,2.6911,1.8997,1.6022,1.3981,1.0137,0.34723,0,0,0,0,0,0,0,0,0,0,0,0,0,0,0,0,0,0,0,0,0,0,0,0,0,0,0,0,0,0,0,0,0,0,0,0,0,0,0,0,0,0,0,0,0,0,0,0,0,0,0,0,0,0,0,0,0,0
0,0,0,0,0,0,0,0,0,0,0,0,0,0,0,0,0,0,0,0,0,0,0,0,0,0,0,0,0,0,0,0,0,0,0,0,0,0,0,0,0,0,0,0,0,0,0,0,0,0,0,0,0,0,0,0,0,0.6027,1.0749,2.0025,2.794,4.3217,4.8769,4.7021,4.6975,4.8187,5.6869,5.4373,6.0411,5.4429,5.4575,4.8562,6.1533,6.27,6.0104,5.7961,5.8057,5.9505,5.4693,5.8978,5.1154,5.1971,5.948,5.145,4.6108,5.1297,5.0039,4.8719,4.3232,4.7962,4.8357,4.3165,3.8319,4.0663,3.6219,3.259,3.2214,2.9664,3.0857,2.9305,2.9468,2.7502,2.5935,2.8345,3.0156,2.7738,3.3472,3.0555,3.2171,3.9982,4.1702,4.4154,4.2109,4.5106,3.9975,4.041,3.9863,4.8885,5.2605,4.3862,5.4004,5.1921,5.2503,5.2224,5.1095,5.0069,5.3671,5.4097,5.1224,5.1556,4.0867,3.8393,3.3363,3.2902,3.773,5.1762,3.2873,2.7336,3.1724,1.9067,1.5104,1.9733,0.74936,0.26784,0,0,0,0,0,0,0,0,0,0,0,0,0,0,0,0,0,0,0,0,0,0,0,0,0,0,0,0,0,0,0,0,0,0,0,0,0,0,0,0,0,0,0,0,0,0,0,0,0,0,0,0,0,0,0,0,0
0,0,0,0,0,0,0,0,0,0,0,0,0,0,0,0,0,0,0,0,0,0,0,0,0,0,0,0,0,0,0,0,0,0,0,0,0,0,0,0,0,0,0,0,0,0,0,0,0,0,0,0,0,0,0,0,0.38233,0.85788,1.8723,2.5839,3.0135,4.6133,4.9893,4.7417,4.7188,5.1555,5.1478,5.0831,5.234,5.7839,5.6256,5.8969,5.3924,5.3464,6.0361,4.6456,5.6274,5.7647,4.887,4.4692,5.0203,5.8674,5.6252,4.6749,5.1905,4.0446,4.5504,5.2497,4.508,4.8939,4.4392,4.6331,3.9883,3.7094,3.3621,3.3634,3.1817,2.8287,3.3756,3.2318,2.8696,2.9059,2.9082,3.0772,2.9685,3.3207,3.6845,3.0766,3.256,3.481,3.597,4.2518,3.971,3.8603,3.6387,4.0181,4.3988,4.1406,4.4372,4.745,5.2699,5.8104,6.2052,5.7999,5.3357,5.3689,5.8033,4.718,4.8044,4.1986,4.3602,3.9726,4.2734,3.7093,3.5155,4.153,2.8625,2.9522,2.7919,2.5628,1.8198,1.4301,0.92367,0.5991,0.44933,0,0,0,0,0,0,0,0,0,0,0,0,0,0,0,0,0,0,0,0,0,0,0,0,0,0,0,0,0,0,0,0,0,0,0,0,0,0,0,0,0,0,0,0,0,0,0,0,0,0,0,0,0,0,0,0
0,0,0,0,0,0,0,0,0,0,0,0,0,0,0,0,0,0,0,0,0,0,0,0,0,0,0,0,0,0,0,0,0,0,0,0,0,0,0,0,0,0,0,0,0,0,0,0,0,0,0,0,0,0,0,0.62266,1.2101,1.7353,2.1416,3.329,7.1698,4.4835,4.8856,4.7298,5.2237,5.3969,5.0206,5.6795,5.3639,5.277,5.6028,4.69,5.4574,4.7738,4.7485,5.5604,5.0571,4.4037,4.8933,5.5802,4.5497,4.814,5.1152,5.2682,4.4355,4.9427,4.799,4.5422,4.5974,4.5234,4.402,4.7787,4.2682,4.0126,3.3999,3.473,4.1317,2.9954,2.9153,2.9424,3.1673,3.1424,2.9301,2.9975,3.0246,2.8878,3.4322,3.1368,3.8149,3.3899,3.8477,3.239,3.5881,3.2753,3.665,3.8944,3.4858,4.983,3.5007,4.8834,5.9416,6.1978,5.9709,4.9748,5.684,4.5408,5.359,4.3786,5.2904,4.6812,3.9834,3.8537,3.6454,3.7665,3.7656,3.2191,3.3217,3.2083,3.7108,3.1392,2.6212,2.3276,1.9247,1.6237,1.0063,0.84354,0,0,0,0,0,0,0,0,0,0,0,0,0,0,0,0,0,0,0,0,0,0,0,0,0,0,0,0,0,0,0,0,0,0,0,0,0,0,0,0,0,0,0,0,0,0,0,0,0,0,0,0,0,0,0
0,0,0,0,0,0,0,0,0,0,0,0,0,0,0,0,0,0,0,0,0,0,0,0,0,0,0,0,0,0,0,0,0,0,0,0,0,0,0,0,0,0,0,0,0,0,0,0,0,0,0,0,0,0,0.99405,1.4412,1.7315,2.3294,3.7807,5.1091,3.9696,4.1728,4.7554,5.3916,4.9346,5.2561,5.3777,4.9389,5.193,5.2104,5.3769,4.9208,5.0424,4.8407,5.2604,4.5629,4.2697,4.9029,5.0206,4.056,4.259,4.0738,3.4744,4.5549,4.7181,4.6134,4.6179,4.7003,4.8432,4.9634,4.4625,3.8032,5.3474,4.213,3.5786,3.2641,3.505,3.1496,3.2814,3.0365,3.2054,2.9679,2.9598,3.0104,3.2944,2.9036,3.7757,3.2052,3.3997,3.332,3.2911,3.8641,4.0418,3.7545,3.9579,4.3428,3.3675,4.0852,4.4514,3.9718,5.0209,5.4866,5.7659,5.5107,4.8346,5.8069,5.34,5.2726,5.1734,6.1222,4.0967,4.5332,4.1973,3.7747,3.5257,3.7148,3.4176,3.6507,4.437,3.181,3.6596,3.5879,2.7641,2.6513,1.3264,1.1539,0.17337,0,0,0,0,0,0,0,0,0,0,0,0,0,0,0,0,0,0,0,0,0,0,0,0,0,0,0,0,0,0,0,0,0,0,0,0,0,0,0,0,0,0,0,0,0,0,0,0,0,0,0,0,0,0
0,0,0,0,0,0,0,0,0,0,0,0,0,0,0,0,0,0,0,0,0,0,0,0,0,0,0,0,0,0,0,0,0,0,0,0,0,0,0,0,0,0,0,0,0,0,0,0,0,0,0,0,0,2.2896,0.89075,1.5536,2.0521,3.0761,3.5285,4.6182,4.4293,4.347,4.6497,4.7077,4.1715,4.9438,4.1062,4.4668,4.8705,5.27,5.0006,5.0844,4.3524,4.5522,4.639,4.7358,4.7796,3.7818,4.1249,4.0962,4.6277,3.8364,4.4195,4.1274,3.6114,4.5951,3.8911,4.7686,4.8703,4.4374,4.2448,3.9975,4.3563,3.8961,3.9868,3.3593,3.5961,3.369,3.253,3.1554,3.1624,3.1886,3.2313,3.2921,2.9613,3.2795,3.3818,3.2769,3.1715,3.3496,3.4042,3.3947,3.0892,3.9581,3.7068,3.6542,4.2585,4.0566,4.6152,3.9309,4.9474,4.5108,4.642,5.0339,5.1744,5.0668,4.384,4.2601,5.4933,4.6684,4.7231,3.8414,4.0847,3.0875,3.9499,3.5818,3.3594,3.2327,3.8075,4.5022,4.4966,3.2675,2.3326,2.1666,2.4723,1.6773,0.61974,2.2465,0,0,0,0,0,0,0,0,0,0,0,0,0,0,0,0,0,0,0,0,0,0,0,0,0,0,0,0,0,0,0,0,0,0,0,0,0,0,0,0,0,0,0,0,0,0,0,0,0,0,0,0,0
0,0,0,0,0,0,0,0,0,0,0,0,0,0,0,0,0,0,0,0,0,0,0,0,0,0,0,0,0,0,0,0,0,0,0,0,0,0,0,0,0,0,0,0,0,0,0,0,0,0,0,0,0,0.77495,1.4642,2.0312,2.6539,7.3673,3.6643,3.944,4.4177,4.6426,4.8963,5.0001,4.0062,4.3288,3.967,4.6527,4.8058,4.8946,4.8044,5.5855,5.2997,3.6757,3.9589,4.4541,4.0063,3.7815,4.0342,4.2112,2.9868,4.1217,4.3424,3.8485,4.1444,4.1953,4.7705,4.3914,4.4667,4.384,4.1802,4.1177,3.9425,4.2937,3.9203,4.312,3.9606,3.5009,3.3908,3.4294,3.287,3.7884,3.1319,2.5479,3.0253,2.9171,2.8922,3.4601,2.9979,3.1685,3.74,2.9988,3.843,3.7292,3.7,3.1634,3.2475,4.5155,4.3608,4.202,4.9075,4.7045,3.694,4.8713,5.2426,4.3862,5.3183,5.7219,5.0274,4.5821,4.5863,4.3177,4.5163,3.5442,3.5789,3.4667,3.0951,3.8849,3.6919,3.7567,3.6647,5.1513,2.8821,2.6947,2.3258,1.8816,9.536,0.70633,0,0,0,0,0,0,0,0,0,0,0,0,0,0,0,0,0,0,0,0,0,0,0,0,0,0,0,0,0,0,0,0,0,0,0,0,0,0,0,0,0,0,0,0,0,0,0,0,0,0,0,0,0
0,0,0,0,0,0,0,0,0,0,0,0,0,0,0,0,0,0,0,0,0,0,0,0,0,0,0,0,0,0,0,0,0,0,0,0,0,0,0,0,0,0,0,0,0,0,0,0,0,0,0,0,1.1009,1.1746,1.7821,2.4792,2.7484,4.1471,4.2611,3.7822,3.9597,4.2078,3.7662,4.7455,4.182,4.3132,4.5123,5.0435,5.0966,4.8425,4.9701,4.2935,4.8137,4.4009,4.6053,3.8355,4.4502,3.5527,3.9729,3.8109,4.4734,3.9576,3.3617,3.7217,4.825,3.4476,3.7447,4.8727,4.4992,4.7124,4.6379,4.3917,4.1526,4.4697,4.2514,4.4777,4.24,4.7688,4.2189,3.8161,3.7583,3.8125,3.3602,3.2766,3.0031,2.7096,3.1534,3.1022,3.4007,3.0691,3.0878,2.9914,3.7762,3.6022,3.1395,3.4047,3.558,4.0027,3.9358,3.7164,4.4449,5.4816,4.704,4.7583,5.4277,4.9574,5.7682,4.5675,4.2648,4.1433,3.8704,4.3625,3.5327,3.2166,3.4622,3.2003,3.7546,3.3863,3.3793,4.3929,3.7981,3.3044,3.1044,3.6878,2.9069,2.5768,1.5239,1.0971,0.74227,0,0,0,0,0,0,0,0,0,0,0,0,0,0,0,0,0,0,0,0,0,0,0,0,0,0,0,0,0,0,0,0,0,0,0,0,0,0,0,0,0,0,0,0,0,0,0,0,0,0,0,0
0,0,0,0,0,0,0,0,0,0,0,0,0,0,0,0,0,0,0,0,0,0,0,0,0,0,0,0,0,0,0,0,0,0,0,0,0,0,0,0,0,0,0,0,0,0,0,0,0,0,0,1.3124,1.1805,1.654,2.7462,3.2045,3.4294,4.5978,5.0085,4.2829,5.1171,4.4832,3.8624,3.9947,4.3422,4.4355,4.0975,4.5344,3.8207,4.7179,4.2059,4.1602,4.4515,3.5686,4.1838,4.2547,4.3311,3.5485,3.6172,4.0333,3.7613,3.5852,3.3159,3.7609,3.2713,3.7535,4.2209,4.5094,4.2609,4.6134,4.4409,4.2248,4.1667,4.2909,3.6921,4.6164,4.8879,4.4566,4.1376,4.1209,3.413,3.8841,3.7169,3.6892,3.386,3.6593,3.6843,2.7861,3.2368,3.1059,4.0098,3.3381,4.085,3.5502,3.6333,3.8353,3.3324,4.5142,4.2292,4.0341,4.334,4.6924,4.8533,5.3775,4.1146,4.9767,4.2634,4.8213,3.9347,4.2891,4.2189,3.2026,3.349,3.2927,3.6954,3.2295,3.0683,3.1129,3.6131,3.7351,3.3474,3.286,3.1808,3.4512,3.6106,2.5077,2.296,1.6357,1.3087,0.29227,0,0,0,0,0,0,0,0,0,0,0,0,0,0,0,0,0,0,0,0,0,0,0,0,0,0,0,0,0,0,0,0,0,0,0,0,0,0,0,0,0,0,0,0,0,0,0,0,0,0,0
0,0,0,0,0,0,0,0,0,0,0,0,0,0,0,0,0,0,0,0,0,0,0,0,0,0,0,0,0,0,0,0,0,0,0,0,0,0,0,0,0,0,0,0,0,0,0,0,0,0,0,0.48831,1.6446,2.0537,2.444,3.3536,5.006,3.8484,4.0872,3.8183,3.4612,3.1756,3.421,4.1358,4.4059,3.6712,3.643,3.9014,4.753,4.1811,4.0836,4.043,3.8287,3.8847,3.6601,4.52,4.559,3.2939,3.7813,3.7453,3.7467,3.6014,3.2921,3.2935,3.9852,4.5076,4.2074,4.1879,4.7113,4.7991,4.5882,4.5112,4.8716,4.4135,4.6277,5.1456,4.8439,4.8214,4.3534,4.8259,4.7799,4.4226,4.2802,3.8462,3.3962,3.524,3.6026,3.503,2.971,3.2541,3.2681,3.8349,3.8148,3.9168,3.6146,3.9226,3.7434,3.7409,3.1283,4.3557,4.5563,4.4549,4.5854,4.3589,5.2999,4.6455,4.548,5.1413,4.2399,3.9302,4.0729,3.8679,3.5472,3.4006,3.2124,3.5013,3.2001,3.5313,3.6816,4.0482,4.0648,3.5295,4.2337,4.2118,3.4619,3.0307,2.6254,1.8915,1.4994,0.7419,0,0,0,0,0,0,0,0,0,0,0,0,0,0,0,0,0,0,0,0,0,0,0,0,0,0,0,0,0,0,0,0,0,0,0,0,0,0,0,0,0,0,0,0,0,0,0,0,0,0,0
0,0,0,0,0,0,0,0,0,0,0,0,0,0,0,0,0,0,0,0,0,0,0,0,0,0,0,0,0,0,0,0,0,0,0,0,0,0,0,0,0,0,0,0,0,0,0,0,0,0,0.40976,0.71617,1.9874,2.4264,2.6853,3.331,5.35,3.9952,3.907,3.8456,3.6742,4.2711,4.0419,3.702,4.3045,4.132,3.6142,4.2308,4.5974,3.8109,3.9299,3.9592,4.4331,3.4757,3.8656,3.5688,3.8822,3.0887,3.8407,3.4478,3.5577,3.5871,3.2921,3.9051,3.4942,4.3251,3.5762,4.6329,4.4913,4.6684,4.9233,5.2546,5.2427,4.9394,4.9229,5.178,5.1302,4.704,5.3665,4.8972,4.8272,4.8845,4.1756,3.9808,4.157,4.025,3.3661,3.7457,3.5624,3.8777,3.7132,3.4311,3.8523,3.9264,4.3706,4.0174,4.2653,4.3809,4.8386,4.6459,4.5485,4.7407,4.9683,4.6019,4.4671,4.702,4.6194,4.0066,4.2561,4.3722,3.8665,3.8795,3.632,3.6806,3.05,2.9569,3.0216,3.5394,3.6353,3.9095,3.9583,4.1044,3.8341,3.5377,4.2904,3.5161,2.8129,3.6963,1.8763,0.6656,0.43736,0,0,0,0,0,0,0,0,0,0,0,0,0,0,0,0,0,0,0,0,0,0,0,0,0,0,0,0,0,0,0,0,0,0,0,0,0,0,0,0,0,0,0,0,0,0,0,0,0,0
0,0,0,0,0,0,0,0,0,0,0,0,0,0,0,0,0,0,0,0,0,0,0,0,0,0,0,0,0,0,0,0,0,0,0,0,0,0,0,0,0,0,0,0,0,0,0,0,0,0,0.32205,2.0609,1.6758,2.4228,3.3072,3.7983,3.6831,5.0756,5.9349,3.9502,4.4347,3.2572,3.7998,3.8248,3.5743,3.8403,4.2493,4.025,3.9243,3.4841,3.7736,3.9761,3.6163,3.8526,3.7259,3.6369,3.3229,3.669,3.8061,3.3883,3.5264,3.8831,4.1357,3.6576,3.6397,4.2559,3.8382,4.613,4.7383,3.9055,4.3341,4.8774,5.0095,4.8151,5.2914,5.6644,5.697,5.5678,5.0391,5.3563,4.8934,4.8281,4.9881,4.4082,4.0939,4.2218,4.3608,3.8202,3.7844,3.3052,3.7275,4.0925,3.2421,4.1823,3.8835,3.7137,4.2443,4.3289,4.5433,4.4365,4.3427,4.4619,5.0936,4.1814,4.5037,4.6568,3.9075,4.2642,3.9853,3.5014,3.2815,2.7643,3.3298,2.8108,3.5975,3.1491,3.0153,3.0943,3.6143,3.3359,4.2522,4.0638,4.5217,4.984,5.0568,3.8615,3.3905,3.341,1.8341,1.4223,0.69907,0,0,0,0,0,0,0,0,0,0,0,0,0,0,0,0,0,0,0,0,0,0,0,0,0,0,0,0,0,0,0,0,0,0,0,0,0,0,0,0,0,0,0,0,0,0,0,0,0,0
0,0,0,0,0,0,0,0,0,0,0,0,0,0,0,0,0,0,0,0,0,0,0,0,0,0,0,0,0,0,0,0,0,0,0,0,0,0,0,0,0,0,0,0,0,0,0,0,0,0,0.41176,1.3336,2.1061,2.9931,3.33,4.3006,3.3465,4.4345,4.1555,4.3368,3.8796,3.7785,3.8895,3.4435,4.0707,3.4582,4.1545,3.3905,4.0862,3.5076,3.5319,3.6094,3.5734,3.1282,3.0378,3.6563,3.7783,3.2725,3.0143,3.1373,3.1395,3.1901,4.0648,3.8229,4.1865,4.0831,3.4923,4.3805,4.6124,4.3976,4.9319,4.8226,5.0913,5.4426,5.6931,5.9866,5.954,6.0251,6.4702,6.214,5.771,5.9479,5.0996,5.0277,4.7947,4.8873,4.1054,4.5446,3.9742,3.8073,3.878,4.1322,3.8092,4.3277,3.423,4.0393,4.7004,4.7278,4.2963,4.6658,4.6337,4.2181,4.1821,3.9512,4.3781,4.3749,3.8716,3.5805,3.1831,3.0625,3.2942,3.6867,2.7459,3.276,3.408,3.7157,2.9068,3.2037,2.9979,3.4862,3.6999,4.1507,4.1357,5.5895,4.2422,3.9639,4.5641,2.6492,2.4523,1.5307,0.89953,0,0,0,0,0,0,0,0,0,0,0,0,0,0,0,0,0,0,0,0,0,0,0,0,0,0,0,0,0,0,0,0,0,0,0,0,0,0,0,0,0,0,0,0,0,0,0,0,0,0
0,0,0,0,0,0,0,0,0,0,0,0,0,0,0,0,0,0,0,0,0,0,0,0,0,0,0,0,0,0,0,0,0,0,0,0,0,0,0,0,0,0,0,0,0,0,0,0,0,0.53369,0.97619,23.146,2.3374,11.419,3.9196,3.108,4.1003,4.1126,4.2114,3.6516,4.2674,3.7869,3.1246,3.5052,4.5423,3.7968,4.0771,3.6931,3.3187,2.9717,3.2162,3.0887,3.0558,3.1544,3.2074,3.1944,3.6722,3.5123,3.3231,3.6565,3.1192,3.3702,3.4775,3.8196,3.4687,3.7141,4.7074,4.2461,4.5035,4.8568,5.0663,5.3769,5.3926,5.5329,5.7446,6.0713,6.638,6.3311,6.5359,6.5946,6.414,5.8463,5.8737,5.7521,5.0791,5.049,4.9088,4.8441,4.2783,4.121,4.4653,4.4151,4.4489,4.8692,4.5107,4.6449,4.7673,4.5968,4.761,4.5299,4.5356,4.236,4.1733,4.8451,4.4884,3.8714,4.1124,3.8939,3.4425,3.1431,3.7151,2.9565,2.9997,3.0174,3.6695,3.0371,3.7796,3.4537,3.5308,4.1936,4.1648,3.7014,4.1276,4.0324,4.1066,3.427,4.4162,3.2374,2.6439,1.9354,1.2362,0.30498,0,0,0,0,0,0,0,0,0,0,0,0,0,0,0,0,0,0,0,0,0,0,0,0,0,0,0,0,0,0,0,0,0,0,0,0,0,0,0,0,0,0,0,0,0,0,0,0,0
0,0,0,0,0,0,0,0,0,0,0,0,0,0,0,0,0,0,0,0,0,0,0,0,0,0,0,0,0,0,0,0,0,0,0,0,0,0,0,0,0,0,0,0,0,0,0,0,0,1.0224,1.3528,1.5564,2.1696,2.8818,3.3677,3.6286,3.5569,4.1593,4.2409,3.462,4.0113,3.8154,4.4044,4.0228,3.7001,3.9242,3.2367,3.4036,3.1526,3.0484,3.1887,3.391,3.0466,3.1028,3.762,3.469,2.9493,2.9382,3.0792,3.3981,3.3236,3.4182,3.6237,3.51,4.3644,3.8984,4.3992,4.541,4.3781,5.0729,5.3247,5.5636,5.7793,6.405,6.1459,6.1467,6.391,7.0169,6.8297,6.6511,6.7556,6.413,6.2772,6.0202,5.608,5.1521,4.9783,5.2159,5.0341,4.6431,5.189,4.8269,4.4512,4.7128,4.1887,3.9516,3.9779,4.715,4.5507,4.6022,4.3809,4.0265,3.9842,4.1776,4.1064,3.9845,3.2284,3.446,3.0346,3.1712,3.1708,3.2598,2.6069,2.7901,2.8635,2.9169,3.1845,3.9413,4.0119,3.8901,3.5037,4.1479,3.7673,3.7579,3.803,5.3328,4.7061,8.1005,5.1831,2.1027,1.7387,0.38277,0,0,0,0,0,0,0,0,0,0,0,0,0,0,0,0,0,0,0,0,0,0,0,0,0,0,0,0,0,0,0,0,0,0,0,0,0,0,0,0,0,0,0,0,0,0,0,0,0
0,0,0,0,0,0,0,0,0,0,0,0,0,0,0,0,0,0,0,0,0,0,0,0,0,0,0,0,0,0,0,0,0,0,0,0,0,0,0,0,0,0,0,0,0,0,0,0,0,0.82192,1.614,2.2549,2.5319,3.0953,4.0512,3.7093,3.389,4.1152,3.5289,3.4649,3.7368,3.3521,4.2441,3.325,4.0547,2.7892,2.7455,3.3492,2.8847,3.388,2.8094,2.7465,2.9567,3.2106,2.9749,3.4305,3.7023,3.4309,3.4829,3.1144,3.3899,3.3522,3.7778,3.562,3.5803,4.0415,4.579,4.6206,5.2823,5.756,5.4588,5.6501,5.8796,6.1825,6.3375,6.7852,6.7837,6.8326,6.873,7.0698,6.7497,6.5429,6.345,6.1773,5.8874,5.6837,5.6848,5.4972,5.1349,5.0934,4.9785,5.2766,4.9993,4.5025,4.874,4.9978,5.025,4.1848,5.0414,4.5319,4.5453,4.4605,3.8742,4.1359,3.7581,3.4086,3.5835,3.2257,3.0499,2.9057,3.0774,3.0741,3.1481,3.0673,2.87,4.3754,3.572,3.2773,4.0733,3.2887,4.0447,3.5045,4.0209,3.7888,3.9257,4.2348,3.5982,3.9447,3.2484,2.3645,2.1858,0.50545,0,0,0,0,0,0,0,0,0,0,0,0,0,0,0,0,0,0,0,0,0,0,0,0,0,0,0,0,0,0,0,0,0,0,0,0,0,0,0,0,0,0,0,0,0,0,0,0,0
0,0,0,0,0,0,0,0,0,0,0,0,0,0,0,0,0,0,0,0,0,0,0,0,0,0,0,0,0,0,0,0,0,0,0,0,0,0,0,0,0,0,0,0,0,0,0,0,0.70379,0.58828,1.2541,2.7768,2.945,3.2449,4.5453,3.5028,3.6058,3.7251,4.1575,3.6161,3.0631,3.0381,4.0332,2.8725,3.9696,4.4174,3.1742,3.2177,3.1794,2.8954,3.2476,2.8509,2.9001,2.6559,3.6314,3.0582,2.8384,3.0219,3.1455,2.8517,3.0246,3.2871,3.4997,3.2655,4.1765,4.2933,5.2958,5.0962,5.5756,5.4794,5.6214,5.9865,6.1778,6.7895,6.4418,7.0103,6.4982,6.9232,6.7716,6.9222,6.4797,6.5352,6.3586,6.1798,6.0638,5.875,5.5977,5.8896,5.6151,5.5076,5.5557,5.4639,5.7491,5.8113,5.0994,5.3427,4.731,4.6462,5.3514,5.3937,4.0635,4.2093,4.4447,3.9554,3.7644,3.2022,3.9034,3.7984,3.0509,3.1236,2.8759,3.4437,2.7614,3.0749,3.1824,4.3655,3.5724,3.6849,4.2557,3.9824,3.514,3.9649,3.5918,3.795,5.6034,4.0031,4.2764,4.4478,8.8453,3.0814,1.7138,0.86346,0.6863,0,0,0,0,0,0,0,0,0,0,0,0,0,0,0,0,0,0,0,0,0,0,0,0,0,0,0,0,0,0,0,0,0,0,0,0,0,0,0,0,0,0,0,0,0,0,0,0
0,0,0,0,0,0,0,0,0,0,0,0,0,0,0,0,0,0,0,0,0,0,0,0,0,0,0,0,0,0,0,0,0,0,0,0,0,0,0,0,0,0,0,0,0,0,0,0,0.23411,0.83588,1.4135,3.1991,2.3617,4.3867,3.7904,4.4224,3.5801,3.4579,3.5398,3.2479,3.0388,3.0475,2.9703,3.2859,2.8598,3.2877,2.9755,2.2775,3.0973,2.5501,2.7499,2.4954,3.0407,3.0616,3.3431,3.2022,3.0535,2.8335,2.9012,3.7864,3.8557,3.5508,3.8714,3.7673,3.9099,4.8939,4.6609,5.0209,5.4018,5.4217,5.577,6.2068,6.0779,6.6961,6.5275,6.7393,6.9085,6.9156,6.9583,6.8974,7.0937,6.7109,6.4372,6.2283,5.8388,6.0817,6.1992,6.0021,6.0244,5.6415,5.3636,5.6356,5.3335,5.7722,5.2531,5.6983,5.4107,4.853,4.9218,4.9318,4.3216,4.2498,4.1198,4.7191,3.8391,3.6533,3.1787,3.3238,2.5736,3.2779,3.0928,3.5149,2.9507,2.4983,3.465,2.8133,2.798,4.2329,3.9234,3.8222,3.9132,3.6356,4.1553,3.817,4.0138,3.97,4.398,4.625,3.7755,3.3427,1.9896,1.3369,0.52631,0,0,0,0,0,0,0,0,0,0,0,0,0,0,0,0,0,0,0,0,0,0,0,0,0,0,0,0,0,0,0,0,0,0,0,0,0,0,0,0,0,0,0,0,0,0,0,0
0,0,0,0,0,0,0,0,0,0,0,0,0,0,0,0,0,0,0,0,0,0,0,0,0,0,0,0,0,0,0,0,0,0,0,0,0,0,0,0,0,0,0,0,0,0,0,0,0.5865,0.99529,1.5528,2.1491,2.801,4.3915,4.603,3.731,3.5977,3.5608,3.2064,3.3101,2.7168,3.4003,3.1661,3.7233,2.7626,3.2436,3.1515,2.6313,3.1301,3.0145,2.9387,2.8022,3.1788,2.9738,2.6726,2.7746,2.9992,2.9068,3.3144,3.6097,3.5581,3.8718,4.3478,4.7876,4.6792,4.8651,5.3485,5.1343,5.6441,5.7706,6.0094,5.8478,6.3236,6.4345,6.369,6.5416,6.4103,6.8073,7.0054,6.8973,6.9656,6.6341,6.724,6.4333,6.0171,5.9954,6.1826,5.9399,6.0277,6.0459,5.8993,5.8103,5.6813,5.7015,5.6076,5.8046,5.2264,5.6563,5.1183,5.0709,5.1678,5.0573,4.4683,4.2891,3.6075,3.4253,3.2134,3.3942,3.2078,3.3543,2.5113,3.0367,2.6866,3.0244,2.8588,3.2983,3.4856,4.1514,3.6832,3.5913,3.5779,4.7588,3.8533,4.1305,3.9249,4.7858,4.804,4.1609,3.9447,3.8759,2.8357,1.4723,1.3173,0,0,0,0,0,0,0,0,0,0,0,0,0,0,0,0,0,0,0,0,0,0,0,0,0,0,0,0,0,0,0,0,0,0,0,0,0,0,0,0,0,0,0,0,0,0,0,0
0,0,0,0,0,0,0,0,0,0,0,0,0,0,0,0,0,0,0,0,0,0,0,0,0,0,0,0,0,0,0,0,0,0,0,0,0,0,0,0,0,0,0,0,0,0,0,0.72024,1.4512,1.3371,1.5986,2.2753,3.0974,3.2387,4.5839,4.0075,3.0904,3.2647,3.17,3.9473,2.6919,3.5389,3.477,3.5611,2.7444,2.436,2.7432,3.3624,3.5119,2.5579,3.068,2.7396,3.082,3.0984,3.122,3.1256,3.1815,3.289,3.4967,3.9566,3.879,4.1011,4.1324,4.914,4.9746,5.4078,5.3114,5.5502,5.8682,5.8817,6.1633,5.9834,6.2364,6.1013,6.5721,6.4207,6.4996,6.7526,6.7023,6.6632,6.87,6.5124,6.4096,6.4324,6.3136,6.3208,6.0563,5.7351,6.0565,6.1163,6.1288,5.8209,6.0833,6.4389,6.2456,6.1115,6.117,5.8641,5.6306,5.923,5.1776,4.6365,5.3981,4.6367,4.3651,3.1112,3.1582,2.9554,2.8113,3.3918,2.9928,2.8584,2.5741,3.0246,3.0543,3.2688,3.0699,3.8513,4.051,3.9026,3.9364,3.991,4.6193,4.0679,4.8566,5.6194,4.1209,5.0068,4.478,3.7219,2.9282,10.624,1.236,1.0511,0,0,0,0,0,0,0,0,0,0,0,0,0,0,0,0,0,0,0,0,0,0,0,0,0,0,0,0,0,0,0,0,0,0,0,0,0,0,0,0,0,0,0,0,0,0,0
0,0,0,0,0,0,0,0,0,0,0,0,0,0,0,0,0,0,0,0,0,0,0,0,0,0,0,0,0,0,0,0,0,0,0,0,0,0,0,0,0,0,0,0,0,0,0,0.15191,0.41832,1.2712,1.934,2.8048,3.4179,3.4905,3.591,3.0224,3.1184,3.6544,3.4748,2.9215,3.7553,3.1829,2.8312,3.2755,2.5942,3.2896,3.1475,3.2168,2.8515,3.4071,3.3896,3.3021,3.0027,3.4443,3.0725,3.5425,3.5216,4.0631,3.7547,3.9235,3.9868,4.4459,5.1001,4.9545,4.9762,5.7249,5.9119,5.8305,6.1128,6.0267,6.1016,6.3413,6.0324,6.1852,6.1716,6.348,6.4425,6.4384,6.4529,6.4308,6.6713,6.4183,6.5842,6.2953,6.3335,6.004,6.0055,6.0909,6.0502,6.3489,5.9953,6.1354,6.3594,6.4781,6.9491,6.238,6.0391,6.0431,5.8688,5.7172,5.4834,4.5146,4.8029,4.5336,3.9721,3.8877,3.3798,3.0428,3.4508,2.6519,3.1974,2.5367,2.9216,3.52,3.2241,2.9194,3.4461,3.9087,4.1322,4.1221,3.794,3.8798,4.6207,4.644,4.2264,4.0656,5.3174,4.6259,4.9226,5.5123,5.075,2.5964,1.4053,0.75677,0,0,0,0,0,0,0,0,0,0,0,0,0,0,0,0,0,0,0,0,0,0,0,0,0,0,0,0,0,0,0,0,0,0,0,0,0,0,0,0,0,0,0,0,0,0,0
0,0,0,0,0,0,0,0,0,0,0,0,0,0,0,0,0,0,0,0,0,0,0,0,0,0,0,0,0,0,0,0,0,0,0,0,0,0,0,0,0,0,0,0,0,0,4.1169,0.31544,0.75503,1.5786,2.0868,2.755,3.0922,2.8747,3.6646,3.5905,3.4298,3.48,3.3498,3.3814,3.2264,3.6049,3.5417,3.3042,3.4933,3.2964,3.268,2.8494,2.8239,2.919,2.9699,3.2766,2.772,2.9433,3.1944,4.1034,3.9345,3.9968,4.1234,4.4179,4.786,4.9144,5.0503,5.485,5.3753,5.687,5.8818,6.141,5.8513,6.086,5.9262,6.1256,6.1872,6.107,6.2867,6.15,6.1602,6.1157,6.1636,6.1638,6.0934,5.9628,6.1122,6.1146,5.9746,5.7748,6.2576,6.1388,6.0791,6.2314,6.034,6.1678,6.361,6.5464,6.5667,6.7687,6.6485,6.0291,6.4917,5.9885,6.1351,5.1476,5.069,4.045,3.7244,3.7507,3.4157,3.2066,3.1158,3.3957,2.8488,2.5733,2.7727,3.0342,3.132,3.0648,3.0988,3.7806,4.0384,4.1918,3.9152,4.5053,4.3738,3.8755,4.3623,4.6312,5.2295,5.3435,4.8349,4.5369,3.3662,2.9554,1.7465,1.1682,0,0,0,0,0,0,0,0,0,0,0,0,0,0,0,0,0,0,0,0,0,0,0,0,0,0,0,0,0,0,0,0,0,0,0,0,0,0,0,0,0,0,0,0,0,0,0
0,0,0,0,0,0,0,0,0,0,0,0,0,0,0,0,0,0,0,0,0,0,0,0,0,0,0,0,0,0,0,0,0,0,0,0,0,0,0,0,0,0,0,0,0,0,0.74177,0.54502,1.0417,1.2993,3.1409,3.0797,3.0545,3.0376,3.1649,3.628,4.007,3.3264,3.5756,3.7148,3.5752,3.1832,3.2894,3.1945,3.2289,3.3734,3.3747,3.148,3.0587,3.2873,3.1758,3.0129,3.3468,3.704,3.4994,3.5732,4.0315,4.2725,4.745,5.2037,4.9905,5.5183,5.7699,5.8361,5.7571,5.985,6.1258,6.1399,5.9621,5.9851,6.129,6.1397,5.777,6.0288,5.7225,5.7201,5.6825,5.775,5.7235,5.57,5.7434,5.7004,5.6725,5.6285,5.6987,5.7592,5.6242,5.673,5.8309,6.1728,5.9991,6.2,6.4378,6.5971,6.6913,6.8678,6.5897,6.9397,6.8014,6.2832,5.8089,5.1314,4.8083,4.9325,4.1438,3.5765,3.6225,3.7084,2.8834,2.9201,3.0603,2.7481,3.1566,2.9415,3.2214,3.9596,3.5542,3.6414,3.6194,4.6434,4.0582,4.6927,4.711,4.1164,4.2751,5.5003,4.9683,4.7634,4.5213,4.8476,5.9118,2.51,2.226,1.6452,0.74202,0,0,0,0,0,0,0,0,0,0,0,0,0,0,0,0,0,0,0,0,0,0,0,0,0,0,0,0,0,0,0,0,0,0,0,0,0,0,0,0,0,0,0,0,0,0
0,0,0,0,0,0,0,0,0,0,0,0,0,0,0,0,0,0,0,0,0,0,0,0,0,0,0,0,0,0,0,0,0,0,0,0,0,0,0,0,0,0,0,0,0,0,2.1771,0.97725,1.6829,3.2974,3.2258,2.7301,4.564,4.3997,3.7403,3.5837,3.5663,3.3191,4.135,3.5807,3.2397,4.1295,4.2122,3.8776,3.5434,2.8721,3.692,3.2093,3.2729,3.848,4.1001,3.0849,3.6893,3.3368,4.0816,3.9137,4.958,4.881,4.5521,4.9928,5.4268,5.8624,6.3067,6.1993,6.272,6.1151,5.8163,5.8615,6.4283,5.8626,6.4148,5.7528,5.6381,5.5889,5.3347,5.2602,5.3366,5.2544,5.3255,5.2258,5.2687,5.1384,5.2449,5.2748,5.4592,5.498,5.3026,5.4763,5.8736,5.9131,6.3285,6.467,6.4966,6.3568,6.6967,6.7381,6.9468,6.8712,6.8455,6.4115,6.4266,5.5797,4.8526,4.652,4.3812,3.8069,3.4958,2.9243,3.1801,3.3611,3.2154,2.8032,3.2173,3.1479,3.1222,3.4339,3.6739,3.8496,4.2847,3.9673,4.6938,5.3671,4.551,4.7383,5.2596,5.2669,5.5749,5.1331,4.7596,5.3102,4.2178,3.4599,2.3706,1.6732,0.94957,0,0,0,0,0,0,0,0,0,0,0,0,0,0,0,0,0,0,0,0,0,0,0,0,0,0,0,0,0,0,0,0,0,0,0,0,0,0,0,0,0,0,0,0,0,0
0,0,0,0,0,0,0,0,0,0,0,0,0,0,0,0,0,0,0,0,0,0,0,0,0,0,0,0,0,0,0,0,0,0,0,0,0,0,0,0,0,0,0,0,0,0,0.68669,1.2654,1.7586,1.9319,3.5921,2.7432,3.9674,3.6119,3.597,4.0421,3.5753,4.3302,4.2584,4.4369,3.7741,4.4573,3.5402,4.1887,3.7882,3.4033,3.3707,3.6889,2.9595,3.569,3.1208,3.4835,3.4182,4.4895,4.2945,4.3114,4.661,4.5692,5.1657,5.799,5.9378,6.2941,6.386,6.345,6.3848,6.1625,6.2872,6.2085,6.3654,6.0358,5.636,5.6344,5.2489,5.2559,5.1292,5.2001,4.9201,4.7009,4.6593,4.742,4.6066,4.6617,4.7693,4.9476,4.9017,5.316,5.3973,5.1452,5.4039,5.6497,6.1435,6.1148,6.5112,6.5917,6.8604,6.9109,6.6399,6.9811,6.8806,6.7706,6.2316,5.5354,4.5524,4.6987,4.3202,4.0305,3.5774,3.3155,2.7079,3.0002,3.0032,2.8743,3.6459,3.4361,3.2262,3.1444,3.7337,3.9896,4.2494,4.3781,4.5799,5.1371,5.2752,4.7927,4.7787,5.7292,5.255,5.6545,4.9997,5.3891,4.4281,4.0032,3.1614,2.2397,0.84813,0,0,0,0,0,0,0,0,0,0,0,0,0,0,0,0,0,0,0,0,0,0,0,0,0,0,0,0,0,0,0,0,0,0,0,0,0,0,0,0,0,0,0,0,0,0
0,0,0,0,0,0,0,0,0,0,0,0,0,0,0,0,0,0,0,0,0,0,0,0,0,0,0,0,0,0,0,0,0,0,0,0,0,0,0,0,0,0,0,0,0,0.95813,0.48975,1.5282,3.8356,2.0963,3.1632,3.0309,3.3467,3.3948,4.312,3.5043,4.0633,4.5001,4.1609,4.8138,3.582,4.5715,4.4165,4.1532,4.1,4.2593,3.8433,3.9267,3.5482,3.9054,3.4639,3.7522,4.1735,4.4108,4.9236,4.8473,5.1133,5.2216,6.0795,6.3114,6.6996,6.8284,6.665,6.5882,6.5593,6.5596,6.4241,6.3999,6.1875,6.0246,5.7316,5.5277,5.4531,5.1069,4.9709,4.5937,4.5623,4.2591,4.3075,4.177,4.0985,4.1386,4.3027,4.3527,4.4435,4.7307,4.9023,5.1645,5.1611,5.3995,5.6528,6.2569,6.2045,6.5664,6.7612,6.9142,6.9729,6.9969,7.0269,6.7407,6.4202,5.7185,5.1168,5.0394,3.888,3.8837,3.4693,2.81,3.115,2.7273,3.9309,3.2146,3.4534,2.9922,2.9422,3.8711,3.8415,4.0833,4.2448,3.6819,5.0412,4.9635,4.6317,5.4208,5.3601,4.9961,5.3106,4.8334,5.9026,5.0443,5.2278,4.1163,3.6462,2.0618,1.0815,0.93827,0,0,0,0,0,0,0,0,0,0,0,0,0,0,0,0,0,0,0,0,0,0,0,0,0,0,0,0,0,0,0,0,0,0,0,0,0,0,0,0,0,0,0,0,0
0,0,0,0,0,0,0,0,0,0,0,0,0,0,0,0,0,0,0,0,0,0,0,0,0,0,0,0,0,0,0,0,0,0,0,0,0,0,0,0,0,0,0,0,0,0.3743,0.83297,1.5522,2.6512,3.544,3.324,2.8519,4.419,3.9961,3.4718,3.6487,3.9117,3.8256,4.7451,4.7047,4.3632,4.424,4.0897,4.8182,4.3432,3.7091,3.9837,4.1581,3.9567,4.0864,3.658,3.7627,4.8046,4.1546,4.6411,5.0262,4.7925,5.5346,6.04,6.4901,6.5772,6.8357,6.8551,6.5531,6.8804,6.6578,6.7095,6.5318,6.373,5.8641,5.7369,5.3391,5.2132,4.7638,4.4441,4.1594,4.2086,3.915,3.775,3.8149,3.6531,3.757,3.8069,4.0831,4.0531,4.1077,4.5343,4.64,5.1152,5.3149,5.5086,5.9879,6.4002,6.4382,6.7091,6.9227,6.9582,6.6654,6.51,6.5718,6.0422,5.6231,5.2547,4.5742,4.2934,3.5793,3.6012,2.8854,3.024,2.9818,3.37,3.1987,3.5482,3.2975,3.7653,3.6823,3.7017,3.7656,4.1199,4.4871,4.418,5.1532,5.2128,5.4457,5.4601,6.161,5.6011,5.5169,5.9255,6.0926,5.6675,5.8035,3.033,2.3425,1.3561,0.57127,0,0,0,0,0,0,0,0,0,0,0,0,0,0,0,0,0,0,0,0,0,0,0,0,0,0,0,0,0,0,0,0,0,0,0,0,0,0,0,0,0,0,0,0,0
0,0,0,0,0,0,0,0,0,0,0,0,0,0,0,0,0,0,0,0,0,0,0,0,0,0,0,0,0,0,0,0,0,0,0,0,0,0,0,0,0,0,0,0,0,0.23543,0.65043,1.4585,2.3583,3.0883,3.1915,3.3006,3.4557,3.923,3.9556,3.7409,4.5494,4.2447,6.1184,4.399,5.8789,4.9275,4.3324,4.3593,4.7064,5.1251,4.8653,4.6228,5.2141,4.1234,4.3972,4.0395,4.3095,4.3135,4.984,5.0243,5.2926,6.0096,5.9952,6.6233,7.0152,6.7727,7.0292,6.9743,7.1067,6.5705,6.5515,6.2218,5.9139,5.6643,5.2631,5.0422,4.4979,4.3872,4.0149,4.039,3.7009,3.5784,3.3693,3.3958,3.2412,3.2997,3.4862,3.3913,3.6899,3.8559,4.1477,4.4502,4.654,4.8493,5.4114,5.741,6.0452,6.3529,6.7004,6.7805,6.9561,6.8166,6.4622,6.5108,6.2675,5.9346,5.4476,4.5746,3.8258,4.0854,3.607,3.7159,3.0802,3.2941,2.9538,3.1066,3.6641,3.6576,3.4205,3.7573,3.7055,4.0575,3.8365,4.6665,5.0685,4.6751,5.4724,4.6406,5.109,5.2424,5.6557,5.4802,5.951,6.2973,5.0882,5.9605,5.1401,2.598,1.6302,0.53325,0,0,0,0,0,0,0,0,0,0,0,0,0,0,0,0,0,0,0,0,0,0,0,0,0,0,0,0,0,0,0,0,0,0,0,0,0,0,0,0,0,0,0,0,0
0,0,0,0,0,0,0,0,0,0,0,0,0,0,0,0,0,0,0,0,0,0,0,0,0,0,0,0,0,0,0,0,0,0,0,0,0,0,0,0,0,0,0,0,0,0.32911,1.0798,2.0438,2.8682,3.0953,3.3102,3.8398,3.2918,4.7292,4.4257,4.7032,4.0529,5.5259,5.7378,5.7232,4.9822,4.3494,5.7582,5.0065,4.6787,4.9121,4.7135,4.2421,3.8415,4.4089,4.1384,3.9629,4.3179,4.0556,4.8804,5.2545,5.9038,6.1772,6.6796,6.7213,6.6606,6.978,6.7267,6.8414,6.8617,6.8156,6.6934,6.2061,5.9167,5.3668,5.0846,4.795,4.3794,4.173,3.6952,3.514,3.3732,3.2164,3.099,3.0122,3.0095,3.1106,3.0262,3.2456,3.3576,3.5923,3.7551,4.1493,4.299,4.5579,4.9979,5.4594,5.8828,6.3155,6.792,6.5103,6.7112,6.6897,6.2999,6.284,6.0873,5.7538,5.1822,5.0051,4.0823,4.0468,3.4982,3.5291,2.9091,3.3541,3.3346,3.4151,3.1963,3.1017,3.8052,3.5842,4.8794,4.2062,4.5971,4.0066,4.1822,4.5021,4.8927,5.2587,5.89,5.113,5.4884,6.2662,6.4106,6.1233,5.8535,5.4511,4.0843,3.5209,1.7645,1.3945,0,0,0,0,0,0,0,0,0,0,0,0,0,0,0,0,0,0,0,0,0,0,0,0,0,0,0,0,0,0,0,0,0,0,0,0,0,0,0,0,0,0,0,0,0
0,0,0,0,0,0,0,0,0,0,0,0,0,0,0,0,0,0,0,0,0,0,0,0,0,0,0,0,0,0,0,0,0,0,0,0,0,0,0,0,0,0,0,0,0,0.46076,1.2953,1.7088,2.9815,3.2817,3.7508,3.5945,5.0241,4.5051,4.6194,4.8339,5.0778,4.9099,4.2471,5.3474,4.5293,5.3158,4.7699,4.9679,4.1984,4.6777,4.4989,4.3605,4.1401,4.4281,4.1909,4.1487,4.5343,4.5915,5.0226,4.9486,5.6215,5.6028,6.2025,6.2334,6.7311,6.829,6.7995,6.9319,6.8941,6.5724,6.2693,5.9985,5.6464,5.2444,4.7676,4.3383,4.0219,3.6989,3.3546,3.2792,3.0814,2.8959,2.7729,2.7413,2.7021,2.683,2.8499,2.9086,3.083,3.2366,3.4992,3.6567,3.9813,4.3558,4.8272,5.1637,5.6428,5.969,6.2334,6.5939,6.5112,6.689,6.1312,6.2057,5.8804,5.3528,5.2602,4.7864,4.1998,4.025,3.5663,3.2574,3.1619,3.1761,2.9719,3.3747,3.3958,3.6171,3.3226,4.1856,3.9607,3.9546,3.7521,4.107,5.0723,5.3328,4.6909,5.5791,5.5036,6.1099,6.5071,6.4126,5.7436,6.3687,6.3233,6.2454,3.9823,3.2388,1.9279,1.9105,0,0,0,0,0,0,0,0,0,0,0,0,0,0,0,0,0,0,0,0,0,0,0,0,0,0,0,0,0,0,0,0,0,0,0,0,0,0,0,0,0,0,0,0,0
0,0,0,0,0,0,0,0,0,0,0,0,0,0,0,0,0,0,0,0,0,0,0,0,0,0,0,0,0,0,0,0,0,0,0,0,0,0,0,0,0,0,0,0,0,0.87864,1.3986,2.0776,2.8458,3.325,3.8379,4.0237,4.5035,4.2228,3.9942,4.3684,4.8105,5.3326,6.0039,4.932,5.0858,5.2337,4.9332,5.2954,5.1644,4.9857,4.143,5.6406,4.2895,4.1279,4.5893,4.4309,4.1397,5.8594,4.7168,5.2018,5.9115,5.9494,5.8745,6.7948,6.8781,6.8066,6.759,6.9479,6.6031,6.4307,6.2167,5.9129,5.3632,5.0049,4.4147,4.0838,3.747,3.4335,3.1164,2.9668,2.7659,2.5528,2.5123,2.5168,2.3975,2.4979,2.5369,2.6277,2.712,2.9499,3.1951,3.3601,3.7263,4.136,4.4366,5.039,5.3579,5.7644,6.0762,6.6163,6.4006,6.3893,5.9536,5.8642,5.7012,5.485,4.8504,4.7985,4.7659,4.0239,3.788,3.6619,3.1696,3.563,3.2973,3.9335,3.2644,3.5322,3.6922,3.6625,3.8586,4.458,4.1739,4.5293,4.8355,4.6591,4.9382,5.8739,6.3177,5.983,5.952,6.2187,6.3664,6.0051,5.9836,6.2661,8.4242,2.9359,2.4334,1.4167,19.147,0,0,0,0,0,0,0,0,0,0,0,0,0,0,0,0,0,0,0,0,0,0,0,0,0,0,0,0,0,0,0,0,0,0,0,0,0,0,0,0,0,0,0,0
0,0,0,0,0,0,0,0,0,0,0,0,0,0,0,0,0,0,0,0,0,0,0,0,0,0,0,0,0,0,0,0,0,0,0,0,0,0,0,0,0,0,0,0,0.81036,1.2397,2.0029,2.5798,3.4807,4.0514,4.281,4.0008,4.4932,4.846,4.3002,5.3203,4.4539,5.4119,5.1242,5.1844,5.4186,5.1361,4.9088,4.556,4.2434,4.8996,4.7155,4.6129,4.5304,4.6305,4.5925,4.5642,4.4682,4.9627,4.8665,5.1036,5.195,5.8706,6.1448,6.4348,6.6852,6.6753,6.4543,6.5367,6.4413,6.2808,6.0243,5.6416,5.1253,4.7208,4.2688,3.7588,3.4475,3.2097,2.9166,2.8225,2.5853,2.39,2.3708,2.2359,2.1431,2.2092,2.3283,2.4257,2.5254,2.6852,2.9164,3.2014,3.5456,3.7635,4.2241,4.7069,5.1212,5.541,5.8873,6.1778,6.3755,6.2585,5.9117,6.0662,5.9987,5.7014,5.5203,4.8628,4.8846,3.814,3.2864,3.8049,3.2957,3.6945,2.8585,3.2185,3.4187,3.3911,3.9012,3.5669,4.068,3.5498,3.8036,4.3291,5.3397,5.2202,5.9093,5.8309,5.9878,5.6466,6.117,6.6754,6.49,4.9476,5.3836,5.7136,5.3091,4.3559,2.5814,2.6854,1.6165,0,0,0,0,0,0,0,0,0,0,0,0,0,0,0,0,0,0,0,0,0,0,0,0,0,0,0,0,0,0,0,0,0,0,0,0,0,0,0,0,0,0,0,0
0,0,0,0,0,0,0,0,0,0,0,0,0,0,0,0,0,0,0,0,0,0,0,0,0,0,0,0,0,0,0,0,0,0,0,0,0,0,0,0,0,0,0,0,3.0451,0.96825,2.1489,2.587,3.9574,4.472,4.1703,4.2334,3.9214,4.7954,5.2315,4.6756,5.0502,4.6766,6.1606,5.0058,5.3718,4.9502,5.0289,4.0097,4.9882,4.3767,4.8287,4.2885,4.7403,4.3843,4.226,4.837,4.6617,4.6406,4.7348,5.0479,5.5807,5.6629,6.148,6.818,6.6028,6.3791,6.3923,6.4467,6.3356,6.1543,5.8232,5.4326,4.8681,4.4186,4.0563,3.6961,3.3527,2.9946,2.7935,2.5771,2.3912,2.2399,2.1449,2.1496,2.0382,2.0897,2.214,2.2639,2.3948,2.5986,2.8185,3.0144,3.2181,3.6911,3.9552,4.6883,5.0282,5.3686,5.8323,5.9761,6.2637,6.2627,6.1218,6.1174,6.1781,5.7676,5.0768,4.9855,4.2204,4.1588,3.4704,3.9416,3.3827,3.6947,3.8834,3.9383,3.83,3.5986,3.3728,4.2827,2.9962,4.0809,4.2125,4.3161,4.0824,5.5646,4.65,5.6039,6.2705,5.1151,6.1247,7.0274,6.3569,6.1531,5.5282,5.9059,5.1434,4.6417,2.7346,2.6589,0,0,0,0,0,0,0,0,0,0,0,0,0,0,0,0,0,0,0,0,0,0,0,0,0,0,0,0,0,0,0,0,0,0,0,0,0,0,0,0,0,0,0,0,0
0,0,0,0,0,0,0,0,0,0,0,0,0,0,0,0,0,0,0,0,0,0,0,0,0,0,0,0,0,0,0,0,0,0,0,0,0,0,0,0,0,0,0,0,0,1.189,2.2713,3.5619,3.6924,4.6746,5.5548,4.6589,3.9838,4.383,5.6252,5.4787,5.716,5.9508,5.1837,6.0404,5.7011,5.8425,5.7519,4.7777,4.8654,4.4897,3.6362,4.7553,4.3688,4.7721,4.1731,4.7627,4.7051,4.2196,4.8836,4.6879,5.7883,5.5762,5.9299,6.1918,6.4133,6.457,6.4169,6.4084,6.3334,5.8854,5.6099,5.2232,4.6828,4.2866,3.9,3.4565,3.1049,2.9128,2.6548,2.3729,2.1311,2.1245,2.1825,1.8776,1.8329,1.9772,2.0882,2.1924,2.1905,2.3603,2.6237,2.9021,3.1818,3.5597,3.9594,4.3663,4.8238,5.41,5.6078,5.7182,5.8853,6.0331,5.8828,5.9462,6.0918,5.3625,5.6385,4.963,4.7083,4.4222,3.5328,4.3569,3.6239,3.6145,3.832,4.0204,3.5014,3.6227,4.0294,4.4717,3.9747,3.8969,4.2705,5.3771,4.7735,5.6874,6.2421,6.4132,5.7291,5.8292,5.824,5.7701,5.453,5.7628,7.1572,5.5688,5.652,3.7048,3.0887,1.6372,0,0,0,0,0,0,0,0,0,0,0,0,0,0,0,0,0,0,0,0,0,0,0,0,0,0,0,0,0,0,0,0,0,0,0,0,0,0,0,0,0,0,0,0,0
0,0,0,0,0,0,0,0,0,0,0,0,0,0,0,0,0,0,0,0,0,0,0,0,0,0,0,0,0,0,0,0,0,0,0,0,0,0,0,0,0,0,0,0,0.16208,0.9261,3.0167,3.9783,4.2838,4.9931,4.8216,4.6311,4.7772,4.8202,6.0823,5.5928,5.2793,5.6174,5.2312,5.51,5.6161,5.9427,4.6896,4.7531,4.9092,4.213,3.836,4.2156,3.388,3.9305,4.7886,4.3489,4.984,4.2717,4.1048,5.0624,5.3737,5.4111,5.8782,6.2541,6.3803,6.0376,6.2379,5.9627,6.2943,5.78,5.396,5.1033,4.8241,4.397,3.8809,3.4561,3.1346,2.7518,2.5617,2.2495,2.0723,2.034,2.1266,1.6098,1.6623,1.6144,1.6693,2.0961,2.0779,2.2265,2.5841,2.8017,3.0822,3.3101,3.8575,4.3069,4.7073,5.2184,5.4289,5.7208,6.1995,6.2062,5.8603,6.0016,5.9746,5.8742,5.5638,4.8127,5.3182,4.507,3.9272,3.4695,3.6561,4.0675,3.6944,3.6858,3.0845,3.2542,3.6374,4.3457,3.3516,4.3177,4.0863,5.3397,4.5592,5.4365,6.3606,5.3434,5.3609,5.6864,5.623,5.7206,5.7484,5.0423,5.6614,5.29,4.9177,4.425,3.082,0.79224,0.46709,0,0,0,0,0,0,0,0,0,0,0,0,0,0,0,0,0,0,0,0,0,0,0,0,0,0,0,0,0,0,0,0,0,0,0,0,0,0,0,0,0,0,0,0
0,0,0,0,0,0,0,0,0,0,0,0,0,0,0,0,0,0,0,0,0,0,0,0,0,0,0,0,0,0,0,0,0,0,0,0,0,0,0,0,0,0,0,0,0.26275,1.6444,2.5174,6.3034,3.8549,5.3224,4.4596,4.643,4.8949,5.4768,6.4115,4.7073,5.0631,6.0576,5.181,5.3062,5.487,6.1284,5.6188,3.9159,4.2763,4.4756,3.9237,4.1514,3.6114,4.7805,3.564,4.0313,4.0046,4.709,4.094,4.7533,5.2523,5.5674,5.538,5.7644,5.9215,6.085,6.0562,6.177,5.975,5.7516,5.1431,5.2733,4.5231,4.1786,3.8099,3.4638,3.0051,2.7075,2.5125,2.2767,2.2185,1.8013,1.6418,1.4589,1.2861,1.5537,1.6156,2.1,2.0147,2.2972,2.4903,2.7729,3.0735,3.3728,3.7921,4.0874,4.572,5.3015,5.335,5.532,5.7562,6.2891,6.0885,6.094,5.9827,5.5286,5.4396,5.5405,4.8312,4.4779,4.3659,4.6319,3.8576,4.2158,3.3889,4.0886,3.1489,3.6169,3.5393,3.9272,3.8463,3.807,3.9922,5.1272,4.754,5.7428,5.5555,5.8924,5.0832,5.7063,5.8134,5.9834,5.7042,5.9873,5.1646,5.1005,4.8156,3.8608,2.5455,1.6569,0.79749,0,0,0,0,0,0,0,0,0,0,0,0,0,0,0,0,0,0,0,0,0,0,0,0,0,0,0,0,0,0,0,0,0,0,0,0,0,0,0,0,0,0,0,0
0,0,0,0,0,0,0,0,0,0,0,0,0,0,0,0,0,0,0,0,0,0,0,0,0,0,0,0,0,0,0,0,0,0,0,0,0,0,0,0,0,0,0,0,0.12173,1.8635,2.6851,5.4023,4.5959,5.5226,5.3138,5.7314,5.3518,6.1663,5.4357,6.1794,5.2102,6.1813,5.2886,5.8977,5.2789,5.1061,5.0759,4.2014,4.2811,4.2403,4.0974,4.8089,2.9092,4.1083,4.2874,4.084,3.6388,4.7737,4.2961,4.8474,5.4542,5.6359,5.4351,5.88,6.0422,6.1228,6.2016,6.1364,5.8146,5.5387,5.3315,5.0526,4.7057,4.1726,3.7265,3.3868,3.0593,2.6118,2.459,2.2038,2.1879,1.8621,1.5724,1.2476,1.1101,1.2476,1.5724,1.8621,2.1879,2.2038,2.459,2.6118,3.0593,3.3868,3.7265,4.1726,4.7057,5.0526,5.3315,5.5387,5.8146,6.1364,6.2016,6.1228,6.0422,5.88,5.4351,5.6359,5.4542,4.8474,4.2961,4.7737,3.6388,4.084,4.2874,4.1083,2.9092,4.8089,4.0974,4.2403,4.2811,4.2014,5.0759,5.1061,5.2789,5.8977,5.2886,6.1813,5.2102,6.1794,5.4357,6.1663,5.3518,5.7314,5.3138,5.5226,4.5959,5.4023,2.6851,1.8635,0.12173,0,0,0,0,0,0,0,0,0,0,0,0,0,0,0,0,0,0,0,0,0,0,0,0,0,0,0,0,0,0,0,0,0,0,0,0,0,0,0,0,0,0,0,0
0,0,0,0,0,0,0,0,0,0,0,0,0,0,0,0,0,0,0,0,0,0,0,0,0,0,0,0,0,0,0,0,0,0,0,0,0,0,0,0,0,0,0,0,0.79749,1.6569,2.5455,3.8608,4.8156,5.1005,5.1646,5.9873,5.7042,5.9834,5.8134,5.7063,5.0832,5.8924,5.5555,5.7428,4.754,5.1272,3.9922,3.807,3.8463,3.9272,3.5393,3.6169,3.1489,4.0886,3.3889,4.2158,3.8576,4.6319,4.3659,4.4779,4.8312,5.5405,5.4396,5.5286,5.9827,6.094,6.0885,6.2891,5.7562,5.532,5.335,5.3015,4.572,4.0874,3.7921,3.3728,3.0735,2.7729,2.4903,2.2972,2.0147,2.1,1.6156,1.5537,1.2861,1.4589,1.6418,1.8013,2.2185,2.2767,2.5125,2.7075,3.0051,3.4638,3.8099,4.1786,4.5231,5.2733,5.1431,5.7516,5.975,6.177,6.0562,6.085,5.9215,5.7644,5.538,5.5674,5.2523,4.7533,4.094,4.709,4.0046,4.0313,3.564,4.7805,3.6114,4.1514,3.9237,4.4756,4.2763,3.9159,5.6188,6.1284,5.487,5.3062,5.181,6.0576,5.0631,4.7073,6.4115,5.4768,4.8949,4.643,4.4596,5.3224,3.8549,6.3034,2.5174,1.6444,0.26275,0,0,0,0,0,0,0,0,0,0,0,0,0,0,0,0,0,0,0,0,0,0,0,0,0,0,0,0,0,0,0,0,0,0,0,0,0,0,0,0,0,0,0,0
0,0,0,0,0,0,0,0,0,0,0,0,0,0,0,0,0,0,0,0,0,0,0,0,0,0,0,0,0,0,0,0,0,0,0,0,0,0,0,0,0,0,0,0,0.46709,0.79224,3.082,4.425,4.9177,5.29,5.6614,5.0423,5.7484,5.7206,5.623,5.6864,5.3609,5.3434,6.3606,5.4365,4.5592,5.3397,4.0863,4.3177,3.3516,4.3457,3.6374,3.2542,3.0845,3.6858,3.6944,4.0675,3.6561,3.4695,3.9272,4.507,5.3182,4.8127,5.5638,5.8742,5.9746,6.0016,5.8603,6.2062,6.1995,5.7208,5.4289,5.2184,4.7073,4.3069,3.8575,3.3101,3.0822,2.8017,2.5841,2.2265,2.0779,2.0961,1.6693,1.6144,1.6623,1.6098,2.1266,2.034,2.0723,2.2495,2.5617,2.7518,3.1346,3.4561,3.8809,4.397,4.8241,5.1033,5.396,5.78,6.2943,5.9627,6.2379,6.0376,6.3803,6.2541,5.8782,5.4111,5.3737,5.0624,4.1048,4.2717,4.984,4.3489,4.7886,3.9305,3.388,4.2156,3.836,4.213,4.9092,4.7531,4.6896,5.9427,5.6161,5.51,5.2312,5.6174,5.2793,5.5928,6.0823,4.8202,4.7772,4.6311,4.8216,4.9931,4.2838,3.9783,3.0167,0.9261,0.16208,0,0,0,0,0,0,0,0,0,0,0,0,0,0,0,0,0,0,0,0,0,0,0,0,0,0,0,0,0,0,0,0,0,0,0,0,0,0,0,0,0,0,0,0
0,0,0,0,0,0,0,0,0,0,0,0,0,0,0,0,0,0,0,0,0,0,0,0,0,0,0,0,0,0,0,0,0,0,0,0,0,0,0,0,0,0,0,0,0,1.6372,3.0887,3.7048,5.652,5.5688,7.1572,5.7628,5.453,5.7701,5.824,5.8292,5.7291,6.4132,6.2421,5.6874,4.7735,5.3771,4.2705,3.8969,3.9747,4.4717,4.0294,3.6227,3.5014,4.0204,3.832,3.6145,3.6239,4.3569,3.5328,4.4222,4.7083,4.963,5.6385,5.3625,6.0918,5.9462,5.8828,6.0331,5.8853,5.7182,5.6078,5.41,4.8238,4.3663,3.9594,3.5597,3.1818,2.9021,2.6237,2.3603,2.1905,2.1924,2.0882,1.9772,1.8329,1.8776,2.1825,2.1245,2.1311,2.3729,2.6548,2.9128,3.1049,3.4565,3.9,4.2866,4.6828,5.2232,5.6099,5.8854,6.3334,6.4084,6.4169,6.457,6.4133,6.1918,5.9299,5.5762,5.7883,4.6879,4.8836,4.2196,4.7051,4.7627,4.1731,4.7721,4.3688,4.7553,3.6362,4.4897,4.8654,4.7777,5.7519,5.8425,5.7011,6.0404,5.1837,5.9508,5.716,5.4787,5.6252,4.383,3.9838,4.6589,5.5548,4.6746,3.6924,3.5619,2.2713,1.189,0,0,0,0,0,0,0,0,0,0,0,0,0,0,0,0,0,0,0,0,0,0,0,0,0,0,0,0,0,0,0,0,0,0,0,0,0,0,0,0,0,0,0,0,0
0,0,0,0,0,0,0,0,0,0,0,0,0,0,0,0,0,0,0,0,0,0,0,0,0,0,0,0,0,0,0,0,0,0,0,0,0,0,0,0,0,0,0,0,0,2.6589,2.7346,4.6417,5.1434,5.9059,5.5282,6.1531,6.3569,7.0274,6.1247,5.1151,6.2705,5.6039,4.65,5.5646,4.0824,4.3161,4.2125,4.0809,2.9962,4.2827,3.3728,3.5986,3.83,3.9383,3.8834,3.6947,3.3827,3.9416,3.4704,4.1588,4.2204,4.9855,5.0768,5.7676,6.1781,6.1174,6.1218,6.2627,6.2637,5.9761,5.8323,5.3686,5.0282,4.6883,3.9552,3.6911,3.2181,3.0144,2.8185,2.5986,2.3948,2.2639,2.214,2.0897,2.0382,2.1496,2.1449,2.2399,2.3912,2.5771,2.7935,2.9946,3.3527,3.6961,4.0563,4.4186,4.8681,5.4326,5.8232,6.1543,6.3356,6.4467,6.3923,6.3791,6.6028,6.818,6.148,5.6629,5.5807,5.0479,4.7348,4.6406,4.6617,4.837,4.226,4.3843,4.7403,4.2885,4.8287,4.3767,4.9882,4.0097,5.0289,4.9502,5.3718,5.0058,6.1606,4.6766,5.0502,4.6756,5.2315,4.7954,3.9214,4.2334,4.1703,4.472,3.9574,2.587,2.1489,0.96825,3.0451,0,0,0,0,0,0,0,0,0,0,0,0,0,0,0,0,0,0,0,0,0,0,0,0,0,0,0,0,0,0,0,0,0,0,0,0,0,0,0,0,0,0,0,0
0,0,0,0,0,0,0,0,0,0,0,0,0,0,0,0,0,0,0,0,0,0,0,0,0,0,0,0,0,0,0,0,0,0,0,0,0,0,0,0,0,0,0,0,1.6165,2.6854,2.5814,4.3559,5.3091,5.7136,5.3836,4.9476,6.49,6.6754,6.117,5.6466,5.9878,5.8309,5.9093,5.2202,5.3397,4.3291,3.8036,3.5498,4.068,3.5669,3.9012,3.3911,3.4187,3.2185,2.8585,3.6945,3.2957,3.8049,3.2864,3.814,4.8846,4.8628,5.5203,5.7014,5.9987,6.0662,5.9117,6.2585,6.3755,6.1778,5.8873,5.541,5.1212,4.7069,4.2241,3.7635,3.5456,3.2014,2.9164,2.6852,2.5254,2.4257,2.3283,2.2092,2.1431,2.2359,2.3708,2.39,2.5853,2.8225,2.9166,3.2097,3.4475,3.7588,4.2688,4.7208,5.1253,5.6416,6.0243,6.2808,6.4413,6.5367,6.4543,6.6753,6.6852,6.4348,6.1448,5.8706,5.195,5.1036,4.8665,4.9627,4.4682,4.5642,4.5925,4.6305,4.5304,4.6129,4.7155,4.8996,4.2434,4.556,4.9088,5.1361,5.4186,5.1844,5.1242,5.4119,4.4539,5.3203,4.3002,4.846,4.4932,4.0008,4.281,4.0514,3.4807,2.5798,2.0029,1.2397,0.81036,0,0,0,0,0,0,0,0,0,0,0,0,0,0,0,0,0,0,0,0,0,0,0,0,0,0,0,0,0,0,0,0,0,0,0,0,0,0,0,0,0,0,0,0
0,0,0,0,0,0,0,0,0,0,0,0,0,0,0,0,0,0,0,0,0,0,0,0,0,0,0,0,0,0,0,0,0,0,0,0,0,0,0,0,0,0,0,0,19.147,1.4167,2.4334,2.9359,8.4242,6.2661,5.9836,6.0051,6.3664,6.2187,5.952,5.983,6.3177,5.8739,4.9382,4.6591,4.8355,4.5293,4.1739,4.458,3.8586,3.6625,3.6922,3.5322,3.2644,3.9335,3.2973,3.563,3.1696,3.6619,3.788,4.0239,4.7659,4.7985,4.8504,5.485,5.7012,5.8642,5.9536,6.3893,6.4006,6.6163,6.0762,5.7644,5.3579,5.039,4.4366,4.136,3.7263,3.3601,3.1951,2.9499,2.712,2.6277,2.5369,2.4979,2.3975,2.5168,2.5123,2.5528,2.7659,2.9668,3.1164,3.4335,3.747,4.0838,4.4147,5.0049,5.3632,5.9129,6.2167,6.4307,6.6031,6.9479,6.759,6.8066,6.8781,6.7948,5.8745,5.9494,5.9115,5.2018,4.7168,5.8594,4.1397,4.4309,4.5893,4.1279,4.2895,5.6406,4.143,4.9857,5.1644,5.2954,4.9332,5.2337,5.0858,4.932,6.0039,5.3326,4.8105,4.3684,3.9942,4.2228,4.5035,4.0237,3.8379,3.325,2.8458,2.0776,1.3986,0.87864,0,0,0,0,0,0,0,0,0,0,0,0,0,0,0,0,0,0,0,0,0,0,0,0,0,0,0,0,0,0,0,0,0,0,0,0,0,0,0,0,0,0,0,0,0
0,0,0,0,0,0,0,0,0,0,0,0,0,0,0,0,0,0,0,0,0,0,0,0,0,0,0,0,0,0,0,0,0,0,0,0,0,0,0,0,0,0,0,0,0,1.9105,1.9279,3.2388,3.9823,6.2454,6.3233,6.3687,5.7436,6.4126,6.5071,6.1099,5.5036,5.5791,4.6909,5.3328,5.0723,4.107,3.7521,3.9546,3.9607,4.1856,3.3226,3.6171,3.3958,3.3747,2.9719,3.1761,3.1619,3.2574,3.5663,4.025,4.1998,4.7864,5.2602,5.3528,5.8804,6.2057,6.1312,6.689,6.5112,6.5939,6.2334,5.969,5.6428,5.1637,4.8272,4.3558,3.9813,3.6567,3.4992,3.2366,3.083,2.9086,2.8499,2.683,2.7021,2.7413,2.7729,2.8959,3.0814,3.2792,3.3546,3.6989,4.0219,4.3383,4.7676,5.2444,5.6464,5.9985,6.2693,6.5724,6.8941,6.9319,6.7995,6.829,6.7311,6.2334,6.2025,5.6028,5.6215,4.9486,5.0226,4.5915,4.5343,4.1487,4.1909,4.4281,4.1401,4.3605,4.4989,4.6777,4.1984,4.9679,4.7699,5.3158,4.5293,5.3474,4.2471,4.9099,5.0778,4.8339,4.6194,4.5051,5.0241,3.5945,3.7508,3.2817,2.9815,1.7088,1.2953,0.46076,0,0,0,0,0,0,0,0,0,0,0,0,0,0,0,0,0,0,0,0,0,0,0,0,0,0,0,0,0,0,0,0,0,0,0,0,0,0,0,0,0,0,0,0,0
0,0,0,0,0,0,0,0,0,0,0,0,0,0,0,0,0,0,0,0,0,0,0,0,0,0,0,0,0,0,0,0,0,0,0,0,0,0,0,0,0,0,0,0,0,1.3945,1.7645,3.5209,4.0843,5.4511,5.8535,6.1233,6.4106,6.2662,5.4884,5.113,5.89,5.2587,4.8927,4.5021,4.1822,4.0066,4.5971,4.2062,4.8794,3.5842,3.8052,3.1017,3.1963,3.4151,3.3346,3.3541,2.9091,3.5291,3.4982,4.0468,4.0823,5.0051,5.1822,5.7538,6.0873,6.284,6.2999,6.6897,6.7112,6.5103,6.792,6.3155,5.8828,5.4594,4.9979,4.5579,4.299,4.1493,3.7551,3.5923,3.3576,3.2456,3.0262,3.1106,3.0095,3.0122,3.099,3.2164,3.3732,3.514,3.6952,4.173,4.3794,4.795,5.0846,5.3668,5.9167,6.2061,6.6934,6.8156,6.8617,6.8414,6.7267,6.978,6.6606,6.7213,6.6796,6.1772,5.9038,5.2545,4.8804,4.0556,4.3179,3.9629,4.1384,4.4089,3.8415,4.2421,4.7135,4.9121,4.6787,5.0065,5.7582,4.3494,4.9822,5.7232,5.7378,5.5259,4.0529,4.7032,4.4257,4.7292,3.2918,3.8398,3.3102,3.0953,2.8682,2.0438,1.0798,0.32911,0,0,0,0,0,0,0,0,0,0,0,0,0,0,0,0,0,0,0,0,0,0,0,0,0,0,0,0,0,0,0,0,0,0,0,0,0,0,0,0,0,0,0,0,0
0,0,0,0,0,0,0,0,0,0,0,0,0,0,0,0,0,0,0,0,0,0,0,0,0,0,0,0,0,0,0,0,0,0,0,0,0,0,0,0,0,0,0,0,0,0.53325,1.6302,2.598,5.1401,5.9605,5.0882,6.2973,5.951,5.4802,5.6557,5.2424,5.109,4.6406,5.4724,4.6751,5.0685,4.6665,3.8365,4.0575,3.7055,3.7573,3.4205,3.6576,3.6641,3.1066,2.9538,3.2941,3.0802,3.7159,3.607,4.0854,3.8258,4.5746,5.4476,5.9346,6.2675,6.5108,6.4622,6.8166,6.9561,6.7805,6.7004,6.3529,6.0452,5.741,5.4114,4.8493,4.654,4.4502,4.1477,3.8559,3.6899,3.3913,3.4862,3.2997,3.2412,3.3958,3.3693,3.5784,3.7009,4.039,4.0149,4.3872,4.4979,5.0422,5.2631,5.6643,5.9139,6.2218,6.5515,6.5705,7.1067,6.9743,7.0292,6.7727,7.0152,6.6233,5.9952,6.0096,5.2926,5.0243,4.984,4.3135,4.3095,4.0395,4.3972,4.1234,5.2141,4.6228,4.8653,5.1251,4.7064,4.3593,4.3324,4.9275,5.8789,4.399,6.1184,4.2447,4.5494,3.7409,3.9556,3.923,3.4557,3.3006,3.1915,3.0883,2.3583,1.4585,0.65043,0.23543,0,0,0,0,0,0,0,0,0,0,0,0,0,0,0,0,0,0,0,0,0,0,0,0,0,0,0,0,0,0,0,0,0,0,0,0,0,0,0,0,0,0,0,0,0
0,0,0,0,0,0,0,0,0,0,0,0,0,0,0,0,0,0,0,0,0,0,0,0,0,0,0,0,0,0,0,0,0,0,0,0,0,0,0,0,0,0,0,0,0,0.57127,1.3561,2.3425,3.033,5.8035,5.6675,6.0926,5.9255,5.5169,5.6011,6.161,5.4601,5.4457,5.2128,5.1532,4.418,4.4871,4.1199,3.7656,3.7017,3.6823,3.7653,3.2975,3.5482,3.1987,3.37,2.9818,3.024,2.8854,3.6012,3.5793,4.2934,4.5742,5.2547,5.6231,6.0422,6.5718,6.51,6.6654,6.9582,6.9227,6.7091,6.4382,6.4002,5.9879,5.5086,5.3149,5.1152,4.64,4.5343,4.1077,4.0531,4.0831,3.8069,3.757,3.6531,3.8149,3.775,3.915,4.2086,4.1594,4.4441,4.7638,5.2132,5.3391,5.7369,5.8641,6.373,6.5318,6.7095,6.6578,6.8804,6.5531,6.8551,6.8357,6.5772,6.4901,6.04,5.5346,4.7925,5.0262,4.6411,4.1546,4.8046,3.7627,3.658,4.0864,3.9567,4.1581,3.9837,3.7091,4.3432,4.8182,4.0897,4.424,4.3632,4.7047,4.7451,3.8256,3.9117,3.6487,3.4718,3.9961,4.419,2.8519,3.324,3.544,2.6512,1.5522,0.83297,0.3743,0,0,0,0,0,0,0,0,0,0,0,0,0,0,0,0,0,0,0,0,0,0,0,0,0,0,0,0,0,0,0,0,0,0,0,0,0,0,0,0,0,0,0,0,0
0,0,0,0,0,0,0,0,0,0,0,0,0,0,0,0,0,0,0,0,0,0,0,0,0,0,0,0,0,0,0,0,0,0,0,0,0,0,0,0,0,0,0,0,0,0.93827,1.0815,2.0618,3.6462,4.1163,5.2278,5.0443,5.9026,4.8334,5.3106,4.9961,5.3601,5.4208,4.6317,4.9635,5.0412,3.6819,4.2448,4.0833,3.8415,3.8711,2.9422,2.9922,3.4534,3.2146,3.9309,2.7273,3.115,2.81,3.4693,3.8837,3.888,5.0394,5.1168,5.7185,6.4202,6.7407,7.0269,6.9969,6.9729,6.9142,6.7612,6.5664,6.2045,6.2569,5.6528,5.3995,5.1611,5.1645,4.9023,4.7307,4.4435,4.3527,4.3027,4.1386,4.0985,4.177,4.3075,4.2591,4.5623,4.5937,4.9709,5.1069,5.4531,5.5277,5.7316,6.0246,6.1875,6.3999,6.4241,6.5596,6.5593,6.5882,6.665,6.8284,6.6996,6.3114,6.0795,5.2216,5.1133,4.8473,4.9236,4.4108,4.1735,3.7522,3.4639,3.9054,3.5482,3.9267,3.8433,4.2593,4.1,4.1532,4.4165,4.5715,3.582,4.8138,4.1609,4.5001,4.0633,3.5043,4.312,3.3948,3.3467,3.0309,3.1632,2.0963,3.8356,1.5282,0.48975,0.95813,0,0,0,0,0,0,0,0,0,0,0,0,0,0,0,0,0,0,0,0,0,0,0,0,0,0,0,0,0,0,0,0,0,0,0,0,0,0,0,0,0,0,0,0,0
0,0,0,0,0,0,0,0,0,0,0,0,0,0,0,0,0,0,0,0,0,0,0,0,0,0,0,0,0,0,0,0,0,0,0,0,0,0,0,0,0,0,0,0,0,0,0.84813,2.2397,3.1614,4.0032,4.4281,5.3891,4.9997,5.6545,5.255,5.7292,4.7787,4.7927,5.2752,5.1371,4.5799,4.3781,4.2494,3.9896,3.7337,3.1444,3.2262,3.4361,3.6459,2.8743,3.0032,3.0002,2.7079,3.3155,3.5774,4.0305,4.3202,4.6987,4.5524,5.5354,6.2316,6.7706,6.8806,6.9811,6.6399,6.9109,6.8604,6.5917,6.5112,6.1148,6.1435,5.6497,5.4039,5.1452,5.3973,5.316,4.9017,4.9476,4.7693,4.6617,4.6066,4.742,4.6593,4.7009,4.9201,5.2001,5.1292,5.2559,5.2489,5.6344,5.636,6.0358,6.3654,6.2085,6.2872,6.1625,6.3848,6.345,6.386,6.2941,5.9378,5.799,5.1657,4.5692,4.661,4.3114,4.2945,4.4895,3.4182,3.4835,3.1208,3.569,2.9595,3.6889,3.3707,3.4033,3.7882,4.1887,3.5402,4.4573,3.7741,4.4369,4.2584,4.3302,3.5753,4.0421,3.597,3.6119,3.9674,2.7432,3.5921,1.9319,1.7586,1.2654,0.68669,0,0,0,0,0,0,0,0,0,0,0,0,0,0,0,0,0,0,0,0,0,0,0,0,0,0,0,0,0,0,0,0,0,0,0,0,0,0,0,0,0,0,0,0,0,0
0,0,0,0,0,0,0,0,0,0,0,0,0,0,0,0,0,0,0,0,0,0,0,0,0,0,0,0,0,0,0,0,0,0,0,0,0,0,0,0,0,0,0,0,0,0,0.94957,1.6732,2.3706,3.4599,4.2178,5.3102,4.7596,5.1331,5.5749,5.2669,5.2596,4.7383,4.551,5.3671,4.6938,3.9673,4.2847,3.8496,3.6739,3.4339,3.1222,3.1479,3.2173,2.8032,3.2154,3.3611,3.1801,2.9243,3.4958,3.8069,4.3812,4.652,4.8526,5.5797,6.4266,6.4115,6.8455,6.8712,6.9468,6.7381,6.6967,6.3568,6.4966,6.467,6.3285,5.9131,5.8736,5.4763,5.3026,5.498,5.4592,5.2748,5.2449,5.1384,5.2687,5.2258,5.3255,5.2544,5.3366,5.2602,5.3347,5.5889,5.6381,5.7528,6.4148,5.8626,6.4283,5.8615,5.8163,6.1151,6.272,6.1993,6.3067,5.8624,5.4268,4.9928,4.5521,4.881,4.958,3.9137,4.0816,3.3368,3.6893,3.0849,4.1001,3.848,3.2729,3.2093,3.692,2.8721,3.5434,3.8776,4.2122,4.1295,3.2397,3.5807,4.135,3.3191,3.5663,3.5837,3.7403,4.3997,4.564,2.7301,3.2258,3.2974,1.6829,0.97725,2.1771,0,0,0,0,0,0,0,0,0,0,0,0,0,0,0,0,0,0,0,0,0,0,0,0,0,0,0,0,0,0,0,0,0,0,0,0,0,0,0,0,0,0,0,0,0,0
0,0,0,0,0,0,0,0,0,0,0,0,0,0,0,0,0,0,0,0,0,0,0,0,0,0,0,0,0,0,0,0,0,0,0,0,0,0,0,0,0,0,0,0,0,0,0.74202,1.6452,2.226,2.51,5.9118,4.8476,4.5213,4.7634,4.9683,5.5003,4.2751,4.1164,4.711,4.6927,4.0582,4.6434,3.6194,3.6414,3.5542,3.9596,3.2214,2.9415,3.1566,2.7481,3.0603,2.9201,2.8834,3.7084,3.6225,3.5765,4.1438,4.9325,4.8083,5.1314,5.8089,6.2832,6.8014,6.9397,6.5897,6.8678,6.6913,6.5971,6.4378,6.2,5.9991,6.1728,5.8309,5.673,5.6242,5.7592,5.6987,5.6285,5.6725,5.7004,5.7434,5.57,5.7235,5.775,5.6825,5.7201,5.7225,6.0288,5.777,6.1397,6.129,5.9851,5.9621,6.1399,6.1258,5.985,5.7571,5.8361,5.7699,5.5183,4.9905,5.2037,4.745,4.2725,4.0315,3.5732,3.4994,3.704,3.3468,3.0129,3.1758,3.2873,3.0587,3.148,3.3747,3.3734,3.2289,3.1945,3.2894,3.1832,3.5752,3.7148,3.5756,3.3264,4.007,3.628,3.1649,3.0376,3.0545,3.0797,3.1409,1.2993,1.0417,0.54502,0.74177,0,0,0,0,0,0,0,0,0,0,0,0,0,0,0,0,0,0,0,0,0,0,0,0,0,0,0,0,0,0,0,0,0,0,0,0,0,0,0,0,0,0,0,0,0,0
0,0,0,0,0,0,0,0,0,0,0,0,0,0,0,0,0,0,0,0,0,0,0,0,0,0,0,0,0,0,0,0,0,0,0,0,0,0,0,0,0,0,0,0,0,0,0,1.1682,1.7465,2.9554,3.3662,4.5369,4.8349,5.3435,5.2295,4.6312,4.3623,3.8755,4.3738,4.5053,3.9152,4.1918,4.0384,3.7806,3.0988,3.0648,3.132,3.0342,2.7727,2.5733,2.8488,3.3957,3.1158,3.2066,3.4157,3.7507,3.7244,4.045,5.069,5.1476,6.1351,5.9885,6.4917,6.0291,6.6485,6.7687,6.5667,6.5464,6.361,6.1678,6.034,6.2314,6.0791,6.1388,6.2576,5.7748,5.9746,6.1146,6.1122,5.9628,6.0934,6.1638,6.1636,6.1157,6.1602,6.15,6.2867,6.107,6.1872,6.1256,5.9262,6.086,5.8513,6.141,5.8818,5.687,5.3753,5.485,5.0503,4.9144,4.786,4.4179,4.1234,3.9968,3.9345,4.1034,3.1944,2.9433,2.772,3.2766,2.9699,2.919,2.8239,2.8494,3.268,3.2964,3.4933,3.3042,3.5417,3.6049,3.2264,3.3814,3.3498,3.48,3.4298,3.5905,3.6646,2.8747,3.0922,2.755,2.0868,1.5786,0.75503,0.31544,4.1169,0,0,0,0,0,0,0,0,0,0,0,0,0,0,0,0,0,0,0,0,0,0,0,0,0,0,0,0,0,0,0,0,0,0,0,0,0,0,0,0,0,0,0,0,0,0
0,0,0,0,0,0,0,0,0,0,0,0,0,0,0,0,0,0,0,0,0,0,0,0,0,0,0,0,0,0,0,0,0,0,0,0,0,0,0,0,0,0,0,0,0,0,0,0.75677,1.4053,2.5964,5.075,5.5123,4.9226,4.6259,5.3174,4.0656,4.2264,4.644,4.6207,3.8798,3.794,4.1221,4.1322,3.9087,3.4461,2.9194,3.2241,3.52,2.9216,2.5367,3.1974,2.6519,3.4508,3.0428,3.3798,3.8877,3.9721,4.5336,4.8029,4.5146,5.4834,5.7172,5.8688,6.0431,6.0391,6.238,6.9491,6.4781,6.3594,6.1354,5.9953,6.3489,6.0502,6.0909,6.0055,6.004,6.3335,6.2953,6.5842,6.4183,6.6713,6.4308,6.4529,6.4384,6.4425,6.348,6.1716,6.1852,6.0324,6.3413,6.1016,6.0267,6.1128,5.8305,5.9119,5.7249,4.9762,4.9545,5.1001,4.4459,3.9868,3.9235,3.7547,4.0631,3.5216,3.5425,3.0725,3.4443,3.0027,3.3021,3.3896,3.4071,2.8515,3.2168,3.1475,3.2896,2.5942,3.2755,2.8312,3.1829,3.7553,2.9215,3.4748,3.6544,3.1184,3.0224,3.591,3.4905,3.4179,2.8048,1.934,1.2712,0.41832,0.15191,0,0,0,0,0,0,0,0,0,0,0,0,0,0,0,0,0,0,0,0,0,0,0,0,0,0,0,0,0,0,0,0,0,0,0,0,0,0,0,0,0,0,0,0,0,0,0
0,0,0,0,0,0,0,0,0,0,0,0,0,0,0,0,0,0,0,0,0,0,0,0,0,0,0,0,0,0,0,0,0,0,0,0,0,0,0,0,0,0,0,0,0,0,0,1.0511,1.236,10.624,2.9282,3.7219,4.478,5.0068,4.1209,5.6194,4.8566,4.0679,4.6193,3.991,3.9364,3.9026,4.051,3.8513,3.0699,3.2688,3.0543,3.0246,2.5741,2.8584,2.9928,3.3918,2.8113,2.9554,3.1582,3.1112,4.3651,4.6367,5.3981,4.6365,5.1776,5.923,5.6306,5.8641,6.117,6.1115,6.2456,6.4389,6.0833,5.8209,6.1288,6.1163,6.0565,5.7351,6.0563,6.3208,6.3136,6.4324,6.4096,6.5124,6.87,6.6632,6.7023,6.7526,6.4996,6.4207,6.5721,6.1013,6.2364,5.9834,6.1633,5.8817,5.8682,5.5502,5.3114,5.4078,4.9746,4.914,4.1324,4.1011,3.879,3.9566,3.4967,3.289,3.1815,3.1256,3.122,3.0984,3.082,2.7396,3.068,2.5579,3.5119,3.3624,2.7432,2.436,2.7444,3.5611,3.477,3.5389,2.6919,3.9473,3.17,3.2647,3.0904,4.0075,4.5839,3.2387,3.0974,2.2753,1.5986,1.3371,1.4512,0.72024,0,0,0,0,0,0,0,0,0,0,0,0,0,0,0,0,0,0,0,0,0,0,0,0,0,0,0,0,0,0,0,0,0,0,0,0,0,0,0,0,0,0,0,0,0,0,0
0,0,0,0,0,0,0,0,0,0,0,0,0,0,0,0,0,0,0,0,0,0,0,0,0,0,0,0,0,0,0,0,0,0,0,0,0,0,0,0,0,0,0,0,0,0,0,0,1.3173,1.4723,2.8357,3.8759,3.9447,4.1609,4.804,4.7858,3.9249,4.1305,3.8533,4.7588,3.5779,3.5913,3.6832,4.1514,3.4856,3.2983,2.8588,3.0244,2.6866,3.0367,2.5113,3.3543,3.2078,3.3942,3.2134,3.4253,3.6075,4.2891,4.4683,5.0573,5.1678,5.0709,5.1183,5.6563,5.2264,5.8046,5.6076,5.7015,5.6813,5.8103,5.8993,6.0459,6.0277,5.9399,6.1826,5.9954,6.0171,6.4333,6.724,6.6341,6.9656,6.8973,7.0054,6.8073,6.4103,6.5416,6.369,6.4345,6.3236,5.8478,6.0094,5.7706,5.6441,5.1343,5.3485,4.8651,4.6792,4.7876,4.3478,3.8718,3.5581,3.6097,3.3144,2.9068,2.9992,2.7746,2.6726,2.9738,3.1788,2.8022,2.9387,3.0145,3.1301,2.6313,3.1515,3.2436,2.7626,3.7233,3.1661,3.4003,2.7168,3.3101,3.2064,3.5608,3.5977,3.731,4.603,4.3915,2.801,2.1491,1.5528,0.99529,0.5865,0,0,0,0,0,0,0,0,0,0,0,0,0,0,0,0,0,0,0,0,0,0,0,0,0,0,0,0,0,0,0,0,0,0,0,0,0,0,0,0,0,0,0,0,0,0,0,0
0,0,0,0,0,0,0,0,0,0,0,0,0,0,0,0,0,0,0,0,0,0,0,0,0,0,0,0,0,0,0,0,0,0,0,0,0,0,0,0,0,0,0,0,0,0,0,0,0.52631,1.3369,1.9896,3.3427,3.7755,4.625,4.398,3.97,4.0138,3.817,4.1553,3.6356,3.9132,3.8222,3.9234,4.2329,2.798,2.8133,3.465,2.4983,2.9507,3.5149,3.0928,3.2779,2.5736,3.3238,3.1787,3.6533,3.8391,4.7191,4.1198,4.2498,4.3216,4.9318,4.9218,4.853,5.4107,5.6983,5.2531,5.7722,5.3335,5.6356,5.3636,5.6415,6.0244,6.0021,6.1992,6.0817,5.8388,6.2283,6.4372,6.7109,7.0937,6.8974,6.9583,6.9156,6.9085,6.7393,6.5275,6.6961,6.0779,6.2068,5.577,5.4217,5.4018,5.0209,4.6609,4.8939,3.9099,3.7673,3.8714,3.5508,3.8557,3.7864,2.9012,2.8335,3.0535,3.2022,3.3431,3.0616,3.0407,2.4954,2.7499,2.5501,3.0973,2.2775,2.9755,3.2877,2.8598,3.2859,2.9703,3.0475,3.0388,3.2479,3.5398,3.4579,3.5801,4.4224,3.7904,4.3867,2.3617,3.1991,1.4135,0.83588,0.23411,0,0,0,0,0,0,0,0,0,0,0,0,0,0,0,0,0,0,0,0,0,0,0,0,0,0,0,0,0,0,0,0,0,0,0,0,0,0,0,0,0,0,0,0,0,0,0,0
0,0,0,0,0,0,0,0,0,0,0,0,0,0,0,0,0,0,0,0,0,0,0,0,0,0,0,0,0,0,0,0,0,0,0,0,0,0,0,0,0,0,0,0,0,0,0,0,0.6863,0.86346,1.7138,3.0814,8.8453,4.4478,4.2764,4.0031,5.6034,3.795,3.5918,3.9649,3.514,3.9824,4.2557,3.6849,3.5724,4.3655,3.1824,3.0749,2.7614,3.4437,2.8759,3.1236,3.0509,3.7984,3.9034,3.2022,3.7644,3.9554,4.4447,4.2093,4.0635,5.3937,5.3514,4.6462,4.731,5.3427,5.0994,5.8113,5.7491,5.4639,5.5557,5.5076,5.6151,5.8896,5.5977,5.875,6.0638,6.1798,6.3586,6.5352,6.4797,6.9222,6.7716,6.9232,6.4982,7.0103,6.4418,6.7895,6.1778,5.9865,5.6214,5.4794,5.5756,5.0962,5.2958,4.2933,4.1765,3.2655,3.4997,3.2871,3.0246,2.8517,3.1455,3.0219,2.8384,3.0582,3.6314,2.6559,2.9001,2.8509,3.2476,2.8954,3.1794,3.2177,3.1742,4.4174,3.9696,2.8725,4.0332,3.0381,3.0631,3.6161,4.1575,3.7251,3.6058,3.5028,4.5453,3.2449,2.945,2.7768,1.2541,0.58828,0.70379,0,0,0,0,0,0,0,0,0,0,0,0,0,0,0,0,0,0,0,0,0,0,0,0,0,0,0,0,0,0,0,0,0,0,0,0,0,0,0,0,0,0,0,0,0,0,0,0
0,0,0,0,0,0,0,0,0,0,0,0,0,0,0,0,0,0,0,0,0,0,0,0,0,0,0,0,0,0,0,0,0,0,0,0,0,0,0,0,0,0,0,0,0,0,0,0,0,0.50545,2.1858,2.3645,3.2484,3.9447,3.5982,4.2348,3.9257,3.7888,4.0209,3.5045,4.0447,3.2887,4.0733,3.2773,3.572,4.3754,2.87,3.0673,3.1481,3.0741,3.0774,2.9057,3.0499,3.2257,3.5835,3.4086,3.7581,4.1359,3.8742,4.4605,4.5453,4.5319,5.0414,4.1848,5.025,4.9978,4.874,4.5025,4.9993,5.2766,4.9785,5.0934,5.1349,5.4972,5.6848,5.6837,5.8874,6.1773,6.345,6.5429,6.7497,7.0698,6.873,6.8326,6.7837,6.7852,6.3375,6.1825,5.8796,5.6501,5.4588,5.756,5.2823,4.6206,4.579,4.0415,3.5803,3.562,3.7778,3.3522,3.3899,3.1144,3.4829,3.4309,3.7023,3.4305,2.9749,3.2106,2.9567,2.7465,2.8094,3.388,2.8847,3.3492,2.7455,2.7892,4.0547,3.325,4.2441,3.3521,3.7368,3.4649,3.5289,4.1152,3.389,3.7093,4.0512,3.0953,2.5319,2.2549,1.614,0.82192,0,0,0,0,0,0,0,0,0,0,0,0,0,0,0,0,0,0,0,0,0,0,0,0,0,0,0,0,0,0,0,0,0,0,0,0,0,0,0,0,0,0,0,0,0,0,0,0,0
0,0,0,0,0,0,0,0,0,0,0,0,0,0,0,0,0,0,0,0,0,0,0,0,0,0,0,0,0,0,0,0,0,0,0,0,0,0,0,0,0,0,0,0,0,0,0,0,0,0.38277,1.7387,2.1027,5.1831,8.1005,4.7061,5.3328,3.803,3.7579,3.7673,4.1479,3.5037,3.8901,4.0119,3.9413,3.1845,2.9169,2.8635,2.7901,2.6069,3.2598,3.1708,3.1712,3.0346,3.446,3.2284,3.9845,4.1064,4.1776,3.9842,4.0265,4.3809,4.6022,4.5507,4.715,3.9779,3.9516,4.1887,4.7128,4.4512,4.8269,5.189,4.6431,5.0341,5.2159,4.9783,5.1521,5.608,6.0202,6.2772,6.413,6.7556,6.6511,6.8297,7.0169,6.391,6.1467,6.1459,6.405,5.7793,5.5636,5.3247,5.0729,4.3781,4.541,4.3992,3.8984,4.3644,3.51,3.6237,3.4182,3.3236,3.3981,3.0792,2.9382,2.9493,3.469,3.762,3.1028,3.0466,3.391,3.1887,3.0484,3.1526,3.4036,3.2367,3.9242,3.7001,4.0228,4.4044,3.8154,4.0113,3.462,4.2409,4.1593,3.5569,3.6286,3.3677,2.8818,2.1696,1.5564,1.3528,1.0224,0,0,0,0,0,0,0,0,0,0,0,0,0,0,0,0,0,0,0,0,0,0,0,0,0,0,0,0,0,0,0,0,0,0,0,0,0,0,0,0,0,0,0,0,0,0,0,0,0
0,0,0,0,0,0,0,0,0,0,0,0,0,0,0,0,0,0,0,0,0,0,0,0,0,0,0,0,0,0,0,0,0,0,0,0,0,0,0,0,0,0,0,0,0,0,0,0,0,0.30498,1.2362,1.9354,2.6439,3.2374,4.4162,3.427,4.1066,4.0324,4.1276,3.7014,4.1648,4.1936,3.5308,3.4537,3.7796,3.0371,3.6695,3.0174,2.9997,2.9565,3.7151,3.1431,3.4425,3.8939,4.1124,3.8714,4.4884,4.8451,4.1733,4.236,4.5356,4.5299,4.761,4.5968,4.7673,4.6449,4.5107,4.8692,4.4489,4.4151,4.4653,4.121,4.2783,4.8441,4.9088,5.049,5.0791,5.7521,5.8737,5.8463,6.414,6.5946,6.5359,6.3311,6.638,6.0713,5.7446,5.5329,5.3926,5.3769,5.0663,4.8568,4.5035,4.2461,4.7074,3.7141,3.4687,3.8196,3.4775,3.3702,3.1192,3.6565,3.3231,3.5123,3.6722,3.1944,3.2074,3.1544,3.0558,3.0887,3.2162,2.9717,3.3187,3.6931,4.0771,3.7968,4.5423,3.5052,3.1246,3.7869,4.2674,3.6516,4.2114,4.1126,4.1003,3.108,3.9196,11.419,2.3374,23.146,0.97619,0.53369,0,0,0,0,0,0,0,0,0,0,0,0,0,0,0,0,0,0,0,0,0,0,0,0,0,0,0,0,0,0,0,0,0,0,0,0,0,0,0,0,0,0,0,0,0,0,0,0,0
0,0,0,0,0,0,0,0,0,0,0,0,0,0,0,0,0,0,0,0,0,0,0,0,0,0,0,0,0,0,0,0,0,0,0,0,0,0,0,0,0,0,0,0,0,0,0,0,0,0,0.89953,1.5307,2.4523,2.6492,4.5641,3.9639,4.2422,5.5895,4.1357,4.1507,3.6999,3.4862,2.9979,3.2037,2.9068,3.7157,3.408,3.276,2.7459,3.6867,3.2942,3.0625,3.1831,3.5805,3.8716,4.3749,4.3781,3.9512,4.1821,4.2181,4.6337,4.6658,4.2963,4.7278,4.7004,4.0393,3.423,4.3277,3.8092,4.1322,3.878,3.8073,3.9742,4.5446,4.1054,4.8873,4.7947,5.0277,5.0996,5.9479,5.771,6.214,6.4702,6.0251,5.954,5.9866,5.6931,5.4426,5.0913,4.8226,4.9319,4.3976,4.6124,4.3805,3.4923,4.0831,4.1865,3.8229,4.0648,3.1901,3.1395,3.1373,3.0143,3.2725,3.7783,3.6563,3.0378,3.1282,3.5734,3.6094,3.5319,3.5076,4.0862,3.3905,4.1545,3.4582,4.0707,3.4435,3.8895,3.7785,3.8796,4.3368,4.1555,4.4345,3.3465,4.3006,3.33,2.9931,2.1061,1.3336,0.41176,0,0,0,0,0,0,0,0,0,0,0,0,0,0,0,0,0,0,0,0,0,0,0,0,0,0,0,0,0,0,0,0,0,0,0,0,0,0,0,0,0,0,0,0,0,0,0,0,0,0
0,0,0,0,0,0,0,0,0,0,0,0,0,0,0,0,0,0,0,0,0,0,0,0,0,0,0,0,0,0,0,0,0,0,0,0,0,0,0,0,0,0,0,0,0,0,0,0,0,0,0.69907,1.4223,1.8341,3.341,3.3905,3.8615,5.0568,4.984,4.5217,4.0638,4.2522,3.3359,3.6143,3.0943,3.0153,3.1491,3.5975,2.8108,3.3298,2.7643,3.2815,3.5014,3.9853,4.2642,3.9075,4.6568,4.5037,4.1814,5.0936,4.4619,4.3427,4.4365,4.5433,4.3289,4.2443,3.7137,3.8835,4.1823,3.2421,4.0925,3.7275,3.3052,3.7844,3.8202,4.3608,4.2218,4.0939,4.4082,4.9881,4.8281,4.8934,5.3563,5.0391,5.5678,5.697,5.6644,5.2914,4.8151,5.0095,4.8774,4.3341,3.9055,4.7383,4.613,3.8382,4.2559,3.6397,3.6576,4.1357,3.8831,3.5264,3.3883,3.8061,3.669,3.3229,3.6369,3.7259,3.8526,3.6163,3.9761,3.7736,3.4841,3.9243,4.025,4.2493,3.8403,3.5743,3.8248,3.7998,3.2572,4.4347,3.9502,5.9349,5.0756,3.6831,3.7983,3.3072,2.4228,1.6758,2.0609,0.32205,0,0,0,0,0,0,0,0,0,0,0,0,0,0,0,0,0,0,0,0,0,0,0,0,0,0,0,0,0,0,0,0,0,0,0,0,0,0,0,0,0,0,0,0,0,0,0,0,0,0
0,0,0,0,0,0,0,0,0,0,0,0,0,0,0,0,0,0,0,0,0,0,0,0,0,0,0,0,0,0,0,0,0,0,0,0,0,0,0,0,0,0,0,0,0,0,0,0,0,0,0.43736,0.6656,1.8763,3.6963,2.8129,3.5161,4.2904,3.5377,3.8341,4.1044,3.9583,3.9095,3.6353,3.5394,3.0216,2.9569,3.05,3.6806,3.632,3.8795,3.8665,4.3722,4.2561,4.0066,4.6194,4.702,4.4671,4.6019,4.9683,4.7407,4.5485,4.6459,4.8386,4.3809,4.2653,4.0174,4.3706,3.9264,3.8523,3.4311,3.7132,3.8777,3.5624,3.7457,3.3661,4.025,4.157,3.9808,4.1756,4.8845,4.8272,4.8972,5.3665,4.704,5.1302,5.178,4.9229,4.9394,5.2427,5.2546,4.9233,4.6684,4.4913,4.6329,3.5762,4.3251,3.4942,3.9051,3.2921,3.5871,3.5577,3.4478,3.8407,3.0887,3.8822,3.5688,3.8656,3.4757,4.4331,3.9592,3.9299,3.8109,4.5974,4.2308,3.6142,4.132,4.3045,3.702,4.0419,4.2711,3.6742,3.8456,3.907,3.9952,5.35,3.331,2.6853,2.4264,1.9874,0.71617,0.40976,0,0,0,0,0,0,0,0,0,0,0,0,0,0,0,0,0,0,0,0,0,0,0,0,0,0,0,0,0,0,0,0,0,0,0,0,0,0,0,0,0,0,0,0,0,0,0,0,0,0
0,0,0,0,0,0,0,0,0,0,0,0,0,0,0,0,0,0,0,0,0,0,0,0,0,0,0,0,0,0,0,0,0,0,0,0,0,0,0,0,0,0,0,0,0,0,0,0,0,0,0,0.7419,1.4994,1.8915,2.6254,3.0307,3.4619,4.2118,4.2337,3.5295,4.0648,4.0482,3.6816,3.5313,3.2001,3.5013,3.2124,3.4006,3.5472,3.8679,4.0729,3.9302,4.2399,5.1413,4.548,4.6455,5.2999,4.3589,4.5854,4.4549,4.5563,4.3557,3.1283,3.7409,3.7434,3.9226,3.6146,3.9168,3.8148,3.8349,3.2681,3.2541,2.971,3.503,3.6026,3.524,3.3962,3.8462,4.2802,4.4226,4.7799,4.8259,4.3534,4.8214,4.8439,5.1456,4.6277,4.4135,4.8716,4.5112,4.5882,4.7991,4.7113,4.1879,4.2074,4.5076,3.9852,3.2935,3.2921,3.6014,3.7467,3.7453,3.7813,3.2939,4.559,4.52,3.6601,3.8847,3.8287,4.043,4.0836,4.1811,4.753,3.9014,3.643,3.6712,4.4059,4.1358,3.421,3.1756,3.4612,3.8183,4.0872,3.8484,5.006,3.3536,2.444,2.0537,1.6446,0.48831,0,0,0,0,0,0,0,0,0,0,0,0,0,0,0,0,0,0,0,0,0,0,0,0,0,0,0,0,0,0,0,0,0,0,0,0,0,0,0,0,0,0,0,0,0,0,0,0,0,0,0
0,0,0,0,0,0,0,0,0,0,0,0,0,0,0,0,0,0,0,0,0,0,0,0,0,0,0,0,0,0,0,0,0,0,0,0,0,0,0,0,0,0,0,0,0,0,0,0,0,0,0,0.29227,1.3087,1.6357,2.296,2.5077,3.6106,3.4512,3.1808,3.286,3.3474,3.7351,3.6131,3.1129,3.0683,3.2295,3.6954,3.2927,3.349,3.2026,4.2189,4.2891,3.9347,4.8213,4.2634,4.9767,4.1146,5.3775,4.8533,4.6924,4.334,4.0341,4.2292,4.5142,3.3324,3.8353,3.6333,3.5502,4.085,3.3381,4.0098,3.1059,3.2368,2.7861,3.6843,3.6593,3.386,3.6892,3.7169,3.8841,3.413,4.1209,4.1376,4.4566,4.8879,4.6164,3.6921,4.2909,4.1667,4.2248,4.4409,4.6134,4.2609,4.5094,4.2209,3.7535,3.2713,3.7609,3.3159,3.5852,3.7613,4.0333,3.6172,3.5485,4.3311,4.2547,4.1838,3.5686,4.4515,4.1602,4.2059,4.7179,3.8207,4.5344,4.0975,4.4355,4.3422,3.9947,3.8624,4.4832,5.1171,4.2829,5.0085,4.5978,3.4294,3.2045,2.7462,1.654,1.1805,1.3124,0,0,0,0,0,0,0,0,0,0,0,0,0,0,0,0,0,0,0,0,0,0,0,0,0,0,0,0,0,0,0,0,0,0,0,0,0,0,0,0,0,0,0,0,0,0,0,0,0,0,0
0,0,0,0,0,0,0,0,0,0,0,0,0,0,0,0,0,0,0,0,0,0,0,0,0,0,0,0,0,0,0,0,0,0,0,0,0,0,0,0,0,0,0,0,0,0,0,0,0,0,0,0,0.74227,1.0971,1.5239,2.5768,2.9069,3.6878,3.1044,3.3044,3.7981,4.3929,3.3793,3.3863,3.7546,3.2003,3.4622,3.2166,3.5327,4.3625,3.8704,4.1433,4.2648,4.5675,5.7682,4.9574,5.4277,4.7583,4.704,5.4816,4.4449,3.7164,3.9358,4.0027,3.558,3.4047,3.1395,3.6022,3.7762,2.9914,3.0878,3.0691,3.4007,3.1022,3.1534,2.7096,3.0031,3.2766,3.3602,3.8125,3.7583,3.8161,4.2189,4.7688,4.24,4.4777,4.2514,4.4697,4.1526,4.3917,4.6379,4.7124,4.4992,4.8727,3.7447,3.4476,4.825,3.7217,3.3617,3.9576,4.4734,3.8109,3.9729,3.5527,4.4502,3.8355,4.6053,4.4009,4.8137,4.2935,4.9701,4.8425,5.0966,5.0435,4.5123,4.3132,4.182,4.7455,3.7662,4.2078,3.9597,3.7822,4.2611,4.1471,2.7484,2.4792,1.7821,1.1746,1.1009,0,0,0,0,0,0,0,0,0,0,0,0,0,0,0,0,0,0,0,0,0,0,0,0,0,0,0,0,0,0,0,0,0,0,0,0,0,0,0,0,0,0,0,0,0,0,0,0,0,0,0,0
0,0,0,0,0,0,0,0,0,0,0,0,0,0,0,0,0,0,0,0,0,0,0,0,0,0,0,0,0,0,0,0,0,0,0,0,0,0,0,0,0,0,0,0,0,0,0,0,0,0,0,0,0,0.70633,9.536,1.8816,2.3258,2.6947,2.8821,5.1513,3.6647,3.7567,3.6919,3.8849,3.0951,3.4667,3.5789,3.5442,4.5163,4.3177,4.5863,4.5821,5.0274,5.7219,5.3183,4.3862,5.2426,4.8713,3.694,4.7045,4.9075,4.202,4.3608,4.5155,3.2475,3.1634,3.7,3.7292,3.843,2.9988,3.74,3.1685,2.9979,3.4601,2.8922,2.9171,3.0253,2.5479,3.1319,3.7884,3.287,3.4294,3.3908,3.5009,3.9606,4.312,3.9203,4.2937,3.9425,4.1177,4.1802,4.384,4.4667,4.3914,4.7705,4.1953,4.1444,3.8485,4.3424,4.1217,2.9868,4.2112,4.0342,3.7815,4.0063,4.4541,3.9589,3.6757,5.2997,5.5855,4.8044,4.8946,4.8058,4.6527,3.967,4.3288,4.0062,5.0001,4.8963,4.6426,4.4177,3.944,3.6643,7.3673,2.6539,2.0312,1.4642,0.77495,0,0,0,0,0,0,0,0,0,0,0,0,0,0,0,0,0,0,0,0,0,0,0,0,0,0,0,0,0,0,0,0,0,0,0,0,0,0,0,0,0,0,0,0,0,0,0,0,0,0,0,0,0
0,0,0,0,0,0,0,0,0,0,0,0,0,0,0,0,0,0,0,0,0,0,0,0,0,0,0,0,0,0,0,0,0,0,0,0,0,0,0,0,0,0,0,0,0,0,0,0,0,0,0,0,0,2.2465,0.61974,1.6773,2.4723,2.1666,2.3326,3.2675,4.4966,4.5022,3.8075,3.2327,3.3594,3.5818,3.9499,3.0875,4.0847,3.8414,4.7231,4.6684,5.4933,4.2601,4.384,5.0668,5.1744,5.0339,4.642,4.5108,4.9474,3.9309,4.6152,4.0566,4.2585,3.6542,3.7068,3.9581,3.0892,3.3947,3.4042,3.3496,3.1715,3.2769,3.3818,3.2795,2.9613,3.2921,3.2313,3.1886,3.1624,3.1554,3.253,3.369,3.5961,3.3593,3.9868,3.8961,4.3563,3.9975,4.2448,4.4374,4.8703,4.7686,3.8911,4.5951,3.6114,4.1274,4.4195,3.8364,4.6277,4.0962,4.1249,3.7818,4.7796,4.7358,4.639,4.5522,4.3524,5.0844,5.0006,5.27,4.8705,4.4668,4.1062,4.9438,4.1715,4.7077,4.6497,4.347,4.4293,4.6182,3.5285,3.0761,2.0521,1.5536,0.89075,2.2896,0,0,0,0,0,0,0,0,0,0,0,0,0,0,0,0,0,0,0,0,0,0,0,0,0,0,0,0,0,0,0,0,0,0,0,0,0,0,0,0,0,0,0,0,0,0,0,0,0,0,0,0,0
0,0,0,0,0,0,0,0,0,0,0,0,0,0,0,0,0,0,0,0,0,0,0,0,0,0,0,0,0,0,0,0,0,0,0,0,0,0,0,0,0,0,0,0,0,0,0,0,0,0,0,0,0,0,0.17337,1.1539,1.3264,2.6513,2.7641,3.5879,3.6596,3.181,4.437,3.6507,3.4176,3.7148,3.5257,3.7747,4.1973,4.5332,4.0967,6.1222,5.1734,5.2726,5.34,5.8069,4.8346,5.5107,5.7659,5.4866,5.0209,3.9718,4.4514,4.0852,3.3675,4.3428,3.9579,3.7545,4.0418,3.8641,3.2911,3.332,3.3997,3.2052,3.7757,2.9036,3.2944,3.0104,2.9598,2.9679,3.2054,3.0365,3.2814,3.1496,3.505,3.2641,3.5786,4.213,5.3474,3.8032,4.4625,4.9634,4.8432,4.7003,4.6179,4.6134,4.7181,4.5549,3.4744,4.0738,4.259,4.056,5.0206,4.9029,4.2697,4.5629,5.2604,4.8407,5.0424,4.9208,5.3769,5.2104,5.193,4.9389,5.3777,5.2561,4.9346,5.3916,4.7554,4.1728,3.9696,5.1091,3.7807,2.3294,1.7315,1.4412,0.99405,0,0,0,0,0,0,0,0,0,0,0,0,0,0,0,0,0,0,0,0,0,0,0,0,0,0,0,0,0,0,0,0,0,0,0,0,0,0,0,0,0,0,0,0,0,0,0,0,0,0,0,0,0,0
0,0,0,0,0,0,0,0,0,0,0,0,0,0,0,0,0,0,0,0,0,0,0,0,0,0,0,0,0,0,0,0,0,0,0,0,0,0,0,0,0,0,0,0,0,0,0,0,0,0,0,0,0,0,0,0.84354,1.0063,1.6237,1.9247,2.3276,2.6212,3.1392,3.7108,3.2083,3.3217,3.2191,3.7656,3.7665,3.6454,3.8537,3.9834,4.6812,5.2904,4.3786,5.359,4.5408,5.684,4.9748,5.9709,6.1978,5.9416,4.8834,3.5007,4.983,3.4858,3.8944,3.665,3.2753,3.5881,3.239,3.8477,3.3899,3.8149,3.1368,3.4322,2.8878,3.0246,2.9975,2.9301,3.1424,3.1673,2.9424,2.9153,2.9954,4.1317,3.473,3.3999,4.0126,4.2682,4.7787,4.402,4.5234,4.5974,4.5422,4.799,4.9427,4.4355,5.2682,5.1152,4.814,4.5497,5.5802,4.8933,4.4037,5.0571,5.5604,4.7485,4.7738,5.4574,4.69,5.6028,5.277,5.3639,5.6795,5.0206,5.3969,5.2237,4.7298,4.8856,4.4835,7.1698,3.329,2.1416,1.7353,1.2101,0.62266,0,0,0,0,0,0,0,0,0,0,0,0,0,0,0,0,0,0,0,0,0,0,0,0,0,0,0,0,0,0,0,0,0,0,0,0,0,0,0,0,0,0,0,0,0,0,0,0,0,0,0,0,0,0,0
0,0,0,0,0,0,0,0,0,0,0,0,0,0,0,0,0,0,0,0,0,0,0,0,0,0,0,0,0,0,0,0,0,0,0,0,0,0,0,0,0,0,0,0,0,0,0,0,0,0,0,0,0,0,0,0,0.44933,0.5991,0.92367,1.4301,1.8198,2.5628,2.7919,2.9522,2.8625,4.153,3.5155,3.7093,4.2734,3.9726,4.3602,4.1986,4.8044,4.718,5.8033,5.3689,5.3357,5.7999,6.2052,5.8104,5.2699,4.745,4.4372,4.1406,4.3988,4.0181,3.6387,3.8603,3.971,4.2518,3.597,3.481,3.256,3.0766,3.6845,3.3207,2.9685,3.0772,2.9082,2.9059,2.8696,3.2318,3.3756,2.8287,3.1817,3.3634,3.3621,3.7094,3.9883,4.6331,4.4392,4.8939,4.508,5.2497,4.5504,4.0446,5.1905,4.6749,5.6252,5.8674,5.0203,4.4692,4.887,5.7647,5.6274,4.6456,6.0361,5.3464,5.3924,5.8969,5.6256,5.7839,5.234,5.0831,5.1478,5.1555,4.7188,4.7417,4.9893,4.6133,3.0135,2.5839,1.8723,0.85788,0.38233,0,0,0,0,0,0,0,0,0,0,0,0,0,0,0,0,0,0,0,0,0,0,0,0,0,0,0,0,0,0,0,0,0,0,0,0,0,0,0,0,0,0,0,0,0,0,0,0,0,0,0,0,0,0,0,0
0,0,0,0,0,0,0,0,0,0,0,0,0,0,0,0,0,0,0,0,0,0,0,0,0,0,0,0,0,0,0,0,0,0,0,0,0,0,0,0,0,0,0,0,0,0,0,0,0,0,0,0,0,0,0,0,0,0.26784,0.74936,1.9733,1.5104,1.9067,3.1724,2.7336,3.2873,5.1762,3.773,3.2902,3.3363,3.8393,4.0867,5.1556,5.1224,5.4097,5.3671,5.0069,5.1095,5.2224,5.2503,5.1921,5.4004,4.3862,5.2605,4.8885,3.9863,4.041,3.9975,4.5106,4.2109,4.4154,4.1702,3.9982,3.2171,3.0555,3.3472,2.7738,3.0156,2.8345,2.5935,2.7502,2.9468,2.9305,3.0857,2.9664,3.2214,3.259,3.6219,4.0663,3.8319,4.3165,4.8357,4.7962,4.3232,4.8719,5.0039,5.1297,4.6108,5.145,5.948,5.1971,5.1154,5.8978,5.4693,5.9505,5.8057,5.7961,6.0104,6.27,6.1533,4.8562,5.4575,5.4429,6.0411,5.4373,5.6869,4.8187,4.6975,4.7021,4.8769,4.3217,2.794,2.0025,1.0749,0.6027,0,0,0,0,0,0,0,0,0,0,0,0,0,0,0,0,0,0,0,0,0,0,0,0,0,0,0,0,0,0,0,0,0,0,0,0,0,0,0,0,0,0,0,0,0,0,0,0,0,0,0,0,0,0,0,0,0
0,0,0,0,0,0,0,0,0,0,0,0,0,0,0,0,0,0,0,0,0,0,0,0,0,0,0,0,0,0,0,0,0,0,0,0,0,0,0,0,0,0,0,0,0,0,0,0,0,0,0,0,0,0,0,0,0,0,0.34723,1.0137,1.3981,1.6022,1.8997,2.6911,2.7361,2.9835,2.7347,4.0798,3.9519,4.4946,4.6022,4.8115,3.9012,4.6378,4.6547,5.2456,5.7751,5.9253,5.4537,5.7053,6.0582,5.441,4.7433,4.7821,3.8889,4.7383,4.4237,3.4397,3.8326,4.2707,3.8218,3.9068,3.5483,2.9456,3.2983,3.5158,3.0817,2.7761,3.0893,2.8368,2.7173,3.2747,3.043,3.2228,2.828,3.1226,3.4224,3.2607,4.266,3.452,5.3527,4.0278,5.366,4.8966,5.0576,4.9909,5.4828,5.9417,6.5167,5.2235,5.849,5.6406,5.3948,5.639,6.515,5.9344,5.6689,6.6464,5.9347,5.8848,5.2009,6.2744,4.9431,5.4174,5.3456,5.426,5.1968,4.8896,3.2573,2.9026,10.469,1.3043,3.4139,0,0,0,0,0,0,0,0,0,0,0,0,0,0,0,0,0,0,0,0,0,0,0,0,0,0,0,0,0,0,0,0,0,0,0,0,0,0,0,0,0,0,0,0,0,0,0,0,0,0,0,0,0,0,0,0,0,0
0,0,0,0,0,0,0,0,0,0,0,0,0,0,0,0,0,0,0,0,0,0,0,0,0,0,0,0,0,0,0,0,0,0,0,0,0,0,0,0,0,0,0,0,0,0,0,0,0,0,0,0,0,0,0,0,0,0,0,0.45647,0.44905,1.2907,1.2047,1.9659,3.4658,2.6279,3.0659,3.794,3.3205,3.9669,3.8865,4.3551,4.498,4.5114,5.1255,5.4051,5.1887,5.7421,6,5.6824,5.12,5.4801,6.0147,4.9489,4.4877,4.538,4.6248,4.1527,4.7047,3.6069,3.9084,3.7884,3.968,3.9889,3.5574,3.3625,2.9284,3.3551,2.7682,3.1377,2.9237,3.5446,3.3912,2.8884,3.2561,3.4407,3.0901,3.7054,3.824,4.4408,4.7705,4.5402,5.7202,5.0687,4.81,5.3581,4.7813,5.2661,6.1253,5.289,5.196,5.2117,6.0754,5.6006,5.5046,5.4602,5.4991,5.7184,6.175,6.16,5.949,6.0944,5.9793,6.0277,5.2433,4.2371,4.2809,3.8006,2.6552,2.187,1.4853,1.3659,0,0,0,0,0,0,0,0,0,0,0,0,0,0,0,0,0,0,0,0,0,0,0,0,0,0,0,0,0,0,0,0,0,0,0,0,0,0,0,0,0,0,0,0,0,0,0,0,0,0,0,0,0,0,0,0,0,0,0
0,0,0,0,0,0,0,0,0,0,0,0,0,0,0,0,0,0,0,0,0,0,0,0,0,0,0,0,0,0,0,0,0,0,0,0,0,0,0,0,0,0,0,0,0,0,0,0,0,0,0,0,0,0,0,0,0,0,0,0,0.30285,0.34283,1.1583,2.3628,2.3954,2.926,3.3261,3.0194,3.715,3.5243,4.7195,4.1127,4.6034,4.9337,5.3282,5.3791,5.318,4.879,5.3669,6.4649,5.1737,5.9955,5.894,4.9414,5.2442,5.0331,4.8415,3.6222,4.3064,4.2549,4.1591,4.2186,4.0268,3.9506,3.2667,3.3414,2.8099,3.2995,2.8952,2.7,2.3577,2.696,3.0123,3.0677,3.2456,3.5321,3.1217,3.4539,4.4398,3.9424,4.5514,4.455,4.6763,5.051,4.3155,5.8201,4.8998,5.429,5.5499,5.2203,5.9138,6.1136,5.2691,5.8023,5.2928,5.8319,5.8858,6.1721,6.4602,6.467,5.8654,6.8415,5.7779,6.4302,5.3174,5.44,3.8959,3.4451,2.1247,5.1445,0.69058,0,0,0,0,0,0,0,0,0,0,0,0,0,0,0,0,0,0,0,0,0,0,0,0,0,0,0,0,0,0,0,0,0,0,0,0,0,0,0,0,0,0,0,0,0,0,0,0,0,0,0,0,0,0,0,0,0,0,0,0
0,0,0,0,0,0,0,0,0,0,0,0,0,0,0,0,0,0,0,0,0,0,0,0,0,0,0,0,0,0,0,0,0,0,0,0,0,0,0,0,0,0,0,0,0,0,0,0,0,0,0,0,0,0,0,0,0,0,0,0,1.84,0.45745,0.78565,1.771,2.306,2.5652,3.6749,3.1961,3.3245,3.4916,4.2954,4.4732,4.6249,4.274,4.5313,5.8794,6.5829,5.3515,6.3166,5.2153,5.1787,6.6604,4.9649,5.7072,5.4224,4.6463,5.2397,4.2227,5.1249,4.613,3.8247,4.0975,3.8755,3.9711,3.9727,3.3386,3.3307,3.4147,3.3706,3.3536,3.2282,2.742,3.3689,2.5944,2.6919,3.4684,3.3603,3.4378,3.8287,3.9966,4.0875,3.9889,5.3461,6.2062,4.6721,5.1619,5.5859,5.3706,5.0637,5.8474,4.6839,5.9942,5.4904,6.1219,5.922,5.0407,6.0586,6.4088,6.9799,6.5457,6.337,5.3442,5.6096,5.3257,6.49,3.999,3.1695,2.1927,1.6771,1.7451,0,0,0,0,0,0,0,0,0,0,0,0,0,0,0,0,0,0,0,0,0,0,0,0,0,0,0,0,0,0,0,0,0,0,0,0,0,0,0,0,0,0,0,0,0,0,0,0,0,0,0,0,0,0,0,0,0,0,0,0,0
0,0,0,0,0,0,0,0,0,0,0,0,0,0,0,0,0,0,0,0,0,0,0,0,0,0,0,0,0,0,0,0,0,0,0,0,0,0,0,0,0,0,0,0,0,0,0,0,0,0,0,0,0,0,0,0,0,0,0,0,0,0.37439,0.7799,1.3242,1.816,2.6255,2.3656,3.1263,3.2738,3.3806,4.2186,3.8862,4.2331,4.0988,4.6138,4.913,4.6441,5.7822,5.2158,5.4935,5.8789,6.2743,6.5351,5.505,5.2272,4.9759,4.8936,5.135,4.7806,4.9464,4.6436,4.2316,3.9849,3.6205,3.2848,4.2291,3.8671,3.3261,2.8358,2.8697,3.8991,3.173,2.5215,2.5325,3.4169,2.8515,3.3603,3.7425,4.0494,3.909,4.0374,4.2881,4.6086,4.9144,5.3684,4.6538,5.2327,5.1429,4.8541,5.2317,5.4481,5.1805,6.3584,5.3716,6.0331,6.2346,5.7586,5.6163,5.7836,5.0654,6.5283,6.0226,5.4693,5.6852,4.2626,3.1796,2.5213,1.3483,1.2697,1.1195,0,0,0,0,0,0,0,0,0,0,0,0,0,0,0,0,0,0,0,0,0,0,0,0,0,0,0,0,0,0,0,0,0,0,0,0,0,0,0,0,0,0,0,0,0,0,0,0,0,0,0,0,0,0,0,0,0,0,0,0,0
0,0,0,0,0,0,0,0,0,0,0,0,0,0,0,0,0,0,0,0,0,0,0,0,0,0,0,0,0,0,0,0,0,0,0,0,0,0,0,0,0,0,0,0,0,0,0,0,0,0,0,0,0,0,0,0,0,0,0,0,0,0,0.32675,0.64581,0.77863,1.3263,2.128,3.2281,3.5731,3.0925,3.5399,4.0401,4.8479,4.6253,4.5165,5.0467,5.9426,6.0634,5.9027,5.6942,5.7053,5.1086,5.6771,6.5406,5.68,6.0205,4.4101,5.421,4.924,4.9357,4.7931,4.9572,4.4943,3.9996,4.7876,4.0453,3.5965,4.1238,3.8513,3.2995,3.5317,3.9386,3.4325,3.9816,3.2424,2.8918,3.4303,3.5726,3.6479,3.2502,4.5523,4.702,4.8701,6.1551,4.9723,4.7841,4.8165,4.944,4.9262,5.2039,5.9746,6.1674,4.5887,5.9523,5.7566,6.0149,5.428,5.5432,6.5754,5.5508,5.3788,6.0793,6.613,3.97,3.8193,2.1506,1.3799,1.1065,0,0,0,0,0,0,0,0,0,0,0,0,0,0,0,0,0,0,0,0,0,0,0,0,0,0,0,0,0,0,0,0,0,0,0,0,0,0,0,0,0,0,0,0,0,0,0,0,0,0,0,0,0,0,0,0,0,0,0,0,0,0,0
0,0,0,0,0,0,0,0,0,0,0,0,0,0,0,0,0,0,0,0,0,0,0,0,0,0,0,0,0,0,0,0,0,0,0,0,0,0,0,0,0,0,0,0,0,0,0,0,0,0,0,0,0,0,0,0,0,0,0,0,0,0,0,0.36072,1.1763,0.84563,1.8197,1.9746,2.2871,3.4817,3.5825,4.5039,4.6716,4.9957,5.2467,4.8604,5.7203,5.5103,6.5995,5.4442,6.2115,6.4542,6.4166,6.5748,5.0527,5.9596,5.2212,5.3802,5.0517,4.7544,5.467,4.631,4.3268,3.8346,4.2473,3.727,4.181,3.5749,3.9739,4.3151,3.389,2.9224,2.9913,3.0881,3.6269,3.0553,3.5487,3.5624,3.328,3.468,4.5107,4.387,3.9385,3.9344,4.5604,4.1243,5.359,4.45,4.8504,4.6434,4.4932,4.5653,4.8773,5.0119,5.3004,6.0651,5.6053,6.0157,6.4928,6.0137,5.4458,5.9504,3.6065,4.1615,2.7215,1.894,1.1554,2.1439,0,0,0,0,0,0,0,0,0,0,0,0,0,0,0,0,0,0,0,0,0,0,0,0,0,0,0,0,0,0,0,0,0,0,0,0,0,0,0,0,0,0,0,0,0,0,0,0,0,0,0,0,0,0,0,0,0,0,0,0,0,0,0
0,0,0,0,0,0,0,0,0,0,0,0,0,0,0,0,0,0,0,0,0,0,0,0,0,0,0,0,0,0,0,0,0,0,0,0,0,0,0,0,0,0,0,0,0,0,0,0,0,0,0,0,0,0,0,0,0,0,0,0,0,0,0,0,0,0.29697,0.72728,1.4805,1.6321,2.8084,3.2836,3.7314,4.2571,5.1943,4.4304,5.9004,5.491,5.4888,5.3321,5.9599,6.5306,6.2342,5.5791,5.9248,5.2444,5.5563,5.481,5.1369,5.2125,4.809,4.7297,5.232,4.7734,4.0996,3.5201,4.1454,3.3931,3.9776,4.3108,3.9571,3.8855,3.8655,3.6534,2.9542,3.1257,2.7186,3.0618,3.2729,3.6204,3.2866,4.3754,4.1264,4.6097,4.0446,3.8478,4.1614,4.8326,4.4686,4.2193,4.4316,4.5012,4.3977,4.4127,4.4679,4.5089,5.8186,5.3299,5.0559,5.6097,5.2635,4.6671,9.1038,2.8632,2.0815,1.2056,0.53871,0,0,0,0,0,0,0,0,0,0,0,0,0,0,0,0,0,0,0,0,0,0,0,0,0,0,0,0,0,0,0,0,0,0,0,0,0,0,0,0,0,0,0,0,0,0,0,0,0,0,0,0,0,0,0,0,0,0,0,0,0,0,0,0,0
0,0,0,0,0,0,0,0,0,0,0,0,0,0,0,0,0,0,0,0,0,0,0,0,0,0,0,0,0,0,0,0,0,0,0,0,0,0,0,0,0,0,0,0,0,0,0,0,0,0,0,0,0,0,0,0,0,0,0,0,0,0,0,0,0,1.1926,0.14164,0.90673,1.5938,2.1516,2.4844,4.3923,4.8663,4.0634,5.3929,5.1753,5.1163,6.0217,5.8442,6.2913,6.0619,6.8222,6.3879,6.1675,5.3913,5.8697,5.8258,5.1953,5.2676,4.9353,4.4871,3.9958,4.4308,4.4875,3.746,4.3291,3.5194,3.6809,3.7481,3.5088,3.7172,3.6964,3.2767,2.7712,2.7936,3.5345,3.6083,3.3467,3.5125,3.5889,3.1127,3.7117,4.0226,3.814,3.6662,3.9143,4.9857,4.1486,3.9033,4.6397,4.7639,3.4954,4.5924,5.0305,4.4664,5.1044,4.8756,5.4962,5.4623,4.4097,5.0469,2.5922,2.1517,2.089,2.349,0,0,0,0,0,0,0,0,0,0,0,0,0,0,0,0,0,0,0,0,0,0,0,0,0,0,0,0,0,0,0,0,0,0,0,0,0,0,0,0,0,0,0,0,0,0,0,0,0,0,0,0,0,0,0,0,0,0,0,0,0,0,0,0,0,0
0,0,0,0,0,0,0,0,0,0,0,0,0,0,0,0,0,0,0,0,0,0,0,0,0,0,0,0,0,0,0,0,0,0,0,0,0,0,0,0,0,0,0,0,0,0,0,0,0,0,0,0,0,0,0,0,0,0,0,0,0,0,0,0,0,0,0,0.53521,2.4059,2.1787,1.9812,4.6765,3.9889,3.9522,4.5222,5.1185,4.8458,6.0292,6.6834,6.1048,5.1932,6.3042,5.6943,5.7867,6.2893,5.6084,5.6919,5.0847,5.6984,5.4445,4.2188,4.4519,4.141,4.936,4.576,4.2053,3.7413,3.9337,3.6912,3.8345,3.6271,3.7794,3.5657,3.2343,3.5999,3.6868,3.1896,3.3546,3.501,3.2207,3.8962,3.4575,3.6025,4.3105,3.5911,4.604,4.1839,4.4034,5.1945,4.3005,4.1077,4.6327,4.7553,5.2375,5.2822,4.6766,4.6757,5.063,5.3699,3.5058,4.0517,3.1043,2.2153,1.2033,0,0,0,0,0,0,0,0,0,0,0,0,0,0,0,0,0,0,0,0,0,0,0,0,0,0,0,0,0,0,0,0,0,0,0,0,0,0,0,0,0,0,0,0,0,0,0,0,0,0,0,0,0,0,0,0,0,0,0,0,0,0,0,0,0,0,0
0,0,0,0,0,0,0,0,0,0,0,0,0,0,0,0,0,0,0,0,0,0,0,0,0,0,0,0,0,0,0,0,0,0,0,0,0,0,0,0,0,0,0,0,0,0,0,0,0,0,0,0,0,0,0,0,0,0,0,0,0,0,0,0,0,0,0,0,1.4769,1.7376,1.4719,1.523,2.972,3.3429,4.3093,4.9116,4.9187,6.0482,5.5881,5.4293,6.0451,6.3996,5.6166,6.8079,5.4266,5.3933,5.1384,5.434,5.4701,5.2017,4.9089,4.3169,4.1572,4.3442,3.8582,3.9881,3.7561,4.3776,3.7425,3.4589,4.2598,3.839,3.4236,4.1325,3.4489,2.9766,3.5467,3.2371,3.1714,3.5223,3.7019,3.7382,3.8454,3.2424,3.277,3.9195,3.3442,3.5369,3.4168,3.793,4.2875,4.3033,4.4573,4.0992,4.1527,4.1404,4.4894,2.6321,3.2125,2.4063,2.2933,1.2462,0.77416,0,0,0,0,0,0,0,0,0,0,0,0,0,0,0,0,0,0,0,0,0,0,0,0,0,0,0,0,0,0,0,0,0,0,0,0,0,0,0,0,0,0,0,0,0,0,0,0,0,0,0,0,0,0,0,0,0,0,0,0,0,0,0,0,0,0,0,0
0,0,0,0,0,0,0,0,0,0,0,0,0,0,0,0,0,0,0,0,0,0,0,0,0,0,0,0,0,0,0,0,0,0,0,0,0,0,0,0,0,0,0,0,0,0,0,0,0,0,0,0,0,0,0,0,0,0,0,0,0,0,0,0,0,0,0,0,0,0,0.21656,1.7516,1.8464,2.4535,3.0334,3.5676,4.6299,5.2449,4.6434,6.4873,5.9686,6.1236,5.4723,5.8457,6.7761,5.8318,5.2996,5.4098,5.2281,5.1566,5.1483,3.9479,5.4869,4.1064,4.3726,3.8427,3.074,4.3787,3.9987,4.3574,3.9214,3.6972,3.6021,3.7072,3.6678,3.4514,3.6667,3.49,3.2955,3.5161,3.4726,3.2692,4.2077,3.9163,3.1818,4.2059,3.273,2.8915,3.7869,3.5304,3.0221,3.6375,3.6556,3.5797,4.5065,3.8464,3.0155,2.7967,1.6527,0.78056,0.55071,0,0,0,0,0,0,0,0,0,0,0,0,0,0,0,0,0,0,0,0,0,0,0,0,0,0,0,0,0,0,0,0,0,0,0,0,0,0,0,0,0,0,0,0,0,0,0,0,0,0,0,0,0,0,0,0,0,0,0,0,0,0,0,0,0,0,0,0,0,0
0,0,0,0,0,0,0,0,0,0,0,0,0,0,0,0,0,0,0,0,0,0,0,0,0,0,0,0,0,0,0,0,0,0,0,0,0,0,0,0,0,0,0,0,0,0,0,0,0,0,0,0,0,0,0,0,0,0,0,0,0,0,0,0,0,0,0,0,0,0,0,0.40064,0.42735,1.6751,2.1255,2.6789,2.7801,4.672,5.4872,8.7785,5.3047,6.2187,6.0437,5.0316,5.8296,5.2462,5.1761,5.0357,4.6677,5.2484,4.9652,5.04,4.9778,4.9843,4.0072,4.4793,4.6952,3.6228,3.06,4.0135,4.4112,4.0681,4.1654,4.306,3.5665,3.5586,4.7582,3.7251,3.7922,3.8675,3.2119,3.235,2.8734,5.5756,2.6959,3.2097,2.9223,3.3724,3.0028,3.4251,3.4202,3.4231,2.9891,2.5125,2.6154,2.0751,1.6947,1.6911,0.57301,0.39262,0,0,0,0,0,0,0,0,0,0,0,0,0,0,0,0,0,0,0,0,0,0,0,0,0,0,0,0,0,0,0,0,0,0,0,0,0,0,0,0,0,0,0,0,0,0,0,0,0,0,0,0,0,0,0,0,0,0,0,0,0,0,0,0,0,0,0,0,0,0,0
0,0,0,0,0,0,0,0,0,0,0,0,0,0,0,0,0,0,0,0,0,0,0,0,0,0,0,0,0,0,0,0,0,0,0,0,0,0,0,0,0,0,0,0,0,0,0,0,0,0,0,0,0,0,0,0,0,0,0,0,0,0,0,0,0,0,0,0,0,0,0,0,4.6718,0.72639,0.77322,2.0675,2.6185,2.7011,3.1574,2.9673,3.6406,4.1296,5.132,6.3657,4.8959,4.9717,5.1151,5.0385,4.5215,4.9353,4.5346,5.2759,4.2891,4.7279,4.3306,4.025,4.3941,3.5968,4.146,5.7048,4.3267,4.2727,4.1478,3.6801,3.3515,3.9044,3.2138,4.0564,5.0312,3.2789,3.6863,2.928,2.9343,2.5581,3.533,3.0135,3.3481,3.1744,2.6373,3.0803,2.6685,1.8158,2.135,1.9971,1.7675,1.3387,0.52233,0.20555,0,0,0,0,0,0,0,0,0,0,0,0,0,0,0,0,0,0,0,0,0,0,0,0,0,0,0,0,0,0,0,0,0,0,0,0,0,0,0,0,0,0,0,0,0,0,0,0,0,0,0,0,0,0,0,0,0,0,0,0,0,0,0,0,0,0,0,0,0,0,0,0,0
0,0,0,0,0,0,0,0,0,0,0,0,0,0,0,0,0,0,0,0,0,0,0,0,0,0,0,0,0,0,0,0,0,0,0,0,0,0,0,0,0,0,0,0,0,0,0,0,0,0,0,0,0,0,0,0,0,0,0,0,0,0,0,0,0,0,0,0,0,0,0,0,0,0,0,0.55266,1.3398,1.4611,1.8253,1.9943,3.5629,3.4419,4.1039,3.1408,4.1947,3.7601,4.6206,5.5069,4.575,4.5597,4.8474,4.3751,4.2326,3.958,4.1256,4.0627,6.1987,3.9509,4.1288,3.7182,4.9394,3.4337,4.2683,3.5369,3.5451,4.453,3.3813,4.1731,4.3026,2.9953,3.1998,3.0325,2.6404,2.825,3.0093,2.2153,2.5319,2.2261,2.5164,1.8737,2.6405,1.2587,1.9545,2.2276,1.0667,0.36666,0,0,0,0,0,0,0,0,0,0,0,0,0,0,0,0,0,0,0,0,0,0,0,0,0,0,0,0,0,0,0,0,0,0,0,0,0,0,0,0,0,0,0,0,0,0,0,0,0,0,0,0,0,0,0,0,0,0,0,0,0,0,0,0,0,0,0,0,0,0,0,0,0,0,0
0,0,0,0,0,0,0,0,0,0,0,0,0,0,0,0,0,0,0,0,0,0,0,0,0,0,0,0,0,0,0,0,0,0,0,0,0,0,0,0,0,0,0,0,0,0,0,0,0,0,0,0,0,0,0,0,0,0,0,0,0,0,0,0,0,0,0,0,0,0,0,0,0,0,0,0,0,1.1331,1.7124,3.4922,1.6362,2.3206,2.5003,2.4408,2.7693,3.2431,3.491,2.9089,2.9577,4.0354,4.0082,3.6069,3.5908,6.3046,4.3367,3.7071,3.4319,4.1206,4.0803,4.2572,5.2207,3.8415,4.0471,3.4279,3.1618,3.8086,3.2756,3.3939,2.249,2.7215,1.8926,2.1409,2.532,1.6616,1.9005,1.6633,1.5748,1.8889,1.2926,0.88501,1.0301,0.60742,1.0648,0.63839,0,0,0,0,0,0,0,0,0,0,0,0,0,0,0,0,0,0,0,0,0,0,0,0,0,0,0,0,0,0,0,0,0,0,0,0,0,0,0,0,0,0,0,0,0,0,0,0,0,0,0,0,0,0,0,0,0,0,0,0,0,0,0,0,0,0,0,0,0,0,0,0,0,0,0,0,0
0,0,0,0,0,0,0,0,0,0,0,0,0,0,0,0,0,0,0,0,0,0,0,0,0,0,0,0,0,0,0,0,0,0,0,0,0,0,0,0,0,0,0,0,0,0,0,0,0,0,0,0,0,0,0,0,0,0,0,0,0,0,0,0,0,0,0,0,0,0,0,0,0,0,0,0,0,0,0,0,0.48468,1.2695,1.763,1.1443,2.2029,1.7893,2.259,2.4919,2.8689,2.6538,2.6365,2.9009,3.3285,4.6078,3.5831,4.0238,7.0695,3.7234,4.358,3.9001,3.2293,3.7005,3.5483,3.3264,4.2427,2.4003,2.4373,3.7712,2.2045,1.5848,2.4894,1.2606,1.4903,0.89823,1.0836,1.1612,1.5193,1.0025,1.2709,0.45541,0.36527,0.39264,0,0,0,0,0,0,0,0,0,0,0,0,0,0,0,0,0,0,0,0,0,0,0,0,0,0,0,0,0,0,0,0,0,0,0,0,0,0,0,0,0,0,0,0,0,0,0,0,0,0,0,0,0,0,0,0,0,0,0,0,0,0,0,0,0,0,0,0,0,0,0,0,0,0,0,0,0,0,0
0,0,0,0,0,0,0,0,0,0,0,0,0,0,0,0,0,0,0,0,0,0,0,0,0,0,0,0,0,0,0,0,0,0,0,0,0,0,0,0,0,0,0,0,0,0,0,0,0,0,0,0,0,0,0,0,0,0,0,0,0,0,0,0,0,0,0,0,0,0,0,0,0,0,0,0,0,0,0,0,0,0,2.0853,5.5156,1.0665,1.1982,1.7892,1.3015,1.4412,1.6705,1.77,1.8506,2.2524,2.1856,2.4578,3.7338,2.5128,2.5338,3.2269,2.7395,2.7788,2.4649,2.6393,2.7318,2.0891,1.7455,1.9513,1.7903,3.0138,1.2207,1.2839,1.0453,0.74418,0.81526,0.43567,0.63194,0.65115,0.27316,0,0,0,0,0,0,0,0,0,0,0,0,0,0,0,0,0,0,0,0,0,0,0,0,0,0,0,0,0,0,0,0,0,0,0,0,0,0,0,0,0,0,0,0,0,0,0,0,0,0,0,0,0,0,0,0,0,0,0,0,0,0,0,0,0,0,0,0,0,0,0,0,0,0,0,0,0,0,0,0,0,0,0
0,0,0,0,0,0,0,0,0,0,0,0,0,0,0,0,0,0,0,0,0,0,0,0,0,0,0,0,0,0,0,0,0,0,0,0,0,0,0,0,0,0,0,0,0,0,0,0,0,0,0,0,0,0,0,0,0,0,0,0,0,0,0,0,0,0,0,0,0,0,0,0,0,0,0,0,0,0,0,0,0,0,0,0,0,0,0,1.126,2.079,1.2345,0.91802,1.0099,1.0257,1.3965,2.0194,1.8811,1.6321,2.0474,2.289,2.4251,2.8219,2.838,2.0244,1.7918,1.708,1.3955,1.2731,1.1114,0.78274,0.67981,0.61635,0.16863,0.44237,0.25789,1.0074,0,0,0,0,0,0,0,0,0,0,0,0,0,0,0,0,0,0,0,0,0,0,0,0,0,0,0,0,0,0,0,0,0,0,0,0,0,0,0,0,0,0,0,0,0,0,0,0,0,0,0,0,0,0,0,0,0,0,0,0,0,0,0,0,0,0,0,0,0,0,0,0,0,0,0,0,0,0,0,0,0,0,0,0,0,0
0,0,0,0,0,0,0,0,0,0,0,0,0,0,0,0,0,0,0,0,0,0,0,0,0,0,0,0,0,0,0,0,0,0,0,0,0,0,0,0,0,0,0,0,0,0,0,0,0,0,0,0,0,0,0,0,0,0,0,0,0,0,0,0,0,0,0,0,0,0,0,0,0,0,0,0,0,0,0,0,0,0,0,0,0,0,0,0,0,0,0,0.94857,0.55959,0.52176,1.3057,0.89299,0.8954,1.4735,1.0185,1.296,2.1736,1.2872,0.98084,0.97469,0.89823,0.77061,0.8464,0.76177,0.54879,0.062035,0,0,0,0,0,0,0,0,0,0,0,0,0,0,0,0,0,0,0,0,0,0,0,0,0,0,0,0,0,0,0,0,0,0,0,0,0,0,0,0,0,0,0,0,0,0,0,0,0,0,0,0,0,0,0,0,0,0,0,0,0,0,0,0,0,0,0,0,0,0,0,0,0,0,0,0,0,0,0,0,0,0,0,0,0,0,0,0,0,0,0
0,0,0,0,0,0,0,0,0,0,0,0,0,0,0,0,0,0,0,0,0,0,0,0,0,0,0,0,0,0,0,0,0,0,0,0,0,0,0,0,0,0,0,0,0,0,0,0,0,0,0,0,0,0,0,0,0,0,0,0,0,0,0,0,0,0,0,0,0,0,0,0,0,0,0,0,0,0,0,0,0,0,0,0,0,0,0,0,0,0,0,0,0,0,0,0.935,0.45485,0.89907,0.41576,0.6413,0.45112,0.45413,0.65456,0.52223,0.18865,0.95858,0,0,0,0,0,0,0,0,0,0,0,0,0,0,0,0,0,0,0,0,0,0,0,0,0,0,0,0,0,0,0,0,0,0,0,0,0,0,0,0,0,0,0,0,0,0,0,0,0,0,0,0,0,0,0,0,0,0,0,0,0,0,0,0,0,0,0,0,0,0,0,0,0,0,0,0,0,0,0,0,0,0,0,0,0,0,0,0,0,0,0,0,0,0,0
0,0,0,0,0,0,0,0,0,0,0,0,0,0,0,0,0,0,0,0,0,0,0,0,0,0,0,0,0,0,0,0,0,0,0,0,0,0,0,0,0,0,0,0,0,0,0,0,0,0,0,0,0,0,0,0,0,0,0,0,0,0,0,0,0,0,0,0,0,0,0,0,0,0,0,0,0,0,0,0,0,0,0,0,0,0,0,0,0,0,0,0,0,0,0,0,0,0,0,0,0,0,0,0,0,0,0,0,0,0,0,0,0,0,0,0,0,0,0,0,0,0,0,0,0,0,0,0,0,0,0,0,0,0,0,0,0,0,0,0,0,0,0,0,0,0,0,0,0,0,0,0,0,0,0,0,0,0,0,0,0,0,0,0,0,0,0,0,0,0,0,0,0,0,0,0,0,0,0,0,0,0,0,0,0,0,0,0,0,0,0,0,0,0,0,0,0,0,0,0,0
0,0,0,0,0,0,0,0,0,0,0,0,0,0,0,0,0,0,0,0,0,0,0,0,0,0,0,0,0,0,0,0,0,0,0,0,0,0,0,0,0,0,0,0,0,0,0,0,0,0,0,0,0,0,0,0,0,0,0,0,0,0,0,0,0,0,0,0,0,0,0,0,0,0,0,0,0,0,0,0,0,0,0,0,0,0,0,0,0,0,0,0,0,0,0,0,0,0,0,0,0,0,0,0,0,0,0,0,0,0,0,0,0,0,0,0,0,0,0,0,0,0,0,0,0,0,0,0,0,0,0,0,0,0,0,0,0,0,0,0,0,0,0,0,0,0,0,0,0,0,0,0,0,0,0,0,0,0,0,0,0,0,0,0,0,0,0,0,0,0,0,0,0,0,0,0,0,0,0,0,0,0,0,0,0,0,0,0,0,0,0,0,0,0,0,0,0,0,0,0,0
0,0,0,0,0,0,0,0,0,0,0,0,0,0,0,0,0,0,0,0,0,0,0,0,0,0,0,0,0,0,0,0,0,0,0,0,0,0,0,0,0,0,0,0,0,0,0,0,0,0,0,0,0,0,0,0,0,0,0,0,0,0,0,0,0,0,0,0,0,0,0,0,0,0,0,0,0,0,0,0,0,0,0,0,0,0,0,0,0,0,0,0,0,0,0,0,0,0,0,0,0,0,0,0,0,0,0,0,0,0,0,0,0,0,0,0,0,0,0,0,0,0,0,0,0,0,0,0,0,0,0,0,0,0,0,0,0,0,0,0,0,0,0,0,0,0,0,0,0,0,0,0,0,0,0,0,0,0,0,0,0,0,0,0,0,0,0,0,0,0,0,0,0,0,0,0,0,0,0,0,0,0,0,0,0,0,0,0,0,0,0,0,0,0,0,0,0,0,0,0,0
0,0,0,0,0,0,0,0,0,0,0,0,0,0,0,0,0,0,0,0,0,0,0,0,0,0,0,0,0,0,0,0,0,0,0,0,0,0,0,0,0,0,0,0,0,0,0,0,0,0,0,0,0,0,0,0,0,0,0,0,0,0,0,0,0,0,0,0,0,0,0,0,0,0,0,0,0,0,0,0,0,0,0,0,0,0,0,0,0,0,0,0,0,0,0,0,0,0,0,0,0,0,0,0,0,0,0,0,0,0,0,0,0,0,0,0,0,0,0,0,0,0,0,0,0,0,0,0,0,0,0,0,0,0,0,0,0,0,0,0,0,0,0,0,0,0,0,0,0,0,0,0,0,0,0,0,0,0,0,0,0,0,0,0,0,0,0,0,0,0,0,0,0,0,0,0,0,0,0,0,0,0,0,0,0,0,0,0,0,0,0,0,0,0,0,0,0,0,0,0,0
0,0,0,0,0,0,0,0,0,0,0,0,0,0,0,0,0,0,0,0,0,0,0,0,0,0,0,0,0,0,0,0,0,0,0,0,0,0,0,0,0,0,0,0,0,0,0,0,0,0,0,0,0,0,0,0,0,0,0,0,0,0,0,0,0,0,0,0,0,0,0,0,0,0,0,0,0,0,0,0,0,0,0,0,0,0,0,0,0,0,0,0,0,0,0,0,0,0,0,0,0,0,0,0,0,0,0,0,0,0,0,0,0,0,0,0,0,0,0,0,0,0,0,0,0,0,0,0,0,0,0,0,0,0,0,0,0,0,0,0,0,0,0,0,0,0,0,0,0,0,0,0,0,0,0,0,0,0,0,0,0,0,0,0,0,0,0,0,0,0,0,0,0,0,0,0,0,0,0,0,0,0,0,0,0,0,0,0,0,0,0,0,0,0,0,0,0,0,0,0,0
0,0,0,0,0,0,0,0,0,0,0,0,0,0,0,0,0,0,0,0,0,0,0,0,0,0,0,0,0,0,0,0,0,0,0,0,0,0,0,0,0,0,0,0,0,0,0,0,0,0,0,0,0,0,0,0,0,0,0,0,0,0,0,0,0,0,0,0,0,0,0,0,0,0,0,0,0,0,0,0,0,0,0,0,0,0,0,0,0,0,0,0,0,0,0,0,0,0,0,0,0,0,0,0,0,0,0,0,0,0,0,0,0,0,0,0,0,0,0,0,0,0,0,0,0,0,0,0,0,0,0,0,0,0,0,0,0,0,0,0,0,0,0,0,0,0,0,0,0,0,0,0,0,0,0,0,0,0,0,0,0,0,0,0,0,0,0,0,0,0,0,0,0,0,0,0,0,0,0,0,0,0,0,0,0,0,0,0,0,0,0,0,0,0,0,0,0,0,0,0,0
0,0,0,0,0,0,0,0,0,0,0,0,0,0,0,0,0,0,0,0,0,0,0,0,0,0,0,0,0,0,0,0,0,0,0,0,0,0,0,0,0,0,0,0,0,0,0,0,0,0,0,0,0,0,0,0,0,0,0,0,0,0,0,0,0,0,0,0,0,0,0,0,0,0,0,0,0,0,0,0,0,0,0,0,0,0,0,0,0,0,0,0,0,0,0,0,0,0,0,0,0,0,0,0,0,0,0,0,0,0,0,0,0,0,0,0,0,0,0,0,0,0,0,0,0,0,0,0,0,0,0,0,0,0,0,0,0,0,0,0,0,0,0,0,0,0,0,0,0,0,0,0,0,0,0,0,0,0,0,0,0,0,0,0,0,0,0,0,0,0,0,0,0,0,0,0,0,0,0,0,0,0,0,0,0,0,0,0,0,0,0,0,0,0,0,0,0,0,0,0,0
0,0,0,0,0,0,0,0,0,0,0,0,0,0,0,0,0,0,0,0,0,0,0,0,0,0,0,0,0,0,0,0,0,0,0,0,0,0,0,0,0,0,0,0,0,0,0,0,0,0,0,0,0,0,0,0,0,0,0,0,0,0,0,0,0,0,0,0,0,0,0,0,0,0,0,0,0,0,0,0,0,0,0,0,0,0,0,0,0,0,0,0,0,0,0,0,0,0,0,0,0,0,0,0,0,0,0,0,0,0,0,0,0,0,0,0,0,0,0,0,0,0,0,0,0,0,0,0,0,0,0,0,0,0,0,0,0,0,0,0,0,0,0,0,0,0,0,0,0,0,0,0,0,0,0,0,0,0,0,0,0,0,0,0,0,0,0,0,0,0,0,0,0,0,0,0,0,0,0,0,0,0,0,0,0,0,0,0,0,0,0,0,0,0,0,0,0,0,0,0,0
0,0,0,0,0,0,0,0,0,0,0,0,0,0,0,0,0,0,0,0,0,0,0,0,0,0,0,0,0,0,0,0,0,0,0,0,0,0,0,0,0,0,0,0,0,0,0,0,0,0,0,0,0,0,0,0,0,0,0,0,0,0,0,0,0,0,0,0,0,0,0,0,0,0,0,0,0,0,0,0,0,0,0,0,0,0,0,0,0,0,0,0,0,0,0,0,0,0,0,0,0,0,0,0,0,0,0,0,0,0,0,0,0,0,0,0,0,0,0,0,0,0,0,0,0,0,0,0,0,0,0,0,0,0,0,0,0,0,0,0,0,0,0,0,0,0,0,0,0,0,0,0,0,0,0,0,0,0,0,0,0,0,0,0,0,0,0,0,0,0,0,0,0,0,0,0,0,0,0,0,0,0,0,0,0,0,0,0,0,0,0,0,0,0,0,0,0,0,0,0,0
0,0,0,0,0,0,0,0,0,0,0,0,0,0,0,0,0,0,0,0,0,0,0,0,0,0,0,0,0,0,0,0,0,0,0,0,0,0,0,0,0,0,0,0,0,0,0,0,0,0,0,0,0,0,0,0,0,0,0,0,0,0,0,0,0,0,0,0,0,0,0,0,0,0,0,0,0,0,0,0,0,0,0,0,0,0,0,0,0,0,0,0,0,0,0,0,0,0,0,0,0,0,0,0,0,0,0,0,0,0,0,0,0,0,0,0,0,0,0,0,0,0,0,0,0,0,0,0,0,0,0,0,0,0,0,0,0,0,0,0,0,0,0,0,0,0,0,0,0,0,0,0,0,0,0,0,0,0,0,0,0,0,0,0,0,0,0,0,0,0,0,0,0,0,0,0,0,0,0,0,0,0,0,0,0,0,0,0,0,0,0,0,0,0,0,0,0,0,0,0,0
0,0,0,0,0,0,0,0,0,0,0,0,0,0,0,0,0,0,0,0,0,0,0,0,0,0,0,0,0,0,0,0,0,0,0,0,0,0,0,0,0,0,0,0,0,0,0,0,0,0,0,0,0,0,0,0,0,0,0,0,0,0,0,0,0,0,0,0,0,0,0,0,0,0,0,0,0,0,0,0,0,0,0,0,0,0,0,0,0,0,0,0,0,0,0,0,0,0,0,0,0,0,0,0,0,0,0,0,0,0,0,0,0,0,0,0,0,0,0,0,0,0,0,0,0,0,0,0,0,0,0,0,0,0,0,0,0,0,0,0,0,0,0,0,0,0,0,0,0,0,0,0,0,0,0,0,0,0,0,0,0,0,0,0,0,0,0,0,0,0,0,0,0,0,0,0,0,0,0,0,0,0,0,0,0,0,0,0,0,0,0,0,0,0,0,0,0,0,0,0,0
0,0,0,0,0,0,0,0,0,0,0,0,0,0,0,0,0,0,0,0,0,0,0,0,0,0,0,0,0,0,0,0,0,0,0,0,0,0,0,0,0,0,0,0,0,0,0,0,0,0,0,0,0,0,0,0,0,0,0,0,0,0,0,0,0,0,0,0,0,0,0,0,0,0,0,0,0,0,0,0,0,0,0,0,0,0,0,0,0,0,0,0,0,0,0,0,0,0,0,0,0,0,0,0,0,0,0,0,0,0,0,0,0,0,0,0,0,0,0,0,0,0,0,0,0,0,0,0,0,0,0,0,0,0,0,0,0,0,0,0,0,0,0,0,0,0,0,0,0,0,0,0,0,0,0,0,0,0,0,0,0,0,0,0,0,0,0,0,0,0,0,0,0,0,0,0,0,0,0,0,0,0,0,0,0,0,0,0,0,0,0,0,0,0,0,0,0,0,0,0,0
0,0,0,0,0,0,0,0,0,0,0,0,0,0,0,0,0,0,0,0,0,0,0,0,0,0,0,0,0,0,0,0,0,0,0,0,0,0,0,0,0,0,0,0,0,0,0,0,0,0,0,0,0,0,0,0,0,0,0,0,0,0,0,0,0,0,0,0,0,0,0,0,0,0,0,0,0,0,0,0,0,0,0,0,0,0,0,0,0,0,0,0,0,0,0,0,0,0,0,0,0,0,0,0,0,0,0,0,0,0,0,0,0,0,0,0,0,0,0,0,0,0,0,0,0,0,0,0,0,0,0,0,0,0,0,0,0,0,0,0,0,0,0,0,0,0,0,0,0,0,0,0,0,0,0,0,0,0,0,0,0,0,0,0,0,0,0,0,0,0,0,0,0,0,0,0,0,0,0,0,0,0,0,0,0,0,0,0,0,0,0,0,0,0,0,0,0,0,0,0,0
0,0,0,0,0,0,0,0,0,0,0,0,0,0,0,0,0,0,0,0,0,0,0,0,0,0,0,0,0,0,0,0,0,0,0,0,0,0,0,0,0,0,0,0,0,0,0,0,0,0,0,0,0,0,0,0,0,0,0,0,0,0,0,0,0,0,0,0,0,0,0,0,0,0,0,0,0,0,0,0,0,0,0,0,0,0,0,0,0,0,0,0,0,0,0,0,0,0,0,0,0,0,0,0,0,0,0,0,0,0,0,0,0,0,0,0,0,0,0,0,0,0,0,0,0,0,0,0,0,0,0,0,0,0,0,0,0,0,0,0,0,0,0,0,0,0,0,0,0,0,0,0,0,0,0,0,0,0,0,0,0,0,0,0,0,0,0,0,0,0,0,0,0,0,0,0,0,0,0,0,0,0,0,0,0,0,0,0,0,0,0,0,0,0,0,0,0,0,0,0,0
0,0,0,0,0,0,0,0,0,0,0,0,0,0,0,0,0,0,0,0,0,0,0,0,0,0,0,0,0,0,0,0,0,0,0,0,0,0,0,0,0,0,0,0,0,0,0,0,0,0,0,0,0,0,0,0,0,0,0,0,0,0,0,0,0,0,0,0,0,0,0,0,0,0,0,0,0,0,0,0,0,0,0,0,0,0,0,0,0,0,0,0,0,0,0,0,0,0,0,0,0,0,0,0,0,0,0,0,0,0,0,0,0,0,0,0,0,0,0,0,0,0,0,0,0,0,0,0,0,0,0,0,0,0,0,0,0,0,0,0,0,0,0,0,0,0,0,0,0,0,0,0,0,0,0,0,0,0,0,0,0,0,0,0,0,0,0,0,0,0,0,0,0,0,0,0,0,0,0,0,0,0,0,0,0,0,0,0,0,0,0,0,0,0,0,0,0,0,0,0,0
0,0,0,0,0,0,0,0,0,0,0,0,0,0,0,0,0,0,0,0,0,0,0,0,0,0,0,0,0,0,0,0,0,0,0,0,0,0,0,0,0,0,0,0,0,0,0,0,0,0,0,0,0,0,0,0,0,0,0,0,0,0,0,0,0,0,0,0,0,0,0,0,0,0,0,0,0,0,0,0,0,0,0,0,0,0,0,0,0,0,0,0,0,0,0,0,0,0,0,0,0,0,0,0,0,0,0,0,0,0,0,0,0,0,0,0,0,0,0,0,0,0,0,0,0,0,0,0,0,0,0,0,0,0,0,0,0,0,0,0,0,0,0,0,0,0,0,0,0,0,0,0,0,0,0,0,0,0,0,0,0,0,0,0,0,0,0,0,0,0,0,0,0,0,0,0,0,0,0,0,0,0,0,0,0,0,0,0,0,0,0,0,0,0,0,0,0,0,0,0,0
0,0,0,0,0,0,0,0,0,0,0,0,0,0,0,0,0,0,0,0,0,0,0,0,0,0,0,0,0,0,0,0,0,0,0,0,0,0,0,0,0,0,0,0,0,0,0,0,0,0,0,0,0,0,0,0,0,0,0,0,0,0,0,0,0,0,0,0,0,0,0,0,0,0,0,0,0,0,0,0,0,0,0,0,0,0,0,0,0,0,0,0,0,0,0,0,0,0,0,0,0,0,0,0,0,0,0,0,0,0,0,0,0,0,0,0,0,0,0,0,0,0,0,0,0,0,0,0,0,0,0,0,0,0,0,0,0,0,0,0,0,0,0,0,0,0,0,0,0,0,0,0,0,0,0,0,0,0,0,0,0,0,0,0,0,0,0,0,0,0,0,0,0,0,0,0,0,0,0,0,0,0,0,0,0,0,0,0,0,0,0,0,0,0,0,0,0,0,0,0,0
0,0,0,0,0,0,0,0,0,0,0,0,0,0,0,0,0,0,0,0,0,0,0,0,0,0,0,0,0,0,0,0,0,0,0,0,0,0,0,0,0,0,0,0,0,0,0,0,0,0,0,0,0,0,0,0,0,0,0,0,0,0,0,0,0,0,0,0,0,0,0,0,0,0,0,0,0,0,0,0,0,0,0,0,0,0,0,0,0,0,0,0,0,0,0,0,0,0,0,0,0,0,0,0,0,0,0,0,0,0,0,0,0,0,0,0,0,0,0,0,0,0,0,0,0,0,0,0,0,0,0,0,0,0,0,0,0,0,0,0,0,0,0,0,0,0,0,0,0,0,0,0,0,0,0,0,0,0,0,0,0,0,0,0,0,0,0,0,0,0,0,0,0,0,0,0,0,0,0,0,0,0,0,0,0,0,0,0,0,0,0,0,0,0,0,0,0,0,0,0,0
0,0,0,0,0,0,0,0,0,0,0,0,0,0,0,0,0,0,0,0,0,0,0,0,0,0,0,0,0,0,0,0,0,0,0,0,0,0,0,0,0,0,0,0,0,0,0,0,0,0,0,0,0,0,0,0,0,0,0,0,0,0,0,0,0,0,0,0,0,0,0,0,0,0,0,0,0,0,0,0,0,0,0,0,0,0,0,0,0,0,0,0,0,0,0,0,0,0,0,0,0,0,0,0,0,0,0,0,0,0,0,0,0,0,0,0,0,0,0,0,0,0,0,0,0,0,0,0,0,0,0,0,0,0,0,0,0,0,0,0,0,0,0,0,0,0,0,0,0,0,0,0,0,0,0,0,0,0,0,0,0,0,0,0,0,0,0,0,0,0,0,0,0,0,0,0,0,0,0,0,0,0,0,0,0,0,0,0,0,0,0,0,0,0,0,0,0,0,0,0,0
0,0,0,0,0,0,0,0,0,0,0,0,0,0,0,0,0,0,0,0,0,0,0,0,0,0,0,0,0,0,0,0,0,0,0,0,0,0,0,0,0,0,0,0,0,0,0,0,0,0,0,0,0,0,0,0,0,0,0,0,0,0,0,0,0,0,0,0,0,0,0,0,0,0,0,0,0,0,0,0,0,0,0,0,0,0,0,0,0,0,0,0,0,0,0,0,0,0,0,0,0,0,0,0,0,0,0,0,0,0,0,0,0,0,0,0,0,0,0,0,0,0,0,0,0,0,0,0,0,0,0,0,0,0,0,0,0,0,0,0,0,0,0,0,0,0,0,0,0,0,0,0,0,0,0,0,0,0,0,0,0,0,0,0,0,0,0,0,0,0,0,0,0,0,0,0,0,0,0,0,0,0,0,0,0,0,0,0,0,0,0,0,0,0,0,0,0,0,0,0,0
0,0,0,0,0,0,0,0,0,0,0,0,0,0,0,0,0,0,0,0,0,0,0,0,0,0,0,0,0,0,0,0,0,0,0,0,0,0,0,0,0,0,0,0,0,0,0,0,0,0,0,0,0,0,0,0,0,0,0,0,0,0,0,0,0,0,0,0,0,0,0,0,0,0,0,0,0,0,0,0,0,0,0,0,0,0,0,0,0,0,0,0,0,0,0,0,0,0,0,0,0,0,0,0,0,0,0,0,0,0,0,0,0,0,0,0,0,0,0,0,0,0,0,0,0,0,0,0,0,0,0,0,0,0,0,0,0,0,0,0,0,0,0,0,0,0,0,0,0,0,0,0,0,0,0,0,0,0,0,0,0,0,0,0,0,0,0,0,0,0,0,0,0,0,0,0,0,0,0,0,0,0,0,0,0,0,0,0,0,0,0,0,0,0,0,0,0,0,0,0,0
0,0,0,0,0,0,0,0,0,0,0,0,0,0,0,0,0,0,0,0,0,0,0,0,0,0,0,0,0,0,0,0,0,0,0,0,0,0,0,0,0,0,0,0,0,0,0,0,0,0,0,0,0,0,0,0,0,0,0,0,0,0,0,0,0,0,0,0,0,0,0,0,0,0,0,0,0,0,0,0,0,0,0,0,0,0,0,0,0,0,0,0,0,0,0,0,0,0,0,0,0,0,0,0,0,0,0,0,0,0,0,0,0,0,0,0,0,0,0,0,0,0,0,0,0,0,0,0,0,0,0,0,0,0,0,0,0,0,0,0,0,0,0,0,0,0,0,0,0,0,0,0,0,0,0,0,0,0,0,0,0,0,0,0,0,0,0,0,0,0,0,0,0,0,0,0,0,0,0,0,0,0,0,0,0,0,0,0,0,0,0,0,0,0,0,0,0,0,0,0,0
0,0,0,0,0,0,0,0,0,0,0,0,0,0,0,0,0,0,0,0,0,0,0,0,0,0,0,0,0,0,0,0,0,0,0,0,0,0,0,0,0,0,0,0,0,0,0,0,0,0,0,0,0,0,0,0,0,0,0,0,0,0,0,0,0,0,0,0,0,0,0,0,0,0,0,0,0,0,0,0,0,0,0,0,0,0,0,0,0,0,0,0,0,0,0,0,0,0,0,0,0,0,0,0,0,0,0,0,0,0,0,0,0,0,0,0,0,0,0,0,0,0,0,0,0,0,0,0,0,0,0,0,0,0,0,0,0,0,0,0,0,0,0,0,0,0,0,0,0,0,0,0,0,0,0,0,0,0,0,0,0,0,0,0,0,0,0,0,0,0,0,0,0,0,0,0,0,0,0,0,0,0,0,0,0,0,0,0,0,0,0,0,0,0,0,0,0,0,0,0,0
0,0,0,0,0,0,0,0,0,0,0,0,0,0,0,0,0,0,0,0,0,0,0,0,0,0,0,0,0,0,0,0,0,0,0,0,0,0,0,0,0,0,0,0,0,0,0,0,0,0,0,0,0,0,0,0,0,0,0,0,0,0,0,0,0,0,0,0,0,0,0,0,0,0,0,0,0,0,0,0,0,0,0,0,0,0,0,0,0,0,0,0,0,0,0,0,0,0,0,0,0,0,0,0,0,0,0,0,0,0,0,0,0,0,0,0,0,0,0,0,0,0,0,0,0,0,0,0,0,0,0,0,0,0,0,0,0,0,0,0,0,0,0,0,0,0,0,0,0,0,0,0,0,0,0,0,0,0,0,0,0,0,0,0,0,0,0,0,0,0,0,0,0,0,0,0,0,0,0,0,0,0,0,0,0,0,0,0,0,0,0,0,0,0,0,0,0,0,0,0,0
0,0,0,0,0,0,0,0,0,0,0,0,0,0,0,0,0,0,0,0,0,0,0,0,0,0,0,0,0,0,0,0,0,0,0,0,0,0,0,0,0,0,0,0,0,0,0,0,0,0,0,0,0,0,0,0,0,0,0,0,0,0,0,0,0,0,0,0,0,0,0,0,0,0,0,0,0,0,0,0,0,0,0,0,0,0,0,0,0,0,0,0,0,0,0,0,0,0,0,0,0,0,0,0,0,0,0,0,0,0,0,0,0,0,0,0,0,0,0,0,0,0,0,0,0,0,0,0,0,0,0,0,0,0,0,0,0,0,0,0,0,0,0,0,0,0,0,0,0,0,0,0,0,0,0,0,0,0,0,0,0,0,0,0,0,0,0,0,0,0,0,0,0,0,0,0,0,0,0,0,0,0,0,0,0,0,0,0,0,0,0,0,0,0,0,0,0,0,0,0,0
0,0,0,0,0,0,0,0,0,0,0,0,0,0,0,0,0,0,0,0,0,0,0,0,0,0,0,0,0,0,0,0,0,0,0,0,0,0,0,0,0,0,0,0,0,0,0,0,0,0,0,0,0,0,0,0,0,0,0,0,0,0,0,0,0,0,0,0,0,0,0,0,0,0,0,0,0,0,0,0,0,0,0,0,0,0,0,0,0,0,0,0,0,0,0,0,0,0,0,0,0,0,0,0,0,0,0,0,0,0,0,0,0,0,0,0,0,0,0,0,0,0,0,0,0,0,0,0,0,0,0,0,0,0,0,0,0,0,0,0,0,0,0,0,0,0,0,0,0,0,0,0,0,0,0,0,0,0,0,0,0,0,0,0,0,0,0,0,0,0,0,0,0,0,0,0,0,0,0,0,0,0,0,0,0,0,0,0,0,0,0,0,0,0,0,0,0,0,0,0,0
0,0,0,0,0,0,0,0,0,0,0,0,0,0,0,0,0,0,0,0,0,0,0,0,0,0,0,0,0,0,0,0,0,0,0,0,0,0,0,0,0,0,0,0,0,0,0,0,0,0,0,0,0,0,0,0,0,0,0,0,0,0,0,0,0,0,0,0,0,0,0,0,0,0,0,0,0,0,0,0,0,0,0,0,0,0,0,0,0,0,0,0,0,0,0,0,0,0,0,0,0,0,0,0,0,0,0,0,0,0,0,0,0,0,0,0,0,0,0,0,0,0,0,0,0,0,0,0,0,0,0,0,0,0,0,0,0,0,0,0,0,0,0,0,0,0,0,0,0,0,0,0,0,0,0,0,0,0,0,0,0,0,0,0,0,0,0,0,0,0,0,0,0,0,0,0,0,0,0,0,0,0,0,0,0,0,0,0,0,0,0,0,0,0,0,0,0,0,0,0,0
0,0,0,0,0,0,0,0,0,0,0,0,0,0,0,0,0,0,0,0,0,0,0,0,0,0,0,0,0,0,0,0,0,0,0,0,0,0,0,0,0,0,0,0,0,0,0,0,0,0,0,0,0,0,0,0,0,0,0,0,0,0,0,0,0,0,0,0,0,0,0,0,0,0,0,0,0,0,0,0,0,0,0,0,0,0,0,0,0,0,0,0,0,0,0,0,0,0,0,0,0,0,0,0,0,0,0,0,0,0,0,0,0,0,0,0,0,0,0,0,0,0,0,0,0,0,0,0,0,0,0,0,0,0,0,0,0,0,0,0,0,0,0,0,0,0,0,0,0,0,0,0,0,0,0,0,0,0,0,0,0,0,0,0,0,0,0,0,0,0,0,0,0,0,0,0,0,0,0,0,0,0,0,0,0,0,0,0,0,0,0,0,0,0,0,0,0,0,0,0,0
0,0,0,0,0,0,0,0,0,0,0,0,0,0,0,0,0,0,0,0,0,0,0,0,0,0,0,0,0,0,0,0,0,0,0,0,0,0,0,0,0,0,0,0,0,0,0,0,0,0,0,0,0,0,0,0,0,0,0,0,0,0,0,0,0,0,0,0,0,0,0,0,0,0,0,0,0,0,0,0,0,0,0,0,0,0,0,0,0,0,0,0,0,0,0,0,0,0,0,0,0,0,0,0,0,0,0,0,0,0,0,0,0,0,0,0,0,0,0,0,0,0,0,0,0,0,0,0,0,0,0,0,0,0,0,0,0,0,0,0,0,0,0,0,0,0,0,0,0,0,0,0,0,0,0,0,0,0,0,0,0,0,0,0,0,0,0,0,0,0,0,0,0,0,0,0,0,0,0,0,0,0,0,0,0,0,0,0,0,0,0,0,0,0,0,0,0,0,0,0,0
0,0,0,0,0,0,0,0,0,0,0,0,0,0,0,0,0,0,0,0,0,0,0,0,0,0,0,0,0,0,0,0,0,0,0,0,0,0,0,0,0,0,0,0,0,0,0,0,0,0,0,0,0,0,0,0,0,0,0,0,0,0,0,0,0,0,0,0,0,0,0,0,0,0,0,0,0,0,0,0,0,0,0,0,0,0,0,0,0,0,0,0,0,0,0,0,0,0,0,0,0,0,0,0,0,0,0,0,0,0,0,0,0,0,0,0,0,0,0,0,0,0,0,0,0,0,0,0,0,0,0,0,0,0,0,0,0,0,0,0,0,0,0,0,0,0,0,0,0,0,0,0,0,0,0,0,0,0,0,0,0,0,0,0,0,0,0,0,0,0,0,0,0,0,0,0,0,0,0,0,0,0,0,0,0,0,0,0,0,0,0,0,0,0,0,0,0,0,0,0,0
0,0,0,0,0,0,0,0,0,0,0,0,0,0,0,0,0,0,0,0,0,0,0,0,0,0,0,0,0,0,0,0,0,0,0,0,0,0,0,0,0,0,0,0,0,0,0,0,0,0,0,0,0,0,0,0,0,0,0,0,0,0,0,0,0,0,0,0,0,0,0,0,0,0,0,0,0,0,0,0,0,0,0,0,0,0,0,0,0,0,0,0,0,0,0,0,0,0,0,0,0,0,0,0,0,0,0,0,0,0,0,0,0,0,0,0,0,0,0,0,0,0,0,0,0,0,0,0,0,0,0,0,0,0,0,0,0,0,0,0,0,0,0,0,0,0,0,0,0,0,0,0,0,0,0,0,0,0,0,0,0,0,0,0,0,0,0,0,0,0,0,0,0,0,0,0,0,0,0,0,0,0,0,0,0,0,0,0,0,0,0,0,0,0,0,0,0,0,0,0,0
0,0,0,0,0,0,0,0,0,0,0,0,0,0,0,0,0,0,0,0,0,0,0,0,0,0,0,0,0,0,0,0,0,0,0,0,0,0,0,0,0,0,0,0,0,0,0,0,0,0,0,0,0,0,0,0,0,0,0,0,0,0,0,0,0,0,0,0,0,0,0,0,0,0,0,0,0,0,0,0,0,0,0,0,0,0,0,0,0,0,0,0,0,0,0,0,0,0,0,0,0,0,0,0,0,0,0,0,0,0,0,0,0,0,0,0,0,0,0,0,0,0,0,0,0,0,0,0,0,0,0,0,0,0,0,0,0,0,0,0,0,0,0,0,0,0,0,0,0,0,0,0,0,0,0,0,0,0,0,0,0,0,0,0,0,0,0,0,0,0,0,0,0,0,0,0,0,0,0,0,0,0,0,0,0,0,0,0,0,0,0,0,0,0,0,0,0,0,0,0,0
0,0,0,0,0,0,0,0,0,0,0,0,0,0,0,0,0,0,0,0,0,0,0,0,0,0,0,0,0,0,0,0,0,0,0,0,0,0,0,0,0,0,0,0,0,0,0,0,0,0,0,0,0,0,0,0,0,0,0,0,0,0,0,0,0,0,0,0,0,0,0,0,0,0,0,0,0,0,0,0,0,0,0,0,0,0,0,0,0,0,0,0,0,0,0,0,0,0,0,0,0,0,0,0,0,0,0,0,0,0,0,0,0,0,0,0,0,0,0,0,0,0,0,0,0,0,0,0,0,0,0,0,0,0,0,0,0,0,0,0,0,0,0,0,0,0,0,0,0,0,0,0,0,0,0,0,0,0,0,0,0,0,0,0,0,0,0,0,0,0,0,0,0,0,0,0,0,0,0,0,0,0,0,0,0,0,0,0,0,0,0,0,0,0,0,0,0,0,0,0,0
0,0,0,0,0,0,0,0,0,0,0,0,0,0,0,0,0,0,0,0,0,0,0,0,0,0,0,0,0,0,0,0,0,0,0,0,0,0,0,0,0,0,0,0,0,0,0,0,0,0,0,0,0,0,0,0,0,0,0,0,0,0,0,0,0,0,0,0,0,0,0,0,0,0,0,0,0,0,0,0,0,0,0,0,0,0,0,0,0,0,0,0,0,0,0,0,0,0,0,0,0,0,0,0,0,0,0,0,0,0,0,0,0,0,0,0,0,0,0,0,0,0,0,0,0,0,0,0,0,0,0,0,0,0,0,0,0,0,0,0,0,0,0,0,0,0,0,0,0,0,0,0,0,0,0,0,0,0,0,0,0,0,0,0,0,0,0,0,0,0,0,0,0,0,0,0,0,0,0,0,0,0,0,0,0,0,0,0,0,0,0,0,0,0,0,0,0,0,0,0,0
0,0,0,0,0,0,0,0,0,0,0,0,0,0,0,0,0,0,0,0,0,0,0,0,0,0,0,0,0,0,0,0,0,0,0,0,0,0,0,0,0,0,0,0,0,0,0,0,0,0,0,0,0,0,0,0,0,0,0,0,0,0,0,0,0,0,0,0,0,0,0,0,0,0,0,0,0,0,0,0,0,0,0,0,0,0,0,0,0,0,0,0,0,0,0,0,0,0,0,0,0,0,0,0,0,0,0,0,0,0,0,0,0,0,0,0,0,0,0,0,0,0,0,0,0,0,0,0,0,0,0,0,0,0,0,0,0,0,0,0,0,0,0,0,0,0,0,0,0,0,0,0,0,0,0,0,0,0,0,0,0,0,0,0,0,0,0,0,0,0,0,0,0,0,0,0,0,0,0,0,0,0,0,0,0,0,0,0,0,0,0,0,0,0,0,0,0,0,0,0,0
0,0,0,0,0,0,0,0,0,0,0,0,0,0,0,0,0,0,0,0,0,0,0,0,0,0,0,0,0,0,0,0,0,0,0,0,0,0,0,0,0,0,0,0,0,0,0,0,0,0,0,0,0,0,0,0,0,0,0,0,0,0,0,0,0,0,0,0,0,0,0,0,0,0,0,0,0,0,0,0,0,0,0,0,0,0,0,0,0,0,0,0,0,0,0,0,0,0,0,0,0,0,0,0,0,0,0,0,0,0,0,0,0,0,0,0,0,0,0,0,0,0,0,0,0,0,0,0,0,0,0,0,0,0,0,0,0,0,0,0,0,0,0,0,0,0,0,0,0,0,0,0,0,0,0,0,0,0,0,0,0,0,0,0,0,0,0,0,0,0,0,0,0,0,0,0,0,0,0,0,0,0,0,0,0,0,0,0,0,0,0,0,0,0,0,0,0,0,0,0,0
0,0,0,0,0,0,0,0,0,0,0,0,0,0,0,0,0,0,0,0,0,0,0,0,0,0,0,0,0,0,0,0,0,0,0,0,0,0,0,0,0,0,0,0,0,0,0,0,0,0,0,0,0,0,0,0,0,0,0,0,0,0,0,0,0,0,0,0,0,0,0,0,0,0,0,0,0,0,0,0,0,0,0,0,0,0,0,0,0,0,0,0,0,0,0,0,0,0,0,0,0,0,0,0,0,0,0,0,0,0,0,0,0,0,0,0,0,0,0,0,0,0,0,0,0,0,0,0,0,0,0,0,0,0,0,0,0,0,0,0,0,0,0,0,0,0,0,0,0,0,0,0,0,0,0,0,0,0,0,0,0,0,0,0,0,0,0,0,0,0,0,0,0,0,0,0,0,0,0,0,0,0,0,0,0,0,0,0,0,0,0,0,0,0,0,0,0,0,0,0,0
0,0,0,0,0,0,0,0,0,0,0,0,0,0,0,0,0,0,0,0,0,0,0,0,0,0,0,0,0,0,0,0,0,0,0,0,0,0,0,0,0,0,0,0,0,0,0,0,0,0,0,0,0,0,0,0,0,0,0,0,0,0,0,0,0,0,0,0,0,0,0,0,0,0,0,0,0,0,0,0,0,0,0,0,0,0,0,0,0,0,0,0,0,0,0,0,0,0,0,0,0,0,0,0,0,0,0,0,0,0,0,0,0,0,0,0,0,0,0,0,0,0,0,0,0,0,0,0,0,0,0,0,0,0,0,0,0,0,0,0,0,0,0,0,0,0,0,0,0,0,0,0,0,0,0,0,0,0,0,0,0,0,0,0,0,0,0,0,0,0,0,0,0,0,0,0,0,0,0,0,0,0,0,0,0,0,0,0,0,0,0,0,0,0,0,0,0,0,0,0,0
0,0,0,0,0,0,0,0,0,0,0,0,0,0,0,0,0,0,0,0,0,0,0,0,0,0,0,0,0,0,0,0,0,0,0,0,0,0,0,0,0,0,0,0,0,0,0,0,0,0,0,0,0,0,0,0,0,0,0,0,0,0,0,0,0,0,0,0,0,0,0,0,0,0,0,0,0,0,0,0,0,0,0,0,0,0,0,0,0,0,0,0,0,0,0,0,0,0,0,0,0,0,0,0,0,0,0,0,0,0,0,0,0,0,0,0,0,0,0,0,0,0,0,0,0,0,0,0,0,0,0,0,0,0,0,0,0,0,0,0,0,0,0,0,0,0,0,0,0,0,0,0,0,0,0,0,0,0,0,0,0,0,0,0,0,0,0,0,0,0,0,0,0,0,0,0,0,0,0,0,0,0,0,0,0,0,0,0,0,0,0,0,0,0,0,0,0,0,0,0,0
0,0,0,0,0,0,0,0,0,0,0,0,0,0,0,0,0,0,0,0,0,0,0,0,0,0,0,0,0,0,0,0,0,0,0,0,0,0,0,0,0,0,0,0,0,0,0,0,0,0,0,0,0,0,0,0,0,0,0,0,0,0,0,0,0,0,0,0,0,0,0,0,0,0,0,0,0,0,0,0,0,0,0,0,0,0,0,0,0,0,0,0,0,0,0,0,0,0,0,0,0,0,0,0,0,0,0,0,0,0,0,0,0,0,0,0,0,0,0,0,0,0,0,0,0,0,0,0,0,0,0,0,0,0,0,0,0,0,0,0,0,0,0,0,0,0,0,0,0,0,0,0,0,0,0,0,0,0,0,0,0,0,0,0,0,0,0,0,0,0,0,0,0,0,0,0,0,0,0,0,0,0,0,0,0,0,0,0,0,0,0,0,0,0,0,0,0,0,0,0,0
0,0,0,0,0,0,0,0,0,0,0,0,0,0,0,0,0,0,0,0,0,0,0,0,0,0,0,0,0,0,0,0,0,0,0,0,0,0,0,0,0,0,0,0,0,0,0,0,0,0,0,0,0,0,0,0,0,0,0,0,0,0,0,0,0,0,0,0,0,0,0,0,0,0,0,0,0,0,0,0,0,0,0,0,0,0,0,0,0,0,0,0,0,0,0,0,0,0,0,0,0,0,0,0,0,0,0,0,0,0,0,0,0,0,0,0,0,0,0,0,0,0,0,0,0,0,0,0,0,0,0,0,0,0,0,0,0,0,0,0,0,0,0,0,0,0,0,0,0,0,0,0,0,0,0,0,0,0,0,0,0,0,0,0,0,0,0,0,0,0,0,0,0,0,0,0,0,0,0,0,0,0,0,0,0,0,0,0,0,0,0,0,0,0,0,0,0,0,0,0,0
0,0,0,0,0,0,0,0,0,0,0,0,0,0,0,0,0,0,0,0,0,0,0,0,0,0,0,0,0,0,0,0,0,0,0,0,0,0,0,0,0,0,0,0,0,0,0,0,0,0,0,0,0,0,0,0,0,0,0,0,0,0,0,0,0,0,0,0,0,0,0,0,0,0,0,0,0,0,0,0,0,0,0,0,0,0,0,0,0,0,0,0,0,0,0,0,0,0,0,0,0,0,0,0,0,0,0,0,0,0,0,0,0,0,0,0,0,0,0,0,0,0,0,0,0,0,0,0,0,0,0,0,0,0,0,0,0,0,0,0,0,0,0,0,0,0,0,0,0,0,0,0,0,0,0,0,0,0,0,0,0,0,0,0,0,0,0,0,0,0,0,0,0,0,0,0,0,0,0,0,0,0,0,0,0,0,0,0,0,0,0,0,0,0,0,0,0,0,0,0,0
0,0,0,0,0,0,0,0,0,0,0,0,0,0,0,0,0,0,0,0,0,0,0,0,0,0,0,0,0,0,0,0,0,0,0,0,0,0,0,0,0,0,0,0,0,0,0,0,0,0,0,0,0,0,0,0,0,0,0,0,0,0,0,0,0,0,0,0,0,0,0,0,0,0,0,0,0,0,0,0,0,0,0,0,0,0,0,0,0,0,0,0,0,0,0,0,0,0,0,0,0,0,0,0,0,0,0,0,0,0,0,0,0,0,0,0,0,0,0,0,0,0,0,0,0,0,0,0,0,0,0,0,0,0,0,0,0,0,0,0,0,0,0,0,0,0,0,0,0,0,0,0,0,0,0,0,0,0,0,0,0,0,0,0,0,0,0,0,0,0,0,0,0,0,0,0,0,0,0,0,0,0,0,0,0,0,0,0,0,0,0,0,0,0,0,0,0,0,0,0,0
0,0,0,0,0,0,0,0,0,0,0,0,0,0,0,0,0,0,0,0,0,0,0,0,0,0,0,0,0,0,0,0,0,0,0,0,0,0,0,0,0,0,0,0,0,0,0,0,0,0,0,0,0,0,0,0,0,0,0,0,0,0,0,0,0,0,0,0,0,0,0,0,0,0,0,0,0,0,0,0,0,0,0,0,0,0,0,0,0,0,0,0,0,0,0,0,0,0,0,0,0,0,0,0,0,0,0,0,0,0,0,0,0,0,0,0,0,0,0,0,0,0,0,0,0,0,0,0,0,0,0,0,0,0,0,0,0,0,0,0,0,0,0,0,0,0,0,0,0,0,0,0,0,0,0,0,0,0,0,0,0,0,0,0,0,0,0,0,0,0,0,0,0,0,0,0,0,0,0,0,0,0,0,0,0,0,0,0,0,0,0,0,0,0,0,0,0,0,0,0,0
